slot,property,value,sample_type_count,sample_types,primary_or_modification
agrochem_addition,description,Addition of fertilizers pesticides etc. - amount and time of applications,3,"other-undescribed, soil, monet-soil",primary
agrochem_addition,title,agrochemical addition,2,"other-undescribed, soil",primary
agrochem_addition,title,agrochemical additions,1,monet-soil,modification
agrochem_addition,type,string,3,"other-undescribed, soil, monet-soil",primary
air_temp_regm,description,Information about treatment involving an exposure to varying temperatures; should include the temperature treatment regimen including how many times the treatment was repeated how long each treatment lasted and the start and end time of the entire treatment; can include different temperature regimens,12,"field-deployed-terraform, other-undescribed, soil, water, aerosol, aerosol-arm, pure-culture, culture-environmental, mixed-culture, sediment, terraform, plant",primary
air_temp_regm,title,air temperature regimen,12,"field-deployed-terraform, other-undescribed, soil, water, aerosol, aerosol-arm, pure-culture, culture-environmental, mixed-culture, sediment, terraform, plant",primary
air_temp_regm,type,string,12,"field-deployed-terraform, other-undescribed, soil, water, aerosol, aerosol-arm, pure-culture, culture-environmental, mixed-culture, sediment, terraform, plant",primary
al_sat,description,Aluminum saturation (esp. For tropical soils),1,other-undescribed,primary
al_sat,description,Aluminum saturation (esp. For tropical soils) (Unit: percent),1,soil,modification
al_sat,pattern,^\d+(\.\d+)?\s*percent$,1,soil,modification
al_sat,title,aluminum saturation,2,"other-undescribed, soil",primary
al_sat,type,string,2,"other-undescribed, soil",primary
al_sat_meth,description,Reference or method used in determining Al saturation,2,"other-undescribed, soil",primary
al_sat_meth,title,aluminum saturation method,2,"other-undescribed, soil",primary
al_sat_meth,type,string,2,"other-undescribed, soil",primary
alkalinity,description,Alkalinity the ability of a solution to neutralize acids to the equivalence point of carbonate or bicarbonate,1,other-undescribed,modification
alkalinity,description,Alkalinity the ability of a solution to neutralize acids to the equivalence point of carbonate or bicarbonate (Unit: mg/L or meq/L),2,"water, sediment",primary
alkalinity,pattern,^\d+(\.\d+)?\s*(mg|meq)/L$,2,"water, sediment",primary
alkalinity,title,alkalinity,3,"other-undescribed, water, sediment",primary
alkalinity,type,string,3,"other-undescribed, water, sediment",primary
alkalinity_method,description,Method used for alkalinity measurement,3,"other-undescribed, water, sediment",primary
alkalinity_method,title,alkalinity method,3,"other-undescribed, water, sediment",primary
alkalinity_method,type,string,3,"other-undescribed, water, sediment",primary
alkyl_diethers,description,Concentration of alkyl diethers,1,other-undescribed,modification
alkyl_diethers,description,Concentration of alkyl diethers. Provide value and unit any unit is valid,2,"water, sediment",primary
alkyl_diethers,pattern,^\d+(\.\d+)?\s*[\w\s/]+$,2,"water, sediment",primary
alkyl_diethers,title,alkyl diethers,2,"other-undescribed, water",primary
alkyl_diethers,title,alkyl diethers concentration,1,sediment,modification
alkyl_diethers,type,string,3,"other-undescribed, water, sediment",primary
alt,description,Altitude is a term used to identify heights of objects such as airplanes space shuttles rockets atmospheric balloons and heights of places such as atmospheric layers and clouds. It is used to measure the height of an object which is above the earthbs surface. In this context the altitude measurement is the vertical distance between the earth's surface above sea level and the sampled position in the air,1,other-undescribed,modification
alt,description,Altitude is a term used to identify heights of objects such as airplanes space shuttles rockets atmospheric balloons and heights of places such as atmospheric layers and clouds. It is used to measure the height of an object which is above the earthbs surface. In this context the altitude measurement is the vertical distance between the earth's surface above sea level and the sampled position in the air Required units be provided as 'm' for meters.,1,aerosol-arm,modification
alt,description,Altitude is a term used to identify heights of objects such as airplanes space shuttles rockets atmospheric balloons and heights of places such as atmospheric layers and clouds. It is used to measure the height of an object which is above the earthbs surface. In this context the altitude measurement is the vertical distance between the earth's surface above sea level and the sampled position in the air. For ARM this can be a range. (Unit: m),2,"aerosol, culture-environmental",primary
alt,pattern,^\d+(\.\d+)?\s*m$,1,aerosol-arm,modification
alt,pattern,^\d+(\.\d+)?m(?:-\d+(\.\d+)?m)?$,2,"aerosol, culture-environmental",primary
alt,title,altitude,4,"other-undescribed, aerosol, aerosol-arm, culture-environmental",primary
alt,type,string,4,"other-undescribed, aerosol, aerosol-arm, culture-environmental",primary
aminopept_act,description,Measurement of aminopeptidase activity,1,other-undescribed,modification
aminopept_act,description,Measurement of aminopeptidase activity (Unit: mol/L/h,2,"water, sediment",primary
aminopept_act,pattern,^\d+(\.\d+)?\s*mol/L/h$,2,"water, sediment",primary
aminopept_act,title,aminopeptidase activity,3,"other-undescribed, water, sediment",primary
aminopept_act,type,string,3,"other-undescribed, water, sediment",primary
ammonium,description,Concentration of ammonium in the sample,1,other-undescribed,modification
ammonium,description,Concentration of ammonium in the sample. (Units: umol/L or mg/Liter or ppm,2,"water, sediment",primary
ammonium,pattern,^\d+(\.\d+)?\s*(umol/L|mg/L|ppm)$,2,"water, sediment",primary
ammonium,title,ammonium,2,"other-undescribed, water",primary
ammonium,title,ammonium concentration,1,sediment,modification
ammonium,type,string,3,"other-undescribed, water, sediment",primary
analysis_type,description,"The analyses planned for this sample. The analysis types will later be mapped to an allocated resource. This field is constrained to contain only a set of limited terms. Include all the data types. This field can have multiple values separated by a "";"".",1,other-undescribed,modification
analysis_type,description,The analyses planned for this sample. The analysis types will later be mapped to an allocated resource. This field is constrained to contain only a set of limited terms. Include all the data types. This field can have multiple values separated by a ';'.,13,"field-deployed-terraform, soil, water, aerosol, aerosol-arm, pure-culture, culture-environmental, commercially-purchased, mixed-culture, sediment, terraform, synthesized-material, plant",primary
analysis_type,enum,metabolome|proteome|lipidome|organic matter|molecular structure|chemical speciation mapping|genome|transcriptome|isotope profiling|imaging- xray|imaging- electron|imaging- ion|imaging- light|hydraulic properties|unknown,14,"field-deployed-terraform, other-undescribed, soil, water, aerosol, aerosol-arm, pure-culture, culture-environmental, commercially-purchased, mixed-culture, sediment, terraform, synthesized-material, plant",primary
analysis_type,title,analysis type,14,"field-deployed-terraform, other-undescribed, soil, water, aerosol, aerosol-arm, pure-culture, culture-environmental, commercially-purchased, mixed-culture, sediment, terraform, synthesized-material, plant",primary
analysis_type,type,string,14,"field-deployed-terraform, other-undescribed, soil, water, aerosol, aerosol-arm, pure-culture, culture-environmental, commercially-purchased, mixed-culture, sediment, terraform, synthesized-material, plant",primary
ances_data,description,Information about either pedigree or other ancestral information description,2,"other-undescribed, plant",primary
ances_data,title,ancestral data,2,"other-undescribed, plant",primary
ances_data,type,string,2,"other-undescribed, plant",primary
annual_precpt,description,The average of all annual precipitation values known or an estimated equivalent value derived by such methods as regional indexes or Isohyetal maps. (Unit: mm),7,"other-undescribed, soil, aerosol, aerosol-arm, sediment, monet-soil, plant",primary
annual_precpt,pattern,^\d+(\.\d+)?\s*mm$,7,"other-undescribed, soil, aerosol, aerosol-arm, sediment, monet-soil, plant",primary
annual_precpt,title,annual precipitation,2,"aerosol, aerosol-arm",modification
annual_precpt,title,average annual precipitation,4,"other-undescribed, soil, sediment, monet-soil",primary
annual_precpt,title,mean annual precipitation,1,plant,modification
annual_precpt,type,string,7,"other-undescribed, soil, aerosol, aerosol-arm, sediment, monet-soil, plant",primary
annual_temp,description,Mean annual temperature (Unit: C),7,"other-undescribed, soil, aerosol, aerosol-arm, sediment, monet-soil, plant",primary
annual_temp,pattern,^-?\d+(\.\d+)?\s*C$,7,"other-undescribed, soil, aerosol, aerosol-arm, sediment, monet-soil, plant",primary
annual_temp,title,annual temperature,2,"aerosol, aerosol-arm",modification
annual_temp,title,average annual temperate,1,other-undescribed,modification
annual_temp,title,average annual temperature,3,"soil, sediment, monet-soil",primary
annual_temp,title,mean annual temperature,1,plant,modification
annual_temp,type,string,7,"other-undescribed, soil, aerosol, aerosol-arm, sediment, monet-soil, plant",primary
antibiotic_regm,description,Information about treatment involving antibiotic administration; should include the name of antibiotic amount administered treatment regimen including how many times the treatment was repeated how long each treatment lasted and the start and end time of the entire treatment; can include multiple antibiotic regimens,1,other-undescribed,primary
antibiotic_regm,title,antibiotic regimen,1,other-undescribed,primary
antibiotic_regm,type,string,1,other-undescribed,primary
atmospheric_data,description,Measurement of atmospheric data; can include multiple data,1,other-undescribed,primary
atmospheric_data,description,Measurement of atmospheric data; can include multiple data. Formatted as measurement data and value (example wind speed 9 knots).,1,water,modification
atmospheric_data,title,atmospheric data,2,"other-undescribed, water",primary
atmospheric_data,type,string,2,"other-undescribed, water",primary
bac_prod,description,Bacterial production in the water column measured by isotope uptake,1,other-undescribed,primary
bac_prod,description,Bacterial production in the water column measured by isotope uptake. Provide value and unit any unit is valid.,1,water,modification
bac_prod,pattern,^\d+(\.\d+)?\s*[\w\s/]+$,1,water,modification
bac_prod,title,bacterial production,2,"other-undescribed, water",primary
bac_prod,type,string,2,"other-undescribed, water",primary
bac_resp,description,Measurement of bacterial respiration in the water column,1,other-undescribed,primary
bac_resp,description,Measurement of bacterial respiration in the water column. Provide value and unit any unit is valid.,1,water,modification
bac_resp,pattern,^\d+(\.\d+)?\s*[\w\s/]+$,1,water,modification
bac_resp,title,bacterial respiration,2,"other-undescribed, water",primary
bac_resp,type,string,2,"other-undescribed, water",primary
bacteria_carb_prod,description,Measurement of bacterial carbon production,1,other-undescribed,modification
bacteria_carb_prod,description,Measurement of bacterial carbon production. Provide value and unit any unit is valid,2,"water, sediment",primary
bacteria_carb_prod,pattern,^\d+(\.\d+)?\s*[\w\s/]+$,2,"water, sediment",primary
bacteria_carb_prod,title,bacterial carbon production,3,"other-undescribed, water, sediment",primary
bacteria_carb_prod,type,number,1,sediment,modification
bacteria_carb_prod,type,string,2,"other-undescribed, water",primary
biochem_oxygen_dem,description,a measure of the relative oxygen-depletion effect of a waste contaminant,1,other-undescribed,primary
biochem_oxygen_dem,title,biochemical oxygen demand,1,other-undescribed,primary
biochem_oxygen_dem,type,string,1,other-undescribed,primary
biol_stat,description,The level of genome modification.,2,"other-undescribed, plant",primary
biol_stat,enum,wild|natural|semi-natural|inbred line|breeder's line|hybrid|clonal selection|mutant,1,plant,primary
biol_stat,title,biological status,2,"other-undescribed, plant",primary
biol_stat,type,string,2,"other-undescribed, plant",primary
biotic_regm,description,Information about treatment(s) involving use of biotic factors such as bacteria viruses or fungi.,10,"field-deployed-terraform, other-undescribed, soil, water, pure-culture, culture-environmental, mixed-culture, sediment, terraform, plant",primary
biotic_regm,title,biotic regimen,10,"field-deployed-terraform, other-undescribed, soil, water, pure-culture, culture-environmental, mixed-culture, sediment, terraform, plant",primary
biotic_regm,type,string,10,"field-deployed-terraform, other-undescribed, soil, water, pure-culture, culture-environmental, mixed-culture, sediment, terraform, plant",primary
bishomohopanol,description,Concentration of bishomohopanol,1,other-undescribed,modification
bishomohopanol,description,Concentration of bishomohopanol. (Unit: ug/L or ug/g),2,"water, sediment",primary
bishomohopanol,pattern,^\d+(\.\d+)?\s*(ug/L|ug/g)$,2,"water, sediment",primary
bishomohopanol,title,bishomohopanol,2,"other-undescribed, water",primary
bishomohopanol,title,bishomohopanol concentration,1,sediment,modification
bishomohopanol,type,number,1,sediment,modification
bishomohopanol,type,string,2,"other-undescribed, water",primary
bromide,description,Concentration of bromide,1,other-undescribed,modification
bromide,description,Concentration of bromide (Unit: ppm),2,"water, sediment",primary
bromide,pattern,^\d+(\.\d+)?\s*ppm$,2,"water, sediment",primary
bromide,title,bromide,2,"other-undescribed, water",primary
bromide,title,bromide concentration,1,sediment,modification
bromide,type,string,3,"other-undescribed, water, sediment",primary
bulk_elect_conductivity,description,Electrical conductivity is a measure of the ability to carry electric current which is mostly dictated by the chemistry of and amount of water. (Unit: mS/cm),1,soil,modification
bulk_elect_conductivity,description,Electrical conductivity is a measure of the bulk soil ability to carry electric current which is mostly dictated by the chemistry of and amount of soil water. (Unit: mS/cm),1,other-undescribed,primary
bulk_elect_conductivity,description,Provide the bulk electrical conductivity readout from the Teros ZSC bluetooth sensor. If measurement was started and unsuccessful enter 'failed' if measurement was not attempted enter 'did not collect'. (Unit: mS/cm),1,monet-soil,modification
bulk_elect_conductivity,pattern,^\d+(\.\d+)?\s*mS/cm$,2,"other-undescribed, soil",primary
bulk_elect_conductivity,pattern,^\d+(\.\d+)?\s*mS/cm|did not collect|failed,1,monet-soil,modification
bulk_elect_conductivity,title,bulk electrical conductivity,3,"other-undescribed, soil, monet-soil",primary
bulk_elect_conductivity,type,string,3,"other-undescribed, soil, monet-soil",primary
calcium,description,Concentration of calcium in the sample,1,other-undescribed,modification
calcium,description,Concentration of calcium in the sample (Unit: mg/L or umol/L or ppm),2,"water, sediment",primary
calcium,pattern,^\d+(\.\d+)?\s*(mg/L|umol/L|ppm)$,2,"water, sediment",primary
calcium,title,calcium,2,"other-undescribed, water",primary
calcium,title,calcium concentration,1,sediment,modification
calcium,type,string,3,"other-undescribed, water, sediment",primary
carb_dioxide,description,Amount of carbon dioxide measured in the air the day of sampling. (Unit: umol/L or ppm),1,aerosol,primary
carb_dioxide,description,Amount of carbon dioxide measured in the air the day of sampling. Provided by ARM,1,other-undescribed,modification
carb_dioxide,description,Amount of carbon dioxide measured in the air the day of sampling. Provided by ARM. Provide value and unit any unit is valid,1,aerosol-arm,modification
carb_dioxide,pattern,^\d+(\.\d+)?\s*(umol/L|ppm)$,1,aerosol,primary
carb_dioxide,pattern,^\d+(\.\d+)?\s*[\w\s/]+$,1,aerosol-arm,modification
carb_dioxide,title,carbon dioxide,3,"other-undescribed, aerosol, aerosol-arm",primary
carb_dioxide,type,string,3,"other-undescribed, aerosol, aerosol-arm",primary
carb_monoxide,description,Amount of carbon monoxide measured in the air the day of sampling. (Unit: umol/L or ppm),1,aerosol,primary
carb_monoxide,description,Amount of carbon monoxide measured in the air the day of sampling. Provided by ARM,1,other-undescribed,modification
carb_monoxide,description,Amount of carbon monoxide measured in the air the day of sampling. Provided by ARM. Provide value and unit any unit is valid,1,aerosol-arm,modification
carb_monoxide,pattern,^\d+(\.\d+)?\s*(umol/L|ppm)$,1,aerosol,primary
carb_monoxide,pattern,^\d+(\.\d+)?\s*[\w\s/]+$,1,aerosol-arm,modification
carb_monoxide,title,carbon monoxide,3,"other-undescribed, aerosol, aerosol-arm",primary
carb_monoxide,type,string,3,"other-undescribed, aerosol, aerosol-arm",primary
carb_nitro_ratio,description,Ratio of amount or concentrations of carbon to nitrogen,1,other-undescribed,modification
carb_nitro_ratio,description,Ratio of amount or concentrations of carbon to nitrogen.,2,"water, sediment",primary
carb_nitro_ratio,title,carbon nitrogen ratio,2,"water, sediment",primary
carb_nitro_ratio,title,carbon nitrogen ration,1,other-undescribed,modification
carb_nitro_ratio,type,string,3,"other-undescribed, water, sediment",primary
CAS,description,A unique numerical identifier assigned by the Chemical Abstract Service (CAS) a division of the American Chemical Society to chemical compounds polymers biological sequences mixtures and alloys.,1,other-undescribed,primary
CAS,title,CAS number,1,other-undescribed,primary
CAS,type,string,1,other-undescribed,primary
cas,description,A unique numerical identifier assigned by the Chemical Abstract Service (CAS) a division of the American Chemical Society to chemical compounds polymers biological sequences mixtures and alloys.,2,"commercially-purchased, synthesized-material",primary
cas,title,CAS number,2,"commercially-purchased, synthesized-material",primary
cas,type,string,2,"commercially-purchased, synthesized-material",primary
cbi,description,Indicate if any information about the strain is considered confidential business information,1,engineered-strain,primary
cbi,enum,yes|no,1,engineered-strain,primary
cbi,title,confidential business information,1,engineered-strain,primary
cbi,type,string,1,engineered-strain,primary
chem_administration,description,List of chemical compounds administered to the host or site where sampling occurred and when (e.g. Antibiotics n fertilizer air filter); can include multiple compounds. For chemical entities of biological interest ontology (chebi) (v 163) http://purl.bioontology.org/ontology/chebi,13,"field-deployed-terraform, other-undescribed, soil, water, aerosol, aerosol-arm, pure-culture, culture-environmental, mixed-culture, sediment, terraform, monet-soil, plant",primary
chem_administration,title,chemical administration,12,"field-deployed-terraform, other-undescribed, soil, water, aerosol-arm, pure-culture, culture-environmental, mixed-culture, sediment, terraform, monet-soil, plant",primary
chem_administration,title,chemical adminstration,1,aerosol,modification
chem_administration,type,string,13,"field-deployed-terraform, other-undescribed, soil, water, aerosol, aerosol-arm, pure-culture, culture-environmental, mixed-culture, sediment, terraform, monet-soil, plant",primary
chem_mutagen,description,Treatment involving use of mutagens; should include the name of mutagen amount administered treatment regimen including how many times the treatment was repeated how long each treatment lasted and the start and end time of the entire treatment; can include multiple mutagen regimens,2,"other-undescribed, plant",primary
chem_mutagen,title,chemical mutagen,2,"other-undescribed, plant",primary
chem_mutagen,type,string,2,"other-undescribed, plant",primary
chem_oxygen_dem,description,a measure of the relative oxygen-depletion effect of a waste contaminant,1,other-undescribed,primary
chem_oxygen_dem,title,chemical oxygen deman,1,other-undescribed,primary
chem_oxygen_dem,type,string,1,other-undescribed,primary
chloride,description,Concentration of chloride in the sample,1,other-undescribed,modification
chloride,description,Concentration of chloride in the sample (Unit: mg/L or ppm),2,"water, sediment",primary
chloride,pattern,^\d+(\.\d+)?\s*(mg/L|ppm)$,2,"water, sediment",primary
chloride,title,chloride,2,"other-undescribed, water",primary
chloride,title,chloride concentration,1,sediment,modification
chloride,type,string,3,"other-undescribed, water, sediment",primary
chlorophyll,description,Concentration of chlorophyll,1,other-undescribed,modification
chlorophyll,description,Concentration of chlorophyll (Unit: mg/m3 or ug/L),2,"water, sediment",primary
chlorophyll,pattern,^\d+(\.\d+)?\s*(mg/m3|ug/L)$,2,"water, sediment",primary
chlorophyll,title,chlorophyll,2,"other-undescribed, water",primary
chlorophyll,title,chlorophyll concentration,1,sediment,modification
chlorophyll,type,string,3,"other-undescribed, water, sediment",primary
collection_date,description,The date of sampling as an instance. Format: YYYY-MM-DD. Also valid if entire collection date is unknown is just year (YYYY) or just year and month (YYYY-MM),14,"field-deployed-terraform, soil, water, aerosol, aerosol-arm, pure-culture, culture-environmental, commercially-purchased, sediment, terraform, synthesized-material, monet-soil, engineered-strain, plant",primary
collection_date,description,The date of sampling either as an instance (single point) or interval. For commercially purchased samples this will be the purchase date.,1,mixed-culture,modification
collection_date,description,The date of sampling either as an instance (single point) or interval. For commercially purchased samples this will be the purchase date. Format: YYYY-MM-DD. Also valid if entire collection date is unknown is just year (YYYY) or just year and month (YYYY-MM),1,other-undescribed,modification
collection_date,pattern,^[12]\d{3}(?:(?:-(?:0[1-9]|1[0-2]))(?:-(?:0[1-9]|[12]\d|3[01]))?)?$,16,"field-deployed-terraform, other-undescribed, soil, water, aerosol, aerosol-arm, pure-culture, culture-environmental, commercially-purchased, mixed-culture, sediment, terraform, synthesized-material, monet-soil, engineered-strain, plant",primary
collection_date,title,collection date,16,"field-deployed-terraform, other-undescribed, soil, water, aerosol, aerosol-arm, pure-culture, culture-environmental, commercially-purchased, mixed-culture, sediment, terraform, synthesized-material, monet-soil, engineered-strain, plant",primary
collection_date,type,string,16,"field-deployed-terraform, other-undescribed, soil, water, aerosol, aerosol-arm, pure-culture, culture-environmental, commercially-purchased, mixed-culture, sediment, terraform, synthesized-material, monet-soil, engineered-strain, plant",primary
collection_time,description,The time of sampling as an instance (single point). Required format: HH:MM:SS in 24-hour time format. Don't forget the second! (Unit: hh:mm:ss or HH:MM:SS),11,"field-deployed-terraform, soil, water, aerosol, aerosol-arm, pure-culture, culture-environmental, sediment, terraform, monet-soil, plant",primary
collection_time,description,The time of sampling either as an instance (single point) or interval. Time should be formatted as HH:MM:SS in 24-hour time format,2,"other-undescribed, mixed-culture",modification
collection_time,pattern,^(0[0-9]|1[0-9]|2[0-3]):([0-5][0-9]):([0-5][0-9])\s*(hh:mm:ss|HH:MM:SS)$,13,"field-deployed-terraform, other-undescribed, soil, water, aerosol, aerosol-arm, pure-culture, culture-environmental, mixed-culture, sediment, terraform, monet-soil, plant",primary
collection_time,title,collection time,13,"field-deployed-terraform, other-undescribed, soil, water, aerosol, aerosol-arm, pure-culture, culture-environmental, mixed-culture, sediment, terraform, monet-soil, plant",primary
collection_time,type,string,13,"field-deployed-terraform, other-undescribed, soil, water, aerosol, aerosol-arm, pure-culture, culture-environmental, mixed-culture, sediment, terraform, monet-soil, plant",primary
color_code,description,Color indicates the max altitude.,1,aerosol-arm,primary
color_code,enum,Red- 0-250m Profiling|Red Hashed- 0-250m Loitering|Yellow- 251-500m Profiling|Yellow Hashed- 251-500m Loitering|Green- 501-750m Profiling|Green Hashed- 501-750m Loitering|Blue- 751-1000m Profiling|Blue Hashed- 751-1000m Loitering|Purple- >=1001m Profiling|Purple Hashed- >=1001m Loitering,1,aerosol-arm,primary
color_code,title,color code,1,aerosol-arm,primary
color_code,type,string,1,aerosol-arm,primary
component_description,description,Provide a short statement describing the function of the construct component. You may provide an optional literature reference for lesser-known components.,1,engineered-strain,primary
component_description,title,construct component description,1,engineered-strain,primary
component_description,type,string,1,engineered-strain,primary
component_name,description,Provide a one-to-three word name based on the component. If using an acronym provide the full component name in the component description.,1,engineered-strain,primary
component_name,title,construct component name,1,engineered-strain,primary
component_name,type,string,1,engineered-strain,primary
compound_name,description,The name of the purchased material. A substance formed by chemical union of two or more elements or ingredients in definite proportion by weight.,3,"other-undescribed, commercially-purchased, synthesized-material",primary
compound_name,title,compound name,3,"other-undescribed, commercially-purchased, synthesized-material",primary
compound_name,type,string,3,"other-undescribed, commercially-purchased, synthesized-material",primary
conduc,description,Electrical conductivity of water,1,other-undescribed,primary
conduc,description,Electrical conductivity of water. Provide value and unit any unit is valid.,1,water,modification
conduc,pattern,^\d+(\.\d+)?\s*[\w\s/]+$,1,water,modification
conduc,title,conductivity,2,"other-undescribed, water",primary
conduc,type,string,2,"other-undescribed, water",primary
construct_component,description,Select the construct component type.,1,engineered-strain,primary
construct_component,enum,None|3'UTR|5'UTR|Enhancer|Epitope Tag|Exon|Flanking Element|Gene|Intron|Leader Sequence|Promotor|Recognition Sequence|Signal Sequence|Spacer|Targeting Sequence|Terminator|Transit Peptide|Vector Sequence,1,engineered-strain,primary
construct_component,title,construct component,1,engineered-strain,primary
construct_component,type,string,1,engineered-strain,primary
crop_rotation,description,Whether or not crop is rotated and if yes rotation schedule,3,"other-undescribed, soil, monet-soil",primary
crop_rotation,title,crop rotation,3,"other-undescribed, soil, monet-soil",primary
crop_rotation,type,string,3,"other-undescribed, soil, monet-soil",primary
cult_root_med,description,Name or reference for the hydroponic or in vitro culture rooting medium; can be the name of a commonly used medium or reference to a specific medium e.g. Murashige and Skoog medium. If the medium has not been formally published use the rooting medium descriptors.,2,"field-deployed-terraform, terraform",primary
cult_root_med,title,culture rooting medium,2,"field-deployed-terraform, terraform",primary
cult_root_med,type,string,2,"field-deployed-terraform, terraform",primary
cur_land_use,description,Present state of sample site,1,other-undescribed,modification
cur_land_use,description,Present state of sample site. This slot is NOT multivalued. Valid entries: badlands cities conifers crop trees farmstead gravel hardwoods hayland horticultural plants industrial areas intermixed marshlands meadows mines quarries mudflats oil waste pastureland permanent snow or ice rainforest rangeland roads railroads rock row crops saline seeps salt flats sand shrub crops shrub land small grains successional shrub land swamp tropical tundra vegetable crops vine crops,3,"field-deployed-terraform, soil, monet-soil",primary
cur_land_use,enum,badlands|cities|conifers|crop trees|farmstead|gravel|hardwoods|hayland|horticultural plants|industrial areas|intermixed|marshlands|meadows|mines quarries|mudflats|oil waste|pastureland|permanent snow or ice|rainforest|rangeland|roads railroads|rock|row crops|saline seeps|salt flats|sand|shrub crops|shrub land|small grains|successional shrub land|swamp|tropical|tundra|vegetable crops|vine crops,3,"field-deployed-terraform, soil, monet-soil",primary
cur_land_use,title,current land use,4,"field-deployed-terraform, other-undescribed, soil, monet-soil",primary
cur_land_use,type,string,4,"field-deployed-terraform, other-undescribed, soil, monet-soil",primary
cur_vegetation,description,Vegetation classification from one or more standard classification systems or agricultural crop,4,"field-deployed-terraform, other-undescribed, soil, monet-soil",primary
cur_vegetation,title,current vegetation,4,"field-deployed-terraform, other-undescribed, soil, monet-soil",primary
cur_vegetation,type,string,4,"field-deployed-terraform, other-undescribed, soil, monet-soil",primary
cur_vegetation_meth,description,Reference or method used in vegetation classification,4,"field-deployed-terraform, other-undescribed, soil, monet-soil",primary
cur_vegetation_meth,title,current vegetation method,4,"field-deployed-terraform, other-undescribed, soil, monet-soil",primary
cur_vegetation_meth,type,string,4,"field-deployed-terraform, other-undescribed, soil, monet-soil",primary
density,description,Density of the sample which is its mass per unit volume (aka volumetric mass density),1,other-undescribed,modification
density,description,Density of the sample which is its mass per unit volume (aka volumetric mass density) (Unit: g/m3 or g/cm3),2,"water, sediment",primary
density,pattern,^\d+(\.\d+)?\s*(g/m3|g/cm3)$,2,"water, sediment",primary
density,title,density,3,"other-undescribed, water, sediment",primary
density,type,string,3,"other-undescribed, water, sediment",primary
depth,description,The vertical distance below local surface of the water. (Units: m),1,water,modification
depth,description,The vertical distance below local surface. For sediment or soil samples depth is measured from sediment or soil surface respectively. Depth can be reported as an interval for subsurface samples. (Units: m),1,other-undescribed,modification
depth,description,The vertical distance below local surface. For sediment or soil samples depth is measured from sediment or soil surface respectively. Depth is required to be reported as an interval for subsurface samples. (Units: cm or m),1,monet-soil,modification
depth,description,The vertical distance below local surface. For sediment or soil samples depth is measured from sediment or soil surface respectively. Depth is required to be reported as an interval for subsurface samples. (Units: m),3,"field-deployed-terraform, soil, sediment",primary
depth,pattern,^\d+(\.\d+)?(-\d+(\.\d+)?)?\s*m$,2,"other-undescribed, water",modification
depth,pattern,^\d+(\.\d+)?-\d+(\.\d+)?\s*(m|cm)$,1,monet-soil,modification
depth,pattern,^\d+(\.\d+)?-\d+(\.\d+)?\s*m$,3,"field-deployed-terraform, soil, sediment",primary
depth,title,depth,6,"field-deployed-terraform, other-undescribed, soil, water, sediment, monet-soil",primary
depth,type,string,6,"field-deployed-terraform, other-undescribed, soil, water, sediment, monet-soil",primary
diether_lipids,description,Concentration of diether lipids; can include multiple types of diether lipids,1,other-undescribed,modification
diether_lipids,description,Concentration of diether lipids; can include multiple types of diether lipids (Unit: ng/L),2,"water, sediment",primary
diether_lipids,pattern,^\d+(\.\d+)?\s*ng/L$,2,"water, sediment",primary
diether_lipids,title,diether lipids,2,"other-undescribed, water",primary
diether_lipids,title,diether lipids concentration,1,sediment,modification
diether_lipids,type,string,3,"other-undescribed, water, sediment",primary
diss_carb_dioxide,description,Concentration of dissolved carbon dioxide in the sample or liquid portion of the sample,1,other-undescribed,modification
diss_carb_dioxide,description,Concentration of dissolved carbon dioxide in the sample or liquid portion of the sample (Unit: umol/L or mg/L),2,"water, sediment",primary
diss_carb_dioxide,pattern,^\d+(\.\d+)?\s*(umol|mg)/L$,2,"water, sediment",primary
diss_carb_dioxide,title,dissolved carbon dioxide,2,"other-undescribed, water",primary
diss_carb_dioxide,title,dissolved carbon dioxide concentration,1,sediment,modification
diss_carb_dioxide,type,string,3,"other-undescribed, water, sediment",primary
diss_hydrogen,description,Concentration of dissolved hydrogen,1,other-undescribed,modification
diss_hydrogen,description,Concentration of dissolved hydrogens (Unit: umol/L),2,"water, sediment",primary
diss_hydrogen,pattern,^\d+(\.\d+)?\s*umol/L$,2,"water, sediment",primary
diss_hydrogen,title,dissolved hydrogen,2,"other-undescribed, water",primary
diss_hydrogen,title,dissolved hydrogen concentration,1,sediment,modification
diss_hydrogen,type,string,3,"other-undescribed, water, sediment",primary
diss_inorg_carb,description,Dissolved inorganic carbon concentration in the sample typically measured after filtering the sample using a 0.45 micrometer filter,1,other-undescribed,modification
diss_inorg_carb,description,Dissolved inorganic carbon concentration in the sample typically measured after filtering the sample using a 0.45 micrometer filter (Unit:  ug/L or mg/L or ppm),2,"water, sediment",primary
diss_inorg_carb,pattern,^\d+(\.\d+)?\s*(ug/L|mg/L|ppm)$,2,"water, sediment",primary
diss_inorg_carb,title,dissolved inorganic carbon,2,"other-undescribed, water",primary
diss_inorg_carb,title,dissolved inorganic carbon concentration,1,sediment,modification
diss_inorg_carb,type,string,3,"other-undescribed, water, sediment",primary
diss_inorg_nitro,description,Concentration of dissolved inorganic nitrogen,1,other-undescribed,primary
diss_inorg_nitro,description,Concentration of dissolved inorganic nitrogen. (Unit: ug/L or umol/L),1,water,modification
diss_inorg_nitro,pattern,^\d+(\.\d+)?\s*(umol/L|ug/L)$,1,water,modification
diss_inorg_nitro,title,dissolved inorganic nitrogen,2,"other-undescribed, water",primary
diss_inorg_nitro,type,string,2,"other-undescribed, water",primary
diss_inorg_phosp,description,Concentration of dissolved inorganic phosphorus in the sample,1,other-undescribed,primary
diss_inorg_phosp,description,Concentration of dissolved inorganic phosphorus in the sample. Provide value and unit any unit is valid.,1,water,modification
diss_inorg_phosp,pattern,^\d+(\.\d+)?\s*[\w\s/]+$,1,water,modification
diss_inorg_phosp,title,dissolved inorganic phosphate,2,"other-undescribed, water",primary
diss_inorg_phosp,type,string,2,"other-undescribed, water",primary
diss_org_carb,description,Concentration of dissolved organic carbon in the sample liquid portion of the sample or aqueous phase of the fluid,1,other-undescribed,modification
diss_org_carb,description,Concentration of dissolved organic carbon in the sample liquid portion of the sample or aqueous phase of the fluid. (Unit:  umol/L or mg/L),2,"water, sediment",primary
diss_org_carb,pattern,^\d+(\.\d+)?\s*(umol/L|mg/L)$,2,"water, sediment",primary
diss_org_carb,title,dissolved organic carbon,2,"other-undescribed, water",primary
diss_org_carb,title,dissolved organic carbon concentration,1,sediment,modification
diss_org_carb,type,string,3,"other-undescribed, water, sediment",primary
diss_org_nitro,description,Dissolved organic nitrogen concentration measured as; total dissolved nitrogen - NH4 - NO3 - NO2,1,other-undescribed,modification
diss_org_nitro,description,Dissolved organic nitrogen concentration measured as; total dissolved nitrogen - NH4 - NO3 - NO2. Provide value and unit any unit is valid,2,"water, sediment",primary
diss_org_nitro,pattern,^\d+(\.\d+)?\s*[\w\s/]+$,2,"water, sediment",primary
diss_org_nitro,title,dissolved organic nitrogen,2,"other-undescribed, water",primary
diss_org_nitro,title,dissolved organic nitrogen concentration,1,sediment,modification
diss_org_nitro,type,string,3,"other-undescribed, water, sediment",primary
diss_oxygen,description,Concentration of dissolved oxygen,1,other-undescribed,modification
diss_oxygen,description,Concentration of dissolved oxygen. (Unit: umol/kg or mg/L),2,"water, sediment",primary
diss_oxygen,pattern,^\d+(\.\d+)?\s*(umol/kg|mg/L)$,2,"water, sediment",primary
diss_oxygen,title,dissolved oxygen,2,"other-undescribed, water",primary
diss_oxygen,title,dissolved oxygen concentration,1,sediment,modification
diss_oxygen,type,string,3,"other-undescribed, water, sediment",primary
donor_organism,description,Provide the scientific name (genus and species) of the organism from which the construct component was first described or obtained. You may enter 'synthetic' if relevant.,1,engineered-strain,primary
donor_organism,title,donor organism,1,engineered-strain,primary
donor_organism,type,string,1,engineered-strain,primary
down_par,description,Visible waveband radiance and irradiance measurements in the water column,1,other-undescribed,primary
down_par,description,Visible waveband radiance and irradiance measurements in the water column. Provide value and unit any unit is valid.,1,water,modification
down_par,pattern,^\d+(\.\d+)?\s*[\w\s/]+$,1,water,modification
down_par,title,downward PAR,2,"other-undescribed, water",primary
down_par,type,string,2,"other-undescribed, water",primary
drainage_class,description,Drainage classification from a standard system such as the USDA system,3,"other-undescribed, soil, monet-soil",primary
drainage_class,enum,Excessively_Drained|Moderately_Well|Poorly|Somewhat_Poorly|Very_Poorly|Well,2,"soil, monet-soil",primary
drainage_class,title,drainage class,3,"other-undescribed, soil, monet-soil",primary
drainage_class,type,string,3,"other-undescribed, soil, monet-soil",primary
ecoregion,description,Areas where ecosystems (and the type quality and quantity of environmental resources) are generally similar. A map of these regions can be found at https://www.neonscience.org/field-sites/about-field-sites. This field is NOT multivalued. Valid entries: Northeast Mid Atlantic Southeast Atlantic Neotropical Great Lakes Prairie Peninsula Appalachians / Cumberland Plateau Ozarks Complex Northern Plains Central Plains Southern Plains Northern Rockies Southern Rockies/ Colorado Plateau Desert Southwest Great Basin Pacific Northwest Pacific Southwest Tundra Taiga Pacific Tropical,1,monet-soil,primary
ecoregion,enum,Northeast|Mid Atlantic|Southeast|Atlantic Neotropical|Great Lakes|Prairie Peninsula|Appalachians / Cumberland Plateau|Ozarks Complex|Northern Plains|Central Plains|Southern Plains|Northern Rockies|Southern Rockies/ Colorado Plateau|Desert Southwest|Great Basin|Pacific Northwest|Pacific Southwest|Tundra|Taiga|Pacific Tropical,1,monet-soil,primary
ecoregion,title,ecoregion,1,monet-soil,primary
ecoregion,type,string,1,monet-soil,primary
efficiency_percent,description,percentage of volatile solids removed from the anaerobic digestor,1,other-undescribed,primary
efficiency_percent,title,efficiency percent,1,other-undescribed,primary
efficiency_percent,type,string,1,other-undescribed,primary
elev,description,Elevation of the sampling site is its height above a fixed reference point most commonly the mean sea level. Elevation is mainly used when referring to points on the earth's surface. (Unit: m).,10,"field-deployed-terraform, other-undescribed, soil, water, aerosol, aerosol-arm, culture-environmental, sediment, monet-soil, plant",primary
elev,pattern,^\d+(\.\d+)?\s*m$,10,"field-deployed-terraform, other-undescribed, soil, water, aerosol, aerosol-arm, culture-environmental, sediment, monet-soil, plant",primary
elev,title,elevation,10,"field-deployed-terraform, other-undescribed, soil, water, aerosol, aerosol-arm, culture-environmental, sediment, monet-soil, plant",primary
elev,type,string,10,"field-deployed-terraform, other-undescribed, soil, water, aerosol, aerosol-arm, culture-environmental, sediment, monet-soil, plant",primary
emulsions,description,amount or concentration of substances such as paints adhesives mayonnaise hair colorants emulsified oils etc.; can include multiple emulsion types,1,other-undescribed,primary
emulsions,title,emulsions,1,other-undescribed,primary
emulsions,type,string,1,other-undescribed,primary
encoded_traits,description,Should include key traits like antibiotic resistance or xenobiotic degradation phenotypes for plasmids converting genes for phage,6,"field-deployed-terraform, other-undescribed, pure-culture, culture-environmental, mixed-culture, terraform",primary
encoded_traits,title,encoded traits,6,"field-deployed-terraform, other-undescribed, pure-culture, culture-environmental, mixed-culture, terraform",primary
encoded_traits,type,string,6,"field-deployed-terraform, other-undescribed, pure-culture, culture-environmental, mixed-culture, terraform",primary
env_broad_scale,description,Report the major environmental system the sample or specimen came from. The system identified should have a coarse spatial grain to provide the general environmental context of where the sampling was done (e.g. in the desert or a rainforest). We recommend using subclasses of EnvO s biome class: http://purl.obolibrary.org/obo/ENVO_00000428. EnvO documentation about how to use the field: https://github.com/EnvironmentOntology/envo/wiki/Using-ENVO-with-MIxS,1,aerosol,modification
env_broad_scale,description,Report the major environmental system the sample or specimen came from. The system identified should have a coarse spatial grain to provide the general environmental context of where the sampling was done (e.g. in the desert or a rainforest). We recommend using subclasses of EnvO's biome class: http://purl.obolibrary.org/obo/ENVO_00000428. EnvO documentation about how to use the field: https://github.com/EnvironmentOntology/envo/wiki/Using-ENVO-with-MIxS,7,"field-deployed-terraform, soil, water, aerosol-arm, sediment, monet-soil, plant",primary
env_broad_scale,description,Report which major environmental system your sample or specimen came from. The systems identified should have a coarse spatial grain to provide the general environmental context of where the sampling was done (e.g. were you in the desert or a rainforest?). We recommend using subclasses of ENVO's biome class: http://purl.obolibrary.org/obo/ENVO_00000428.,1,other-undescribed,modification
env_broad_scale,pattern,^_*\s*[a-zA-Z\s\-]+\[ENVO:\d+\]$,1,monet-soil,modification
env_broad_scale,pattern,^_*\s*[a-zA-Z\s]+\[ENVO:\d+\]$,8,"field-deployed-terraform, other-undescribed, soil, water, aerosol, aerosol-arm, sediment, plant",primary
env_broad_scale,title,broad-scale environmental context,8,"field-deployed-terraform, other-undescribed, soil, water, aerosol-arm, sediment, monet-soil, plant",primary
env_broad_scale,title,environmental broad scale,1,aerosol,modification
env_broad_scale,type,string,9,"field-deployed-terraform, other-undescribed, soil, water, aerosol, aerosol-arm, sediment, monet-soil, plant",primary
env_local_scale,description,Report the entity which are in the sample or specimen's local vicinity and which you believe have significant causal influences on your sample or specimen. We recommend using EnvO terms which are of smaller spatial grain than your entry for env_broad_scale. Terms such as anatomical sites from other OBO Library ontologies which interoperate with EnvO (e.g. UBERON) are accepted in this field. EnvO documentation about how to use the field: https://github.com/EnvironmentOntology/envo/wiki/Using-ENVO-with-MIxS.,1,other-undescribed,modification
env_local_scale,description,Report the entity which are in your sample or specimens local vicinity and which you believe have significant causal influences on your sample or specimen. Please use terms that are present in ENVO and which are of smaller spatial grain than your entry for env_broad_scale.If needed request new terms on the ENVO tracker identified here: http://www.obofoundry.org/ontology/envo.html,8,"field-deployed-terraform, soil, water, aerosol, aerosol-arm, sediment, monet-soil, plant",primary
env_local_scale,pattern,^_*\s*[a-zA-Z\s\-]+\[ENVO:\d+\]$,1,monet-soil,modification
env_local_scale,pattern,^_*\s*[a-zA-Z\s]+\[ENVO:\d+\]$,8,"field-deployed-terraform, other-undescribed, soil, water, aerosol, aerosol-arm, sediment, plant",primary
env_local_scale,title,environmental local scale,1,aerosol,modification
env_local_scale,title,local environmental context,8,"field-deployed-terraform, other-undescribed, soil, water, aerosol-arm, sediment, monet-soil, plant",primary
env_local_scale,type,string,9,"field-deployed-terraform, other-undescribed, soil, water, aerosol, aerosol-arm, sediment, monet-soil, plant",primary
env_medium,description,Report the environmental material immediately surrounding the sample or specimen at the time of sampling. We recommend using subclasses of 'environmental material' (http://purl.obolibrary.org/obo/ENVO_00010483). EnvO documentation about how to use the field: https://github.com/EnvironmentOntology/envo/wiki/Using-ENVO-with-MIxS .,8,"field-deployed-terraform, soil, water, aerosol, aerosol-arm, sediment, monet-soil, plant",primary
env_medium,description,Report the environmental material immediately surrounding the sample or specimen at the time of sampling. We recommend using subclasses of 'environmental material' (http://purl.obolibrary.org/obo/ENVO_00010483). EnvO documentation about how to use the field: https://github.com/EnvironmentOntology/envo/wiki/Using-ENVO-with-MIxS . Terms from other OBO ontologies are permissible as long as they reference mass/volume nouns (e.g. air water blood) and not discrete countable entities (e.g. a tree a leaf a table top).,1,other-undescribed,modification
env_medium,pattern,^_*\s*[a-zA-Z\s\-]+\[ENVO:\d+\]$,1,monet-soil,modification
env_medium,pattern,^_*\s*[a-zA-Z\s]+\[ENVO:\d+\]$,8,"field-deployed-terraform, other-undescribed, soil, water, aerosol, aerosol-arm, sediment, plant",primary
env_medium,title,environmental medium,9,"field-deployed-terraform, other-undescribed, soil, water, aerosol, aerosol-arm, sediment, monet-soil, plant",primary
env_medium,type,string,9,"field-deployed-terraform, other-undescribed, soil, water, aerosol, aerosol-arm, sediment, monet-soil, plant",primary
experimental_factor,description,Experimental factors are essentially the variable aspects of an experiment design which can be used to describe an experiment or set of experiments in an increasingly detailed manner. This field accepts ontology terms from Experimental Factor Ontology (EFO) and/or Ontology for Biomedical Investigations (OBI). For a browser of EFO (v 2.95) terms please see http://purl.bioontology.org/ontology/EFO; for a browser of OBI (v 2018-02-12) terms please see http://purl.bioontology.org/ontology/OBI,12,"other-undescribed, soil, water, aerosol, aerosol-arm, pure-culture, culture-environmental, commercially-purchased, mixed-culture, sediment, synthesized-material, plant",primary
experimental_factor,title,experimental factor,12,"other-undescribed, soil, water, aerosol, aerosol-arm, pure-culture, culture-environmental, commercially-purchased, mixed-culture, sediment, synthesized-material, plant",primary
experimental_factor,type,string,12,"other-undescribed, soil, water, aerosol, aerosol-arm, pure-culture, culture-environmental, commercially-purchased, mixed-culture, sediment, synthesized-material, plant",primary
experimental_factor_other,description,Other details about your sample that you feel can't be accurately represented in the available columns.,12,"other-undescribed, soil, water, aerosol, aerosol-arm, pure-culture, culture-environmental, commercially-purchased, mixed-culture, sediment, synthesized-material, plant",primary
experimental_factor_other,title,experimental factor other,12,"other-undescribed, soil, water, aerosol, aerosol-arm, pure-culture, culture-environmental, commercially-purchased, mixed-culture, sediment, synthesized-material, plant",primary
experimental_factor_other,type,string,12,"other-undescribed, soil, water, aerosol, aerosol-arm, pure-culture, culture-environmental, commercially-purchased, mixed-culture, sediment, synthesized-material, plant",primary
extraction_method,description,"If you the user performed an extraction preparation or processing before sending the sample to EMSL what was it? This is only applicable when sending an ""analytical sample"". See README for more details on types of samples.",2,"other-undescribed, mixed-culture",modification
extraction_method,description,If you the user performed an extraction preparation or processing before sending the sample to EMSL what was it? This is only applicable when sending an 'analytical sample'. See README for more details on types of samples.,8,"soil, water, aerosol, aerosol-arm, pure-culture, culture-environmental, sediment, plant",primary
extraction_method,title,extraction method,10,"other-undescribed, soil, water, aerosol, aerosol-arm, pure-culture, culture-environmental, mixed-culture, sediment, plant",primary
extraction_method,type,string,10,"other-undescribed, soil, water, aerosol, aerosol-arm, pure-culture, culture-environmental, mixed-culture, sediment, plant",primary
extreme_event,description,Unusual physical events that may have affected microbial populations,1,other-undescribed,modification
extreme_event,description,Unusual physical events that may have affected microbial populations. Format: YYYY-MM-DD,3,"soil, sediment, monet-soil",primary
extreme_event,pattern,^[12]\d{3}(?:(?:-(?:0[1-9]|1[0-2]))(?:-(?:0[1-9]|[12]\d|3[01]))?)?$,3,"soil, sediment, monet-soil",primary
extreme_event,title,extreme event,4,"other-undescribed, soil, sediment, monet-soil",primary
extreme_event,type,string,4,"other-undescribed, soil, sediment, monet-soil",primary
fao_class,description,Soil classification from the FAO World Reference Database for Soil Resources. The list can be found at https://www.isric.org/explore/world-soil-distribution,1,monet-soil,modification
fao_class,description,Soil classification from the FAO World soil distribution from International Soil Reference and Information Centre (ISRIC). The list of available soil classifications can be found at https://www.isric.org/explore/world-soil-distribution,1,soil,primary
fao_class,enum,Acrisols|Alisols|Andosols|Anthrosols|Arenosols|Calcisols|Cambisols|Chernozems|Cryosols|Durisols|Ferralsols|Fluvisols|Gleysols|Gypsisols|Histosols|Kastanozems|Leptosols|Lixisols|Luvisols|Nitisols|Phaeozems|Planosols|Plinthosols|Podzols|Solonchaks|Solonetz|Stagnosols|Technosols|Umbrisols|Vertisols,2,"soil, monet-soil",primary
fao_class,title,FAO soil taxonomy classification,1,monet-soil,primary
fao_class,title,fao class,1,soil,modification
fao_class,type,string,2,"soil, monet-soil",primary
fertilizer_regm,description,Information about treatment involving the use of fertilizers; should include the name of fertilizer amount administered treatment regimen including how many times the treatment was repeated how long each treatment lasted and the start and end time of the entire treatment; can include multiple fertilizer regimens,2,"other-undescribed, plant",primary
fertilizer_regm,title,fertilizer regimen,2,"other-undescribed, plant",primary
fertilizer_regm,type,string,2,"other-undescribed, plant",primary
filter_method,description,Type of filter used or how the sample was filteres,5,"other-undescribed, soil, water, pure-culture, culture-environmental",primary
filter_method,title,filter method,5,"other-undescribed, soil, water, pure-culture, culture-environmental",primary
filter_method,type,string,5,"other-undescribed, soil, water, pure-culture, culture-environmental",primary
fire,description,Historical and/or physical evidence of fire,1,other-undescribed,modification
fire,description,Historical and/or physical evidence of fire. Format: YYYY-MM-DD,3,"soil, sediment, monet-soil",primary
fire,pattern,^[12]\d{3}(?:(?:-(?:0[1-9]|1[0-2]))(?:-(?:0[1-9]|[12]\d|3[01]))?)?$,3,"soil, sediment, monet-soil",primary
fire,title,fire,4,"other-undescribed, soil, sediment, monet-soil",primary
fire,type,string,4,"other-undescribed, soil, sediment, monet-soil",primary
first_blh,description,First boundary layer height candidate (meters) (Unit: m),1,aerosol-arm,primary
first_blh,title,first boundary layer height,1,aerosol-arm,primary
first_blh,type,number,1,aerosol-arm,primary
first_blh_quality_index,description,Quality index for first boundary layer height candidate (-999 if no candidate),1,aerosol-arm,primary
first_blh_quality_index,title,first boundary layer height quality,1,aerosol-arm,primary
first_blh_quality_index,type,string,1,aerosol-arm,primary
first_cbh,description,First cloud base (meters) or vertical visibility (meters) (-999 if no cloud base or vertical visibility) (Unit: m),1,aerosol-arm,primary
first_cbh,title,first cloud base height,1,aerosol-arm,primary
first_cbh,type,number,1,aerosol-arm,primary
flooding,description,Historical and/or physical evidence of flooding,1,other-undescribed,modification
flooding,description,Historical and/or physical evidence of flooding. Format: YYYY-MM-DD,3,"soil, sediment, monet-soil",primary
flooding,pattern,^[12]\d{3}(?:(?:-(?:0[1-9]|1[0-2]))(?:-(?:0[1-9]|[12]\d|3[01]))?)?$,3,"soil, sediment, monet-soil",primary
flooding,title,flooding,4,"other-undescribed, soil, sediment, monet-soil",primary
flooding,type,string,4,"other-undescribed, soil, sediment, monet-soil",primary
fluor,description,Raw or converted fluorescence of water,1,other-undescribed,primary
fluor,description,Raw or converted fluorescence of water. Provide value and unit any unit is valid.,1,water,modification
fluor,pattern,^\d+(\.\d+)?\s*[\w\s/]+$,1,water,modification
fluor,title,fluorescence,2,"other-undescribed, water",primary
fluor,type,string,2,"other-undescribed, water",primary
fungicide_regm,description,Information about treatment involving use of fungicides; should include the name of fungicide amount administered treatment regimen including how many times the treatment was repeated how long each treatment lasted and the start and end time of the entire treatment; can include multiple fungicide regimens,2,"other-undescribed, plant",primary
fungicide_regm,title,fungicide regimen,2,"other-undescribed, plant",primary
fungicide_regm,type,string,2,"other-undescribed, plant",primary
gaseous_environment,description,Use of conditions with differing gaseous environments; should include the name of gaseous compound amount administered treatment duration interval and total experimental duration; can include multiple gaseous environment regimens,10,"field-deployed-terraform, other-undescribed, soil, water, pure-culture, culture-environmental, mixed-culture, sediment, terraform, plant",primary
gaseous_environment,title,gaseous environment,10,"field-deployed-terraform, other-undescribed, soil, water, pure-culture, culture-environmental, mixed-culture, sediment, terraform, plant",primary
gaseous_environment,type,string,10,"field-deployed-terraform, other-undescribed, soil, water, pure-culture, culture-environmental, mixed-culture, sediment, terraform, plant",primary
gaseous_substances,description,amount or concentration of substances such as hydrogen sulfide carbon dioxide methane etc.; can include multiple substances,1,other-undescribed,primary
gaseous_substances,title,gaseous substances,1,other-undescribed,primary
gaseous_substances,type,string,1,other-undescribed,primary
genetic_mod,description,Genetic modifications of the genome of an organism which may occur naturally by spontaneous mutation or be introduced by some experimental means e.g. specification of a transgene or the gene knocked-out or details of transient transfection,8,"field-deployed-terraform, other-undescribed, pure-culture, culture-environmental, mixed-culture, terraform, synthesized-material, plant",primary
genetic_mod,title,genetic modification,6,"field-deployed-terraform, pure-culture, culture-environmental, mixed-culture, synthesized-material, plant",primary
genetic_mod,title,genetic modifications,2,"terraform, other-undescribed",modification
genetic_mod,type,string,8,"field-deployed-terraform, other-undescribed, pure-culture, culture-environmental, mixed-culture, terraform, synthesized-material, plant",primary
genotype_segment_category,description,Select the genotype category. A genotype is generally an expression cassett or a grouping of genetic elements or a gene edit containing a set of construct components leading to one or more intended traits. A strain may consist of multiple genotypes.,1,engineered-strain,primary
genotype_segment_category,enum,Empty Transformation Vector|Gene Knock-Out|Gene Silencer|Gene(s) of Interest|RNA Interface (RNAi)|Screenable Marker|Selectable Marker|Virus Genome|Wild Type|Recombination Site|Other,1,engineered-strain,primary
genotype_segment_category,title,genotype segment category,1,engineered-strain,primary
genotype_segment_category,type,string,1,engineered-strain,primary
genotype_segment_name,description,Provide a name that describes the genotype modification engineered relative to the reference unmodified genome. The name should describe the spatially grouped components or specific function of the modification.,1,engineered-strain,primary
genotype_segment_name,title,genotype segment name,1,engineered-strain,primary
genotype_segment_name,type,string,1,engineered-strain,primary
geo_loc_name,description,The geographical origin of the sample as defined by the country or sea name followed by specific region name and site. Formatted as [Country or sea names: region or state site],9,"field-deployed-terraform, soil, water, aerosol, aerosol-arm, culture-environmental, sediment, monet-soil, plant",primary
geo_loc_name,description,The geographical origin of the sample as defined by the country or sea name followed by specific region name. Provide the location of where the sample originated.,1,other-undescribed,modification
geo_loc_name,pattern,^([^\s-]{12}|[^\s-]+.+[^\s-]+):\s?([^\s-]{12}|[^\s-]+.+[^\s-]+)\s?([^\s-]{12}|[^\s-]+.+[^\s-]+)$,10,"field-deployed-terraform, other-undescribed, soil, water, aerosol, aerosol-arm, culture-environmental, sediment, monet-soil, plant",primary
geo_loc_name,title,geographic location name,10,"field-deployed-terraform, other-undescribed, soil, water, aerosol, aerosol-arm, culture-environmental, sediment, monet-soil, plant",primary
geo_loc_name,type,string,10,"field-deployed-terraform, other-undescribed, soil, water, aerosol, aerosol-arm, culture-environmental, sediment, monet-soil, plant",primary
glucosidase_act,description,Measurement of glucosidase activity,1,other-undescribed,modification
glucosidase_act,description,Measurement of glucosidase activity (Unit: mol/L/h),2,"water, sediment",primary
glucosidase_act,pattern,^\d+(\.\d+)?\s*mol/L/h$,2,"water, sediment",primary
glucosidase_act,title,glucosidase activity,3,"other-undescribed, water, sediment",primary
glucosidase_act,type,string,3,"other-undescribed, water, sediment",primary
gravity,description,Information about treatment involving use of gravity factor to study various types of responses in presence absence or modified levels of gravity; treatment regimen including how many times the treatment was repeated how long each treatment lasted and the start and end time of the entire treatment; can include multiple treatments,2,"other-undescribed, plant",primary
gravity,title,gravity,2,"other-undescribed, plant",primary
gravity,type,string,2,"other-undescribed, plant",primary
growth_facil,description,Type of facility or location from where the sample was collected or grown. This field is NOT multivalued. If selecting other add the `other_growth_facil` attribute to provide additional detail.,13,"field-deployed-terraform, soil, water, aerosol, aerosol-arm, pure-culture, culture-environmental, commercially-purchased, sediment, terraform, synthesized-material, monet-soil, plant",primary
growth_facil,description,Type of facility where the sample was collected or grown,2,"other-undescribed, mixed-culture",modification
growth_facil,enum,field|commercially purchased|experimental garden|field incubation|greenhouse|growth chamber|lab incubation|open top chamber|other,14,"field-deployed-terraform, other-undescribed, soil, water, aerosol, aerosol-arm, pure-culture, culture-environmental, commercially-purchased, sediment, terraform, synthesized-material, monet-soil, plant",primary
growth_facil,title,growth facility,15,"field-deployed-terraform, other-undescribed, soil, water, aerosol, aerosol-arm, pure-culture, culture-environmental, commercially-purchased, mixed-culture, sediment, terraform, synthesized-material, monet-soil, plant",primary
growth_facil,type,string,15,"field-deployed-terraform, other-undescribed, soil, water, aerosol, aerosol-arm, pure-culture, culture-environmental, commercially-purchased, mixed-culture, sediment, terraform, synthesized-material, monet-soil, plant",primary
growth_habit,description,Characteristic shape appearance or growth form of a plant species,2,"other-undescribed, plant",primary
growth_habit,enum,erect|semi-erect|spreading|prostrate,1,"plant, other-undescribed",primary
growth_habit,title,growth habit,2,"plant, other-undescribed",primary
growth_habit,type,string,2,"other-undescribed, plant",primary
growth_hormone_regm,description,Information about treatment involving use of growth hormones; should include the name of growth hormone amount administered treatment regimen including how many times the treatment was repeated how long each treatment lasted and the start and end time of the entire treatment; can include multiple growth hormone regimens,2,"other-undescribed, plant",primary
growth_hormone_regm,title,growth hormone regimen,2,"other-undescribed, plant",primary
growth_hormone_regm,type,string,2,"other-undescribed, plant",primary
growth_medium,description,Method of growth and medium/materials used. Indicate broth gel 3-D structure bioreactor etc followed by the formula recipe or components used to create the growth medium.,6,"field-deployed-terraform, other-undescribed, pure-culture, culture-environmental, mixed-culture, terraform",primary
growth_medium,title,growth medium,6,"field-deployed-terraform, other-undescribed, pure-culture, culture-environmental, mixed-culture, terraform",primary
growth_medium,type,string,6,"field-deployed-terraform, other-undescribed, pure-culture, culture-environmental, mixed-culture, terraform",primary
heavy_metals,description,Heavy metals present and concentrationsany drug used by subject and the frequency of usage; can include multiple heavy metals and concentrations,1,other-undescribed,primary
heavy_metals,description,Heavy metals present in the sample and the concentration of the metal. For multiple heavy metals and concentrations separate them by `|`. (Example: mercury0.09 micrograms per gram|lead0.05 micrograms per gram,1,soil,modification
heavy_metals,title,heavy metals,2,"other-undescribed, soil",primary
heavy_metals,type,string,2,"other-undescribed, soil",primary
heavy_metals_meth,description,Reference or method used in determining heavy metals,2,"other-undescribed, soil",primary
heavy_metals_meth,title,heavy metals method,2,"other-undescribed, soil",primary
heavy_metals_meth,type,string,2,"other-undescribed, soil",primary
herbicide_regm,description,Information about treatment involving use of herbicides; information about treatment involving use of growth hormones; should include the name of herbicide amount administered treatment regimen including how many times the treatment was repeated how long each treatment lasted and the start and end time of the entire treatment; can include multiple regimens,2,"other-undescribed, plant",primary
herbicide_regm,title,herbicide regimen,2,"other-undescribed, plant",primary
herbicide_regm,type,string,2,"other-undescribed, plant",primary
horizon_meth,description,Reference or method used in determining the horizon,1,soil,primary
horizon_meth,title,soil horizon method,1,soil,primary
horizon_meth,type,string,1,soil,primary
host_age,description,Age of host at the time of sampling; relevant scale depends on species and study e.g. Could be seconds for amoebae or centuries for trees,1,other-undescribed,modification
host_age,description,Age of host at the time of sampling; relevant scale depends on species and study e.g. Could be seconds for amoebae or centuries for trees. (Unit: a (year) or d (day) or h (hour). Do not include the additional information in ().),2,"field-deployed-terraform, terraform",primary
host_age,pattern,^\d+(\.\d+)?\s*(a|d|h)$,2,"field-deployed-terraform, terraform",primary
host_age,title,host age,3,"field-deployed-terraform, other-undescribed, terraform",primary
host_age,type,string,3,"field-deployed-terraform, other-undescribed, terraform",primary
host_common_name,description,Common name of the host,5,"field-deployed-terraform, pure-culture, culture-environmental, mixed-culture, terraform",primary
host_common_name,description,Common name of the host e.g. Human,1,other-undescribed,modification
host_common_name,title,host common name,6,"field-deployed-terraform, other-undescribed, pure-culture, culture-environmental, mixed-culture, terraform",primary
host_common_name,type,string,6,"field-deployed-terraform, other-undescribed, pure-culture, culture-environmental, mixed-culture, terraform",primary
host_disease_stat,description,List of diseases with which the host has been diagnosed; can include multiple diagnoses. The value of the field depends on host; for humans the terms should be chosen from the DO (Human Disease Ontology) at https://www.disease-ontology.org non-human host diseases are free text,1,other-undescribed,primary
host_disease_stat,title,host disease status,1,other-undescribed,primary
host_disease_stat,type,string,1,other-undescribed,primary
host_dry_mass,description,Measurement of dry mass,1,other-undescribed,modification
host_dry_mass,description,Measurement of dry mass. (Unit: kg or g),2,"field-deployed-terraform, terraform",primary
host_dry_mass,pattern,^\d+(\.\d+)?\s*(kg|g)$,2,"field-deployed-terraform, terraform",primary
host_dry_mass,title,host dry mass,3,"field-deployed-terraform, other-undescribed, terraform",primary
host_dry_mass,type,string,3,"field-deployed-terraform, other-undescribed, terraform",primary
host_genotype,description,Observed genotype,2,"field-deployed-terraform, terraform",primary
host_genotype,title,host genotype,2,"field-deployed-terraform, terraform",primary
host_genotype,type,string,2,"field-deployed-terraform, terraform",primary
host_height,description,The height of plant. (Unit: cm or mm or m),1,plant,modification
host_height,description,The height of subject,1,other-undescribed,modification
host_height,description,The height of subject. (Unit: cm or mm or m),2,"field-deployed-terraform, terraform",primary
host_height,pattern,^\d+(\.\d+)?\s*(cm|mm|m)$,3,"field-deployed-terraform, terraform, plant",primary
host_height,title,host height,4,"field-deployed-terraform, other-undescribed, terraform, plant",primary
host_height,type,string,4,"field-deployed-terraform, other-undescribed, terraform, plant",primary
host_infra_spec_name,description,Taxonomic information about the host below subspecies level,1,other-undescribed,primary
host_infra_spec_name,title,host infra-specific name,1,other-undescribed,primary
host_infra_spec_name,type,string,1,other-undescribed,primary
host_infra_spec_rank,description,Taxonomic rank information about the host below subspecies level such as variety form rank etc.,1,other-undescribed,primary
host_infra_spec_rank,title,host infra-specific rank,1,other-undescribed,primary
host_infra_spec_rank,type,string,1,other-undescribed,primary
host_length,description,The length of subject,1,other-undescribed,primary
host_length,description,The length of the plant. (Unit: cm or mm or m),1,plant,modification
host_length,pattern,^\d+(\.\d+)?\s*(cm|mm|m)$,1,plant,modification
host_length,title,host length,2,"other-undescribed, plant",primary
host_length,type,string,2,"other-undescribed, plant",primary
host_life_stage,description,Description of life stage of host,3,"field-deployed-terraform, other-undescribed, terraform",primary
host_life_stage,description,Description of life stage of the plant,1,plant,modification
host_life_stage,title,host life stage,4,"field-deployed-terraform, other-undescribed, terraform, plant",primary
host_life_stage,type,string,4,"field-deployed-terraform, other-undescribed, terraform, plant",primary
host_phenotype,description,Phenotype of human or other host. For phenotypic quality ontology (pato) (v 2018-03-27) terms please see http://purl.bioontology.org/ontology/pato. For Human Phenotype Ontology (HP) (v 2018-06-13) please see http://purl.bioontology.org/ontology/HP,1,other-undescribed,primary
host_phenotype,title,host phenotype,1,other-undescribed,primary
host_phenotype,type,string,1,other-undescribed,primary
host_spec_range,description,The NCBI taxonomy identifier of the specific host if it is known,1,other-undescribed,modification
host_spec_range,description,The range and diversity of host species that an organism is capable of infecting defined by NCBI taxonomy identifier. Format with prefix NCBITaxon:####,5,"field-deployed-terraform, pure-culture, culture-environmental, mixed-culture, terraform",primary
host_spec_range,pattern,NCBITaxon:\d+,5,"field-deployed-terraform, pure-culture, culture-environmental, mixed-culture, terraform",primary
host_spec_range,title,host specificity or range,6,"field-deployed-terraform, other-undescribed, pure-culture, culture-environmental, mixed-culture, terraform",primary
host_spec_range,type,integer,1,other-undescribed,modification
host_spec_range,type,string,5,"field-deployed-terraform, pure-culture, culture-environmental, mixed-culture, terraform",primary
host_symbiont,description,The taxonomic name of the organism(s) found living in mutualistic commensalistic or parasitic symbiosis with the specific host.,1,other-undescribed,primary
host_symbiont,title,host symbiont,1,other-undescribed,primary
host_symbiont,type,string,1,other-undescribed,primary
host_taxid,description,NCBI taxa ID,1,other-undescribed,modification
host_taxid,description,NCBI taxa ID. Format with prefix NCBITaxon:####,5,"field-deployed-terraform, pure-culture, culture-environmental, mixed-culture, terraform",primary
host_taxid,pattern,NCBITaxon:\d+,5,"field-deployed-terraform, pure-culture, culture-environmental, mixed-culture, terraform",primary
host_taxid,title,host taxonomy identifier,6,"field-deployed-terraform, other-undescribed, pure-culture, culture-environmental, mixed-culture, terraform",primary
host_taxid,type,string,6,"field-deployed-terraform, other-undescribed, pure-culture, culture-environmental, mixed-culture, terraform",primary
host_tot_mass,description,Total mass of the host at collection the unit depends on host,1,other-undescribed,modification
host_tot_mass,description,Total mass of the host at collection. (Unit: kg or g),2,"field-deployed-terraform, terraform",primary
host_tot_mass,pattern,^\d+(\.\d+)?\s*(kg|g)$,2,"field-deployed-terraform, terraform",primary
host_tot_mass,title,host total mass,3,"field-deployed-terraform, other-undescribed, terraform",primary
host_tot_mass,type,string,3,"field-deployed-terraform, other-undescribed, terraform",primary
host_wet_mass,description,Measurement of wet mass,1,other-undescribed,modification
host_wet_mass,description,Measurement of wet mass. (Unit: kg or g),2,"field-deployed-terraform, terraform",primary
host_wet_mass,pattern,^\d+(\.\d+)?\s*(kg|g)$,2,"field-deployed-terraform, terraform",primary
host_wet_mass,title,host wet mass,3,"field-deployed-terraform, other-undescribed, terraform",primary
host_wet_mass,type,string,3,"field-deployed-terraform, other-undescribed, terraform",primary
humidity,description,Amount of humidity measured in the air the day of sampling. Provide value and unit any unit is valid,1,aerosol,primary
humidity,description,Amount of humidity measured in the air the day of sampling. Provided by iMet,1,other-undescribed,modification
humidity,description,Amount of humidity measured in the air the day of sampling. Provided by iMet. Provide value and unit any unit is valid,1,aerosol-arm,modification
humidity,pattern,^\d+(\.\d+)?\s*[\w\s/]+$,2,"aerosol, aerosol-arm",modification
humidity,title,humidity,3,"other-undescribed, aerosol, aerosol-arm",primary
humidity,type,string,3,"other-undescribed, aerosol, aerosol-arm",primary
humidity_regm,description,Information about treatment involving an exposure to varying degree of humidity; information about treatment involving use of growth hormones; should include amount of humidity administered treatment regimen including how many times the treatment was repeated how long each treatment lasted and the start and end time of the entire treatment; can include multiple regimens,11,"field-deployed-terraform, other-undescribed, soil, aerosol, aerosol-arm, pure-culture, culture-environmental, mixed-culture, sediment, terraform, plant",primary
humidity_regm,title,humidity regimen,11,"field-deployed-terraform, other-undescribed, soil, aerosol, aerosol-arm, pure-culture, culture-environmental, mixed-culture, sediment, terraform, plant",primary
humidity_regm,type,string,11,"field-deployed-terraform, other-undescribed, soil, aerosol, aerosol-arm, pure-culture, culture-environmental, mixed-culture, sediment, terraform, plant",primary
indust_eff_percent,description,percentage of industrial effluents received by wastewater treatment plant,1,other-undescribed,primary
indust_eff_percent,title,industrial effluent percent,1,other-undescribed,primary
indust_eff_percent,type,string,1,other-undescribed,primary
infiltration_1,description,Amount of time it takes to accomplish the first infiltration activity. If infiltration time was started and unsuccessful enter 'failed' if infiltration time was not attempted enter 'did not collect'. Units and format of mm:ss required. (Example: 15:20 mm:ss),2,"soil, monet-soil",primary
infiltration_1,pattern,^((0[0-9]|[1-5][0-9]):([0-5][0-9])\smm:ss|did not collect|failed),1,monet-soil,modification
infiltration_1,pattern,^((0[0-9]|[1-5][0-9]):([0-5][0-9])\smm:ss|did not collect|failed)$,1,soil,primary
infiltration_1,title,first infiltration time,2,"soil, monet-soil",primary
infiltration_1,type,string,2,"soil, monet-soil",primary
infiltration_2,description,Amount of time it takes to accomplish the second infiltration activity. If infiltration time was started and unsuccessful enter 'failed' if infiltration time was not attempted enter 'did not collect'. Units and format of mm:ss required. (Example: 15:20 mm:ss),2,"soil, monet-soil",primary
infiltration_2,pattern,^((0[0-9]|[1-5][0-9]):([0-5][0-9])\smm:ss|did not collect|failed),2,"soil, monet-soil",primary
infiltration_2,title,second infiltration time,2,"soil, monet-soil",primary
infiltration_2,type,string,2,"soil, monet-soil",primary
infiltration_notes,description,Provide any details issues or context needed to understand the infiltration activity,2,"soil, monet-soil",primary
infiltration_notes,title,infiltration notes,2,"soil, monet-soil",primary
infiltration_notes,type,string,2,"soil, monet-soil",primary
initiation_date_inoculation,description,The date the sample was inoculated. This can be the date of inoculation isolation etc. If providing a sequential initiation the sample should be linked to the sample it originated from. Formatted as YYYY-MM-DD,2,"field-deployed-terraform, terraform",primary
initiation_date_inoculation,pattern,^[12]\d{3}(?:(?:-(?:0[1-9]|1[0-2]))(?:-(?:0[1-9]|[12]\d|3[01]))?)?$,2,"field-deployed-terraform, terraform",primary
initiation_date_inoculation,title,initiation date of inoculation,2,"field-deployed-terraform, terraform",primary
initiation_date_inoculation,type,string,2,"field-deployed-terraform, terraform",primary
initiation_date_plant,description,The date the plant part of the sample was initiated. This can be the date of germination or propagation. If providing a sequential initiation (propagation) the sample should be linked to the sample it originated from. Formatted as YYYY-MM-DD,2,"field-deployed-terraform, terraform",primary
initiation_date_plant,pattern,^[12]\d{3}(?:(?:-(?:0[1-9]|1[0-2]))(?:-(?:0[1-9]|[12]\d|3[01]))?)?$,2,"field-deployed-terraform, terraform",primary
initiation_date_plant,title,initiation date of plant,2,"field-deployed-terraform, terraform",primary
initiation_date_plant,type,string,2,"field-deployed-terraform, terraform",primary
inorg_particles,description,concentration of particles such as sand grit metal particles ceramics etc.; can include multiple particles,1,other-undescribed,primary
inorg_particles,title,inorganic particles,1,other-undescribed,primary
inorg_particles,type,string,1,other-undescribed,primary
isol_growth_condt,description,Publication reference in the form of pubmed ID (pmid) digital object identifier (doi) or url for isolation and growth condition specifications of the organism/material,6,"field-deployed-terraform, other-undescribed, pure-culture, culture-environmental, mixed-culture, terraform",primary
isol_growth_condt,title,isolation and growth condition,3,"field-deployed-terraform, pure-culture, mixed-culture",primary
isol_growth_condt,title,isolation and growth conditions,3,"other-undescribed, culture-environmental, terraform",modification
isol_growth_condt,type,string,6,"field-deployed-terraform, other-undescribed, pure-culture, culture-environmental, mixed-culture, terraform",primary
isotope_exposure,description,List isotope exposure or addition applied to your sample.,12,"field-deployed-terraform, other-undescribed, soil, water, aerosol, aerosol-arm, pure-culture, culture-environmental, mixed-culture, sediment, terraform, plant",primary
isotope_exposure,title,isotope exposure,12,"field-deployed-terraform, other-undescribed, soil, water, aerosol, aerosol-arm, pure-culture, culture-environmental, mixed-culture, sediment, terraform, plant",primary
isotope_exposure,type,string,12,"field-deployed-terraform, other-undescribed, soil, water, aerosol, aerosol-arm, pure-culture, culture-environmental, mixed-culture, sediment, terraform, plant",primary
item_number,description,The item number of the purchased material,3,"other-undescribed, commercially-purchased, synthesized-material",primary
item_number,title,item number,3,"other-undescribed, commercially-purchased, synthesized-material",primary
item_number,type,string,3,"other-undescribed, commercially-purchased, synthesized-material",primary
lat_lon,description,The geographical origin of the sample as defined by latitude and longitude. The values should be reported in decimal degrees and in WGS84 system.,1,other-undescribed,modification
lat_lon,description,The geographical origin of the sample as defined by latitude and longitude. The values should be reported in decimal format. Required format is decimal format with a comma separating the latitude longitude.,9,"field-deployed-terraform, soil, water, aerosol, aerosol-arm, culture-environmental, sediment, monet-soil, plant",primary
lat_lon,pattern,^[-+]?([1-8]?\d(\.\d+)?|90(\.0+)?)\s*[-+]?(180(\.0+)?|((1[0-7]\d)|([1-9]?\d))(\.\d+)?)$,10,"field-deployed-terraform, other-undescribed, soil, water, aerosol, aerosol-arm, culture-environmental, sediment, monet-soil, plant",primary
lat_lon,title,latitude longitude,10,"field-deployed-terraform, other-undescribed, soil, water, aerosol, aerosol-arm, culture-environmental, sediment, monet-soil, plant",primary
lat_lon,type,string,10,"field-deployed-terraform, other-undescribed, soil, water, aerosol, aerosol-arm, culture-environmental, sediment, monet-soil, plant",primary
light_intensity,description,Measurement of light intensity,1,other-undescribed,primary
light_intensity,description,Measurement of light intensity. Provide value and unit any unit is valid.,1,water,modification
light_intensity,pattern,^\d+(\.\d+)?\s*[\w\s/]+$,1,water,modification
light_intensity,title,light intensity,2,"other-undescribed, water",primary
light_intensity,type,string,2,"other-undescribed, water",primary
light_regm,description,Information about treatment(s) involving exposure to light including both light intensity and quality.,9,"field-deployed-terraform, other-undescribed, soil, pure-culture, culture-environmental, mixed-culture, sediment, terraform, plant",primary
light_regm,title,light regimen,9,"field-deployed-terraform, other-undescribed, soil, pure-culture, culture-environmental, mixed-culture, sediment, terraform, plant",primary
light_regm,type,string,9,"field-deployed-terraform, other-undescribed, soil, pure-culture, culture-environmental, mixed-culture, sediment, terraform, plant",primary
LIMS_ID,description,An EMSL internal LIMS identifier for your sample. This will be provided by the MPOC and should not be edited.,1,monet-soil,primary
LIMS_ID,pattern,^INGEST_SAMPLE_\d{9}$,1,monet-soil,primary
LIMS_ID,title,LIMS ID,1,monet-soil,primary
LIMS_ID,type,string,1,monet-soil,primary
link_addit_analys,description,Link to additional analysis results performed on the sample,2,"other-undescribed, soil",primary
link_addit_analys,title,additional analysis link,1,soil,modification
link_addit_analys,title,link to additional analysis,1,other-undescribed,primary
link_addit_analys,type,string,2,"other-undescribed, soil",primary
link_class_info,description,Link to digitized soil maps or other soil classification information,2,"other-undescribed, soil",primary
link_class_info,title,link to classification information,1,other-undescribed,primary
link_class_info,title,soil classification information,1,soil,modification
link_class_info,type,string,2,"other-undescribed, soil",primary
link_climate_info,description,Link to climate resource,3,"other-undescribed, soil, monet-soil",primary
link_climate_info,title,climate information link,1,soil,modification
link_climate_info,title,link to climate information,2,"other-undescribed, monet-soil",primary
link_climate_info,type,string,3,"other-undescribed, soil, monet-soil",primary
local_class,description,Soil classification based on local soil classification system,1,soil,primary
local_class,title,local soil classification,1,soil,primary
local_class,type,string,1,soil,primary
local_class_meth,description,Reference or method used in determining the local soil classification,1,soil,primary
local_class_meth,title,local soil classification method,1,soil,primary
local_class_meth,type,string,1,soil,primary
magnesium,description,Concentration of magnesium in the sample,1,other-undescribed,modification
magnesium,description,Concentration of magnesium in the sample (Unit: umol/kg or mol/L or mg/L or ppm),2,"water, sediment",primary
magnesium,pattern,^\d+(\.\d+)?\s*(umol/kg|mol/L|mg/L|ppm)$,2,"water, sediment",primary
magnesium,title,magnesium,2,"other-undescribed, water",primary
magnesium,title,magnesium concentration,1,sediment,modification
magnesium,type,string,3,"other-undescribed, water, sediment",primary
mean_frict_vel,description,Measurement of mean friction velocity,1,other-undescribed,modification
mean_frict_vel,description,Measurement of mean friction velocity (Unit: m/s),2,"water, sediment",primary
mean_frict_vel,pattern,^\d+(\.\d+)?\s*m/s$,2,"water, sediment",primary
mean_frict_vel,title,mean friction velocity,2,"water, sediment",primary
mean_frict_vel,title,mean frictional velocity,1,other-undescribed,modification
mean_frict_vel,type,string,3,"other-undescribed, water, sediment",primary
mean_peak_frict_vel,description,Measurement of mean peak friction velocity,1,other-undescribed,primary
mean_peak_frict_vel,description,Measurement of mean peak friction velocity (Unit: m/s),2,"water, sediment",modification
mean_peak_frict_vel,pattern,^\d+(\.\d+)?\s*m/s$,2,"water, sediment",primary
mean_peak_frict_vel,title,mean peak friction velocity,2,"water, sediment",primary
mean_peak_frict_vel,title,mean peak frictional velocity,1,other-undescribed,modification
mean_peak_frict_vel,type,string,3,"other-undescribed, water, sediment",primary
mean_total_cpc_concentration,description,Mean concentration obtained from Condensation Particle Counter (Unit: μm),1,aerosol-arm,primary
mean_total_cpc_concentration,title,mean total C.P.C. concentration,1,aerosol-arm,primary
mean_total_cpc_concentration,type,number,1,aerosol-arm,primary
mean_total_pops_concentration,description,Mean concentration obtained from Portable Optical Particle Spectrometer (Unit: μm),1,aerosol-arm,primary
mean_total_pops_concentration,title,mean total P.O.P. concentration,1,aerosol-arm,primary
mean_total_pops_concentration,type,number,1,aerosol-arm,primary
mechanical_damage,description,Information about any mechanical damage exerted on the plant; can include multiple damages and sites,2,"other-undescribed, plant",primary
mechanical_damage,title,mechanical damage,2,"other-undescribed, plant",primary
mechanical_damage,type,string,2,"other-undescribed, plant",primary
methane,description,Methane (gas) amount or concentration at the time of sampling,1,other-undescribed,modification
methane,description,Methane (gas) amount or concentration at the time of sampling. (Unit: umol/L or ppb or ppm),3,"aerosol, aerosol-arm, sediment",primary
methane,pattern,^\d+(\.\d+)?\s*(umol/L|ppm|ppb)$,3,"aerosol, aerosol-arm, sediment",primary
methane,title,methane,3,"other-undescribed, aerosol, aerosol-arm",primary
methane,title,methane concentration,1,sediment,modification
methane,type,string,4,"other-undescribed, aerosol, aerosol-arm, sediment",primary
method_development,description,If your samples are TEST sample ONLY please provide information on what you're hoping this test will resolve.,13,"field-deployed-terraform, other-undescribed, soil, water, aerosol, aerosol-arm, pure-culture, culture-environmental, commercially-purchased, mixed-culture, sediment, terraform, plant",primary
method_development,title,method development,13,"field-deployed-terraform, other-undescribed, soil, water, aerosol, aerosol-arm, pure-culture, culture-environmental, commercially-purchased, mixed-culture, sediment, terraform, plant",primary
method_development,type,string,13,"field-deployed-terraform, other-undescribed, soil, water, aerosol, aerosol-arm, pure-culture, culture-environmental, commercially-purchased, mixed-culture, sediment, terraform, plant",primary
micro_biomass_C_meth,description,Reference or method used in determining microbial biomass,1,other-undescribed,primary
micro_biomass_C_meth,title,microbial biomass carbon method,1,other-undescribed,primary
micro_biomass_C_meth,type,string,1,other-undescribed,primary
micro_biomass_c_meth,description,Reference or method used in determining microbial biomass,2,"soil, sediment",primary
micro_biomass_c_meth,title,microbial biomass carbon method,2,"soil, sediment",primary
micro_biomass_c_meth,type,string,2,"soil, sediment",primary
micro_biomass_N_meth,description,Reference or method used in determining microbial biomass nitrogen,1,other-undescribed,primary
micro_biomass_N_meth,title,microbial biomass nitrogen method,1,other-undescribed,primary
micro_biomass_N_meth,type,string,1,other-undescribed,primary
micro_biomass_n_meth,description,Reference or method used in determining microbial biomass nitrogen,2,"soil, sediment",primary
micro_biomass_n_meth,title,microbial biomass nitrogen method,2,"soil, sediment",primary
micro_biomass_n_meth,type,string,2,"soil, sediment",primary
microbial_biomass,description,The part of the organic matter in the soil that constitutes living microorganisms smaller than 5-10 micrometer. If you keep this you would need to have correction factors used for conversion to the final units,1,other-undescribed,primary
microbial_biomass,description,The part of the organic matter in the soil that constitutes living microorganisms smaller than 5-10 micrometer. If you keep this you would need to have correction factors used for conversion to the final units. (Unit: g/kg sediment or ug/g sediment),1,sediment,modification
microbial_biomass,description,The part of the organic matter in the soil that constitutes living microorganisms smaller than 5-10 micrometer. If you keep this you would need to have correction factors used for conversion to the final units. (Unit: g/kg soil or ug/g dry soil),1,soil,modification
microbial_biomass,pattern,^\d+(\.\d+)?\s*(g/kg sediment|ug/g sediment)$,1,sediment,modification
microbial_biomass,pattern,^\d+(\.\d+)?\s*(g/kg soil|ug/g dry soil)$,1,soil,modification
microbial_biomass,title,microbial biomass,3,"other-undescribed, soil, sediment",primary
microbial_biomass,type,string,3,"other-undescribed, soil, sediment",primary
microbial_biomass_C,description,The part of the organic matter in the soil that constitutes living microorganisms smaller than 5-10 micrometer. If you keep this you would need to have correction factors used for conversion to the final units,1,other-undescribed,primary
microbial_biomass_C,title,microbial biomass carbon,1,other-undescribed,primary
microbial_biomass_C,type,string,1,other-undescribed,primary
microbial_biomass_c,description,The part of the organic matter in the soil that constitutes living microorganisms smaller than 5-10 micrometer. If you keep this you would need to have correction factors used for conversion to the final units. Provide value and unit any unit is valid,2,"soil, sediment",primary
microbial_biomass_c,pattern,^\d+(\.\d+)?\s*[\w\s/]+$,2,"soil, sediment",primary
microbial_biomass_c,title,microbial biomass carbon,2,"soil, sediment",primary
microbial_biomass_c,type,string,2,"soil, sediment",primary
microbial_biomass_meth,description,Reference or method used in determining microbial biomass,3,"other-undescribed, soil, sediment",primary
microbial_biomass_meth,title,microbial biomass method,3,"other-undescribed, soil, sediment",primary
microbial_biomass_meth,type,string,3,"other-undescribed, soil, sediment",primary
microbial_biomass_N,description,The part of the organic matter in the soil that constitutes living microorganisms smaller than 5-10 micrometer. If you keep this you would need to have correction factors used for conversion to the final units,1,other-undescribed,primary
microbial_biomass_N,title,microbial biomass nitrogrn,1,other-undescribed,primary
microbial_biomass_N,type,string,1,other-undescribed,primary
microbial_biomass_n,description,The part of the organic matter in the soil that constitutes living microorganisms smaller than 5-10 micrometer. If you keep this you would need to have correction factors used for conversion to the final units. Provide value and unit any unit is valid,2,"soil, sediment",primary
microbial_biomass_n,pattern,^\d+(\.\d+)?\s*[\w\s/]+$,2,"soil, sediment",primary
microbial_biomass_n,title,microbial biomass nitrogen,2,"soil, sediment",primary
microbial_biomass_n,type,string,2,"soil, sediment",primary
mineral_nutr_regm,description,Information about treatment involving the use of mineral supplements; should include the name of mineral nutrient amount administered treatment regimen including how many times the treatment was repeated how long each treatment lasted and the start and end time of the entire treatment; can include multiple mineral nutrient regimens,4,"field-deployed-terraform, other-undescribed, terraform, plant",primary
mineral_nutr_regm,title,mineral nutrient regimen,4,"field-deployed-terraform, other-undescribed, terraform, plant",primary
mineral_nutr_regm,type,string,4,"field-deployed-terraform, other-undescribed, terraform, plant",primary
misc_param,description,Any other measurement performed or parameter collected that is not listed here,10,"field-deployed-terraform, other-undescribed, soil, water, aerosol, aerosol-arm, sediment, terraform, monet-soil, plant",primary
misc_param,title,miscellaneous parameter,10,"field-deployed-terraform, other-undescribed, soil, water, aerosol, aerosol-arm, sediment, terraform, monet-soil, plant",primary
misc_param,type,string,10,"field-deployed-terraform, other-undescribed, soil, water, aerosol, aerosol-arm, sediment, terraform, monet-soil, plant",primary
modification_method,description,Select the method used to insert your construct into the genome of your modified organism,1,engineered-strain,primary
modification_method,enum,Aerosol Beam Injector|Agrobacterium rhizogenes disarmed|Agrobacterium tumefaciens disarmed|Biolistic|Chemical Transformation|Cold Shock|Conjugation|Direct Injection|Direct Uptake|DNA Synthesis|Electroporation|Freeze/Thaw|Heat Shock|Mutagenesis|No Transformation|Ochrobactrum|Other|P-element|Phage Transformation|Piggybac|Polyethylene Glycol-mediated|Replicon|Whisker-mediated Transformation,1,engineered-strain,primary
modification_method,title,modification method,1,engineered-strain,primary
modification_method,type,string,1,engineered-strain,primary
n_alkanes,description,Concentration of n-alkanes; can include multiple n-alkanes,1,other-undescribed,modification
n_alkanes,description,Concentration of n-alkanes; can include multiple n-alkanes (Unit: ug/mL),2,"water, sediment",primary
n_alkanes,title,n-alkanes,2,"other-undescribed, water",primary
n_alkanes,title,normal alkane concentration,1,sediment,modification
n_alkanes,type,string,3,"other-undescribed, water, sediment",primary
neon_plot_id,description,When sampling from a NEON site provide the plot ID from which you sampled. This includes the 4 letter site code followed by the 3 digit ID (Example: DEJU_048). If you do not have your NEON site use the code SITE_999.,1,monet-soil,primary
neon_plot_id,pattern,^[A-Z]{4}_\d{3}$,1,monet-soil,primary
neon_plot_id,title,neon plot identifier,1,monet-soil,primary
neon_plot_id,type,string,1,monet-soil,primary
nitrate,description,Concentration of nitrate in the sample,1,other-undescribed,modification
nitrate,description,Concentration of nitrate in the sample (Unit: umol/L or mg/L or ppm),2,"water, sediment",primary
nitrate,pattern,^\d+(\.\d+)?\s*(umol/L|mg/L|ppm)$,2,"water, sediment",primary
nitrate,title,nitrate,2,"other-undescribed, water",primary
nitrate,title,nitrate concentration,1,sediment,modification
nitrate,type,string,3,"other-undescribed, water, sediment",primary
nitrite,description,Concentration of nitrite in the sample,1,other-undescribed,modification
nitrite,description,Concentration of nitrite in the sample (Unit: umol/L or mg/L or ppm),2,"water, sediment",primary
nitrite,pattern,^\d+(\.\d+)?\s*(umol/L|mg/L|ppm)$,2,"water, sediment",primary
nitrite,title,nitrite,2,"other-undescribed, water",primary
nitrite,title,nitrite concentration,1,sediment,modification
nitrite,type,string,3,"other-undescribed, water, sediment",primary
nitro,description,Concentration of nitrogen (total),1,other-undescribed,modification
nitro,description,Concentration of nitrogen (total) (Unit: umol/L),2,"water, sediment",primary
nitro,pattern,^\d+(\.\d+)?\s*umol/L$,2,"water, sediment",primary
nitro,title,nitrogen,2,"other-undescribed, water",primary
nitro,title,nitrogen concentration,1,sediment,modification
nitro,type,string,3,"other-undescribed, water, sediment",primary
non_microb_biomass,description,Amount of biomass; should include the name for the part of biomass measured e.g.insect plant total (Unit: µm),3,"pure-culture, culture-environmental, plant",modification
non_microb_biomass,description,Amount of biomass; should include the name for the part of biomass measured e.g.insect plant total. Can include multiple measurements separated by ;,2,"other-undescribed, mixed-culture",primary
non_microb_biomass,description,Amount of non-microbial biomass measured. Include the name for the part of biomass measured e.g.insect plant total. Provide value and unit any unit is valid. (example: insect 5mg; plant 2ug/mL),3,"soil, water, sediment",modification
non_microb_biomass,pattern,^(\S+\s+\d+\s*\S+)(;\s*\S+\s+\d+\s*\S+)*$,3,"soil, water, sediment",modification
non_microb_biomass,title,non microbial biomass,8,"other-undescribed, soil, water, pure-culture, culture-environmental, mixed-culture, sediment, plant",primary
non_microb_biomass,type,string,8,"other-undescribed, soil, water, pure-culture, culture-environmental, mixed-culture, sediment, plant",primary
non_microb_biomass_method,description,Reference or method used in determining biomass,7,"other-undescribed, soil, water, pure-culture, culture-environmental, sediment, plant",primary
non_microb_biomass_method,title,non microbial biomass method,7,"other-undescribed, soil, water, pure-culture, culture-environmental, sediment, plant",primary
non_microb_biomass_method,type,string,7,"other-undescribed, soil, water, pure-culture, culture-environmental, sediment, plant",primary
non_min_nutr_regm,description,Information about treatment involving the exposure of plant to non-mineral nutrient such as oxygen hydrogen or carbon; should include the name of non-mineral nutrient amount administered treatment regimen including how many times the treatment was repeated how long each treatment lasted and the start and end time of the entire treatment; can include multiple non-mineral nutrient regimens,4,"field-deployed-terraform, other-undescribed, terraform, plant",primary
non_min_nutr_regm,title,non mineral nutrient regimen,4,"field-deployed-terraform, other-undescribed, terraform, plant",primary
non_min_nutr_regm,type,string,4,"field-deployed-terraform, other-undescribed, terraform, plant",primary
org_carb,description,Concentration of organic carbon,1,other-undescribed,modification
org_carb,description,Concentration of organic carbon. Provide value and unit any unit is valid,2,"water, sediment",primary
org_carb,pattern,^\d+(\.\d+)?\s*[\w\s/]+$,2,"water, sediment",primary
org_carb,title,organic carbon,2,"other-undescribed, water",primary
org_carb,title,organic carbon concentration,1,sediment,modification
org_carb,type,string,3,"other-undescribed, water, sediment",primary
org_matter,description,Concentration of organic matter,1,other-undescribed,modification
org_matter,description,Concentration of organic matter (Unit: mg/L),2,"water, sediment",primary
org_matter,pattern,^\d+(\.\d+)?\s*mg/L$,2,"water, sediment",primary
org_matter,title,organic matter,1,other-undescribed,primary
org_matter,title,organic matter concentration,1,sediment,modification
org_matter,type,string,3,"other-undescribed, water, sediment",primary
org_nitro,description,Concentration of organic nitrogen,1,other-undescribed,modification
org_nitro,description,Concentration of organic nitrogen. Provide value and unit any unit is valid,2,"water, sediment",primary
org_nitro,pattern,^\d+(\.\d+)?\s*[\w\s/]+$,2,"water, sediment",primary
org_nitro,title,organic nitrogen,2,"other-undescribed, water",primary
org_nitro,title,organic nitrogen concentration,1,sediment,modification
org_nitro,type,string,3,"other-undescribed, water, sediment",primary
org_nitro_method,description,Method used for obtaining organic nitrogen,3,"other-undescribed, water, sediment",primary
org_nitro_method,title,organic nitrogen method,3,"other-undescribed, water, sediment",primary
org_nitro_method,type,string,3,"other-undescribed, water, sediment",primary
org_particles,description,concentration of particles such as faeces hairs food vomit paper fibers plant material humus etc.,1,other-undescribed,primary
org_particles,title,organic particles,1,other-undescribed,primary
org_particles,type,string,1,other-undescribed,primary
organism_count,description,Total cell count of any organism (or group of organisms) per gram volume or area of sample should include name of organism followed by count. The method that was used for the enumeration (e.g. qPCR atp mpn etc.) Should also be provided. (example: total prokaryotes; 3.5e7 cells per ml; qpcr),1,other-undescribed,primary
organism_count,title,organism count,1,other-undescribed,primary
organism_count,type,string,1,other-undescribed,primary
organism_name,description,Provide the scientific name (genus and species) of the host organism.,1,engineered-strain,primary
organism_name,title,organism name,1,engineered-strain,primary
organism_name,type,string,1,engineered-strain,primary
other,description,Other details about your sample that you feel can't be accurately represented in the available columns.,5,"other-undescribed, aerosol, aerosol-arm, sediment, monet-soil",modification
other,description,Other/additional details about your sample that you feel can't be accurately represented in ANY of the available columns.,11,"field-deployed-terraform, soil, water, pure-culture, culture-environmental, commercially-purchased, mixed-culture, terraform, synthesized-material, engineered-strain, plant",primary
other,title,other,16,"field-deployed-terraform, other-undescribed, soil, water, aerosol, aerosol-arm, pure-culture, culture-environmental, commercially-purchased, mixed-culture, sediment, terraform, synthesized-material, monet-soil, engineered-strain, plant",primary
other,type,string,16,"field-deployed-terraform, other-undescribed, soil, water, aerosol, aerosol-arm, pure-culture, culture-environmental, commercially-purchased, mixed-culture, sediment, terraform, synthesized-material, monet-soil, engineered-strain, plant",primary
other_growth_facil,description,Please specify if other,13,"field-deployed-terraform, soil, water, aerosol, aerosol-arm, pure-culture, culture-environmental, commercially-purchased, sediment, terraform, synthesized-material, monet-soil, plant",primary
other_growth_facil,title,growth facility other,13,"field-deployed-terraform, soil, water, aerosol, aerosol-arm, pure-culture, culture-environmental, commercially-purchased, sediment, terraform, synthesized-material, monet-soil, plant",primary
other_growth_facil,type,string,13,"field-deployed-terraform, soil, water, aerosol, aerosol-arm, pure-culture, culture-environmental, commercially-purchased, sediment, terraform, synthesized-material, monet-soil, plant",primary
other_samp_store_temp,description,Please specify if 'other',15,"field-deployed-terraform, soil, water, aerosol, aerosol-arm, pure-culture, culture-environmental, commercially-purchased, mixed-culture, sediment, terraform, synthesized-material, monet-soil, engineered-strain, plant",primary
other_samp_store_temp,title,other sample storage temperature,1,commercially-purchased,modification
other_samp_store_temp,title,sample storage temperature other,13,"field-deployed-terraform, soil, water, aerosol, aerosol-arm, pure-culture, culture-environmental, mixed-culture, terraform, synthesized-material, monet-soil, engineered-strain, plant",primary
other_samp_store_temp,title,sample storage tempetature other,1,sediment,modification
other_samp_store_temp,type,string,15,"field-deployed-terraform, soil, water, aerosol, aerosol-arm, pure-culture, culture-environmental, commercially-purchased, mixed-culture, sediment, terraform, synthesized-material, monet-soil, engineered-strain, plant",primary
other_storage_condt,description,Please specify if 'other',4,"aerosol, aerosol-arm, sediment, monet-soil",modification
other_storage_condt,description,Please specify your storage conditions if 'other' and the available values are not appropriate,11,"field-deployed-terraform, soil, water, pure-culture, culture-environmental, commercially-purchased, mixed-culture, terraform, synthesized-material, engineered-strain, plant",primary
other_storage_condt,title,other storage conditions,1,commercially-purchased,modification
other_storage_condt,title,storage condition other,14,"field-deployed-terraform, soil, water, aerosol, aerosol-arm, pure-culture, culture-environmental, mixed-culture, sediment, terraform, synthesized-material, monet-soil, engineered-strain, plant",primary
other_storage_condt,type,string,15,"field-deployed-terraform, soil, water, aerosol, aerosol-arm, pure-culture, culture-environmental, commercially-purchased, mixed-culture, sediment, terraform, synthesized-material, monet-soil, engineered-strain, plant",primary
other_treatment,description,"If a treatment is applied to your samples and the provided ""treatment"" terms do not satisfy please add it here. Multiple treatments can be entered here separated by ;",2,"other-undescribed, mixed-culture",modification
other_treatment,description,Many sample treatment descriptor columns are available. If a treatment is applied to your samples and the provided treatment terms do not satisfy please add it here. Multiple treatments can be entered here separated by ;,12,"field-deployed-terraform, soil, water, aerosol, aerosol-arm, pure-culture, culture-environmental, commercially-purchased, sediment, terraform, monet-soil, plant",primary
other_treatment,title,other treatment,14,"field-deployed-terraform, other-undescribed, soil, water, aerosol, aerosol-arm, pure-culture, culture-environmental, commercially-purchased, mixed-culture, sediment, terraform, monet-soil, plant",primary
other_treatment,type,string,14,"field-deployed-terraform, other-undescribed, soil, water, aerosol, aerosol-arm, pure-culture, culture-environmental, commercially-purchased, mixed-culture, sediment, terraform, monet-soil, plant",primary
oxygen,description,Amount of oxygen measured in the air the day of sampling. (Unit: mg/L or ppm),1,aerosol,primary
oxygen,description,Amount of oxygen measured in the air the day of sampling. Provided by ARM,1,other-undescribed,modification
oxygen,pattern,^\d+(\.\d+)?\s*(mg/L|ppm)$,1,aerosol,modification
oxygen,title,oxygen,2,"other-undescribed, aerosol",primary
oxygen,type,string,2,"other-undescribed, aerosol",primary
oxygen_relationship,description,Oxygenation status of sample,11,"field-deployed-terraform, other-undescribed, soil, water, pure-culture, culture-environmental, commercially-purchased, mixed-culture, sediment, terraform, synthesized-material",primary
oxygen_relationship,enum,aerobic|anaerobic|anoxic|facultative|microaerophilic|microanaerobe|obligate aerobe|obligate anaerobe,3,"soil, water, sediment",primary
oxygen_relationship,title,oxygen relationship,11,"field-deployed-terraform, other-undescribed, soil, water, pure-culture, culture-environmental, commercially-purchased, mixed-culture, sediment, terraform, synthesized-material",primary
oxygen_relationship,type,string,11,"field-deployed-terraform, other-undescribed, soil, water, pure-culture, culture-environmental, commercially-purchased, mixed-culture, sediment, terraform, synthesized-material",primary
part_org_carb,description,Concentration of particulate organic carbon,1,other-undescribed,modification
part_org_carb,description,Concentration of particulate organic carbon. Provide value and unit any unit is valid.,2,"water, sediment",primary
part_org_carb,pattern,^\d+(\.\d+)?\s*[\w\s/]+$,2,"water, sediment",primary
part_org_carb,title,particulate organic carbon,2,"other-undescribed, water",primary
part_org_carb,title,particulate organic carbon concentration,1,sediment,modification
part_org_carb,type,string,3,"other-undescribed, water, sediment",primary
part_org_nitro,description,Concentration of particulate organic nitrogen,1,other-undescribed,primary
part_org_nitro,description,Concentration of particulate organic nitrogen. (Unit: ug/L or umol/L),1,water,modification
part_org_nitro,pattern,^\d+(\.\d+)?\s*(umol/L|ug/L)$,1,water,modification
part_org_nitro,title,particulate organic nitrogen,2,"other-undescribed, water",primary
part_org_nitro,type,string,2,"other-undescribed, water",primary
particle_class,description,Particles are classified based on their size into six general categories: clay silt sand gravel cobbles and boulders. Include amount of particle with units preceded by the name of the particle type; can include multiple values separated by ';'.,1,sediment,primary
particle_class,description,Particles are classified based on their size into six general categories:clay silt sand gravel cobbles and boulders; should include amount of particle preceded by the name of the particle type; can include multiple values,1,other-undescribed,modification
particle_class,title,particle class,2,"other-undescribed, sediment",primary
particle_class,type,string,2,"other-undescribed, sediment",primary
pathogenicity,description,To what is the entity pathogenic,4,"other-undescribed, pure-culture, culture-environmental, mixed-culture",primary
pathogenicity,title,known pathogenicity,1,culture-environmental,modification
pathogenicity,title,pathogenicity,3,"other-undescribed, pure-culture, mixed-culture",primary
pathogenicity,type,string,4,"other-undescribed, pure-culture, culture-environmental, mixed-culture",primary
perturbation,description,Type of perturbation e.g. chemical administration physical disturbance etc. coupled with perturbation regimen including how many times the perturbation was repeated how long each perturbation lasted and the start and end time of the entire perturbation period; can include multiple perturbation types,4,"other-undescribed, soil, water, sediment",primary
perturbation,title,perturbation,4,"other-undescribed, soil, water, sediment",primary
perturbation,type,string,4,"other-undescribed, soil, water, sediment",primary
pesticide_regm,description,Information about treatment involving use of insecticides; should include the name of pesticide amount administered treatment regimen including how many times the treatment was repeated how long each treatment lasted and the start and end time of the entire treatment; can include multiple pesticide regimens,2,"other-undescribed, plant",primary
pesticide_regm,title,pesticide regimen,2,"other-undescribed, plant",primary
pesticide_regm,type,string,2,"other-undescribed, plant",primary
petroleum_hydrocarb,description,Concentration of petroleum hydrocarbon,1,other-undescribed,modification
petroleum_hydrocarb,description,Concentration of petroleum hydrocarbon (Unit: umol/L),2,"water, sediment",primary
petroleum_hydrocarb,pattern,^\d+(\.\d+)?\s*umol/L$,2,"water, sediment",primary
petroleum_hydrocarb,title,petroleum hydrocarbon,2,"other-undescribed, water",primary
petroleum_hydrocarb,title,petroleum hydrocarbon concentration,1,sediment,modification
petroleum_hydrocarb,type,string,3,"other-undescribed, water, sediment",primary
ph,description,pH measurement of the sample or liquid portion of sample or aqueous phase of the fluid,3,"other-undescribed, water, sediment",primary
ph,description,pH measurement of the sample or liquid portion of sample or aqueous phase of the fluid.,1,soil,modification
ph,title,pH,2,"other-undescribed, water",primary
ph,title,ph,2,"soil, sediment",modification
ph,type,number,4,"other-undescribed, soil, water, sediment",primary
ph_meth,description,Reference or method used in determining ph,4,"other-undescribed, soil, water, sediment",primary
ph_meth,title,pH method,2,"other-undescribed, water",primary
ph_meth,title,ph method,2,"soil, sediment",modification
ph_meth,type,string,4,"other-undescribed, soil, water, sediment",primary
ph_regm,description,Information about treatment involving exposure of plants to varying levels of ph of the growth media treatment regimen including how many times the treatment was repeated how long each treatment lasted and the start and end time of the entire treatment; can include multiple regimen,2,"other-undescribed, plant",primary
ph_regm,title,pH regimen,2,"other-undescribed, plant",primary
ph_regm,type,string,2,"other-undescribed, plant",primary
phaeopigments,description,Concentration of phaeopigments; can include multiple phaeopigments,1,other-undescribed,modification
phaeopigments,description,Concentration of phaeopigments; can include multiple phaeopigments separated by a `;` (Unit: mg/cm3),2,"water, sediment",primary
phaeopigments,pattern,^\d+(\.\d+)?\s*mg/cm3(;\s*\d+(\.\d+)?\s*mg/cm3)*$,2,"water, sediment",primary
phaeopigments,title,phaeopigments,2,"other-undescribed, water",primary
phaeopigments,title,phaeopigments concentration,1,sediment,modification
phaeopigments,type,string,3,"other-undescribed, water, sediment",primary
phenotype,description,Provide the intended phenotype of the modified organism.,1,engineered-strain,primary
phenotype,title,phenotype,1,engineered-strain,primary
phenotype,type,string,1,engineered-strain,primary
phosphate,description,Concentration of phosphate,1,other-undescribed,modification
phosphate,description,Concentration of phosphate (Unit: umol/L),2,"water, sediment",primary
phosphate,pattern,^\d+(\.\d+)?\s*umol/L$,2,"water, sediment",primary
phosphate,title,phosphate,2,"other-undescribed, water",primary
phosphate,title,phosphate concentration,1,sediment,modification
phosphate,type,string,3,"other-undescribed, water, sediment",primary
phosplipid_fatt_acid,description,Concentration of phospholipid fatty acids; can include multiple values,1,other-undescribed,modification
phosplipid_fatt_acid,description,Concentration of phospholipid fatty acids; can include multiple values separated by `;`. Provide the phospholipid fatty acids followed by the measurement value ({phospholipid fatty acid name}{value} {unit}),2,"water, sediment",primary
phosplipid_fatt_acid,title,phospholipid fatty acid,2,"other-undescribed, water",primary
phosplipid_fatt_acid,title,phospholipid fatty acid concentration,1,sediment,modification
phosplipid_fatt_acid,type,string,3,"other-undescribed, water, sediment",primary
photochemical_exposure,description,This term is used to describe a chemical reaction caused by absorption of ultraviolet (wavelength from 100 to 400 nm) uv visible light (400–750 nm) or infrared radiation (750–2500 nm),3,"other-undescribed, aerosol, aerosol-arm",primary
photochemical_exposure,enum,ultraviolet|uv visible light|infrared,2,"aerosol, aerosol-arm",primary
photochemical_exposure,title,photochemical exposure,3,"other-undescribed, aerosol, aerosol-arm",primary
photochemical_exposure,type,string,3,"other-undescribed, aerosol, aerosol-arm",primary
photon_flux,description,Measurement of photon flux,1,other-undescribed,primary
photon_flux,description,Measurement of photon flux. Provide value and unit any unit is valid.,1,water,modification
photon_flux,pattern,^\d+(\.\d+)?\s*[\w\s/]+$,1,water,modification
photon_flux,title,photon flux,2,"other-undescribed, water",primary
photon_flux,type,string,2,"other-undescribed, water",primary
plant_age,description,Age of plant at the time of sampling. Must provide unit,1,plant,primary
plant_age,pattern,^\d+(\.\d+)?\s*\w+$,1,plant,primary
plant_age,title,plant age,1,plant,primary
plant_age,type,string,1,plant,primary
plant_common_name,description,Common name of the plant.,1,plant,primary
plant_common_name,title,plant common name,1,plant,primary
plant_common_name,type,string,1,plant,primary
plant_disease_stat,description,List of diseases with which the plant has been diagnosed; can include multiple diagnoses. The value of the field depends on host; for humans the terms should be chosen from the DO (Human Disease Ontology) at https://www.disease-ontology.org non-human host diseases are free text,1,plant,primary
plant_disease_stat,title,plant disease status,1,plant,primary
plant_disease_stat,type,string,1,plant,primary
plant_dry_mass,description,Measurement of dry mass. (Unit: kg or g),1,plant,primary
plant_dry_mass,pattern,^\d+(\.\d+)?\s*(kg|g)$,1,plant,primary
plant_dry_mass,title,plant dry mass,1,plant,primary
plant_dry_mass,type,string,1,plant,primary
plant_genotype,description,Observed genotype of the plant,1,plant,primary
plant_genotype,title,plant genotype,1,plant,primary
plant_genotype,type,string,1,plant,primary
plant_growth_med,description,Specification of the media for growing the plants or tissue cultured samples e.g. soil aeroponic hydroponic in vitro solid culture medium in vitro liquid culture medium.,2,"field-deployed-terraform, terraform",primary
plant_growth_med,description,Specification of the media for growing the plants or tissue cultured samples. Value is required to be a subclass from `plant growth medium exposure [PECO:0007147]`,1,plant,modification
plant_growth_med,pattern,^_*\s*[a-zA-Z\s]+\[PECO:\d+\]$,1,plant,primary
plant_growth_med,title,plant growth medium,3,"field-deployed-terraform, terraform, plant",primary
plant_growth_med,type,string,3,"field-deployed-terraform, terraform, plant",primary
plant_product,description,Substance produced by the plant where the sample was obtained from,2,"field-deployed-terraform, terraform",primary
plant_product,title,plant product,2,"field-deployed-terraform, terraform",primary
plant_product,type,string,2,"field-deployed-terraform, terraform",primary
plant_sex,description,Sex of the reproductive parts on the whole plant,1,plant,modification
plant_sex,description,Sex of the reproductive parts on the whole plant.,2,"field-deployed-terraform, terraform",primary
plant_sex,enum,Androdioecious|Androecious|Androgynomonoecious|Androgynous|Andromonoecious|Bisexual|Dichogamous|Diclinous|Dioecious|Gynodioecious|Gynoecious|Gynomonoecious|Hermaphroditic|Imperfect|Monoclinous|Monoecious|Perfect|Polygamodioecious|Polygamomonoecious|Polygamous|Protandrous|Protogynous|Subandroecious|Subdioecious|Subgynoecious|Synoecious|Trimonoecious|Trioecious|Unisexual,1,plant,modification
plant_sex,enum,Androdioecious|Androecious|Androgynomonoecious|Andromonoecious|Bisexual|Dichogamous|Diclinous|Dioecious|Gynodioecious|Gynoecious|Gynomonoecious|Hermaphroditic|Imperfect|Monoclinous|Monoecious|Perfect|Polygamodioecious|Polygamomonoecious|Polygamous|Protandrous|Protogynous|Subandroecious|Subdioecious|Subgynoecious|Synoecious|Trimonoecious|Trioecious|Unisexual,2,"field-deployed-terraform, terraform",primary
plant_sex,title,plant sex,3,"field-deployed-terraform, terraform, plant",primary
plant_sex,type,string,3,"field-deployed-terraform, terraform, plant",primary
plant_struc,description,Name of plant structure the sample was obtained from; for Plant Ontology (PO) (v releases/2017-12-14) terms see http://purl.bioontology.org/ontology/PO e.g. petiole epidermis (PO_0000051). If an individual flower is sampled the sex of it can be recorded here.,2,"field-deployed-terraform, terraform",primary
plant_struc,description,The plant strucutre that was sampled.,1,plant,modification
plant_struc,enum,seed|stem|leaf|root|fine roots|whole plant|rhizodeposits,1,plant,modification
plant_struc,enum,stem [PO:0009047]|leaf [PO:0025034]|root [PO:0009005]|fine root [BTO:0005194]|whole plant [BTO:0001461]|stamen [PO:0009029]|carpel [PO:0009030]|seed [PO:0009010],2,"field-deployed-terraform, terraform",primary
plant_struc,title,plant structure,3,"field-deployed-terraform, terraform, plant",primary
plant_struc,type,string,3,"field-deployed-terraform, terraform, plant",primary
plant_taxid,description,NCBI taxa ID of the plant from https://www.ncbi.nlm.nih.gov/taxonomy,1,plant,primary
plant_taxid,title,plant taxonomy identifier,1,plant,primary
plant_taxid,type,string,1,plant,primary
plant_wet_mass,description,Measurement of wet mass. (Unit: kg or g),1,plant,primary
plant_wet_mass,pattern,^\d+(\.\d+)?\s*(kg|g)$,1,plant,primary
plant_wet_mass,title,plant wet mass,1,plant,primary
plant_wet_mass,type,string,1,plant,primary
porosity,description,Porosity of deposited sediment is volume of voids divided by the total volume of sample,1,other-undescribed,primary
porosity,description,Porosity of deposited sediment is volume of voids divided by the total volume of sample (Unit: percent),1,sediment,modification
porosity,pattern,^\d+(\.\d+)?\s*percent$,1,sediment,modification
porosity,title,porosity,2,"other-undescribed, sediment",primary
porosity,type,string,2,"other-undescribed, sediment",primary
potassium,description,Concentration of potassium in the sample,1,other-undescribed,modification
potassium,description,Concentration of potassium in the sample (Unit: mg/L),2,"water, sediment",primary
potassium,pattern,^\d+(\.\d+)?\s*(mg/L|ppm)$,2,"water, sediment",primary
potassium,title,potassium,2,"other-undescribed, water",primary
potassium,title,potassium concentration,1,sediment,modification
potassium,type,string,3,"other-undescribed, water, sediment",primary
pre_treatment,description,the process of pre-treatment removes materials that can be easily collected from the raw wastewater,1,other-undescribed,primary
pre_treatment,title,pre-treatment,1,other-undescribed,primary
pre_treatment,type,string,1,other-undescribed,primary
pressure,description,Pressure to which the sample is subject to in atmospheres,1,other-undescribed,modification
pressure,description,Pressure to which the sample is subject to in atmospheres (Unit: atm),4,"field-deployed-terraform, water, sediment, terraform",primary
pressure,pattern,^\d+(\.\d+)?\s*atm$,4,"field-deployed-terraform, water, sediment, terraform",primary
pressure,title,pressure,5,"field-deployed-terraform, other-undescribed, water, sediment, terraform",primary
pressure,type,string,5,"field-deployed-terraform, other-undescribed, water, sediment, terraform",primary
pressure_control,description,Measurment of pressure applied to the sample during experimentation,1,other-undescribed,modification
pressure_control,description,Measurment of pressure applied to the sample during experimentation (Unit: Pa),2,"aerosol, aerosol-arm",primary
pressure_control,pattern,^\d+(\.\d+)?\s*Pa$,2,"aerosol, aerosol-arm",primary
pressure_control,title,pressure control,3,"other-undescribed, aerosol, aerosol-arm",primary
pressure_control,type,string,3,"other-undescribed, aerosol, aerosol-arm",primary
previous_land_use,description,Previous land use and dates,3,"other-undescribed, soil, monet-soil",primary
previous_land_use,title,previous land use,3,"other-undescribed, soil, monet-soil",primary
previous_land_use,type,string,3,"other-undescribed, soil, monet-soil",primary
previous_land_use_meth,description,Reference or method used in determining previous land use and dates,3,"other-undescribed, soil, monet-soil",primary
previous_land_use_meth,title,previous land use method,3,"other-undescribed, soil, monet-soil",primary
previous_land_use_meth,type,string,3,"other-undescribed, soil, monet-soil",primary
primary_prod,description,Measurement of primary production generally measured as isotope uptake,1,other-undescribed,primary
primary_prod,description,Measurement of primary production generally measured as isotope uptake. Provide value and unit any unit is valid.,1,water,modification
primary_prod,pattern,^\d+(\.\d+)?\s*[\w\s/]+$,1,water,modification
primary_prod,title,primary production,2,"other-undescribed, water",primary
primary_prod,type,string,2,"other-undescribed, water",primary
primary_treatment,description,the process to produce both a generally homogeneous liquid capable of being treated biologically and a sludge that can be separately treated or processed,1,other-undescribed,primary
primary_treatment,title,primary treatment,1,other-undescribed,primary
primary_treatment,type,string,1,other-undescribed,primary
priority_order,description,Indicate the run order priority of your samples,3,"other-undescribed, aerosol, aerosol-arm",primary
priority_order,title,priority order,3,"other-undescribed, aerosol, aerosol-arm",primary
priority_order,type,number,1,aerosol-arm,modification
priority_order,type,string,2,"other-undescribed, aerosol",primary
product_name,description,Provide the name of the product used to create the synthetic material.,1,synthesized-material,primary
product_name,title,product name,1,synthesized-material,primary
product_name,type,string,1,synthesized-material,primary
production_method,description,A DOI or description of how the compound was produced if the commercially purchased material was altered,3,"other-undescribed, commercially-purchased, synthesized-material",primary
production_method,title,production method,3,"other-undescribed, commercially-purchased, synthesized-material",primary
production_method,type,string,3,"other-undescribed, commercially-purchased, synthesized-material",primary
profile_position,description,Cross-sectional position in the hillslope where sample was collected. Sample area position in relation to surrounding areas,2,"other-undescribed, soil",primary
profile_position,enum,Backslope|Footslope|Shoulder|Summit|Toeslope,1,soil,primary
profile_position,title,profile position,2,"other-undescribed, soil",primary
profile_position,type,string,2,"other-undescribed, soil",primary
propagation,description,This field is specific to different taxa. For phages: lytic/lysogenic for plasmids: incompatibility group for eukaryotes: sexual/asexual (Note: there is the strong opinion to name phage propagation obligately lytic or temperate therefore we also give this choice,1,other-undescribed,modification
propagation,description,This field is specific to different taxa. For phages: lytic/lysogenic for plasmids: incompatibility group for eukaryotes: sexual/asexual.,5,"field-deployed-terraform, pure-culture, culture-environmental, mixed-culture, terraform",primary
propagation,title,propagation,4,"other-undescribed, pure-culture, culture-environmental, mixed-culture",primary
propagation,title,propogation,2,"field-deployed-terraform, terraform",modification
propagation,type,string,6,"field-deployed-terraform, other-undescribed, pure-culture, culture-environmental, mixed-culture, terraform",primary
radiation_regm,description,Information about treatment involving exposure of plant or a plant part to a particular radiation regimen; should include the radiation type amount or intensity administered treatment regimen including how many times the treatment was repeated how long each treatment lasted and the start and end time of the entire treatment; can include multiple radiation regimens,1,other-undescribed,primary
radiation_regm,title,radiation regimen,1,other-undescribed,primary
radiation_regm,type,string,1,other-undescribed,primary
rainfall_regm,description,Information about treatment involving an exposure to a given amount of rainfall treatment regimen including how many times the treatment was repeated how long each treatment lasted and the start and end time of the entire treatment; can include multiple regimens,2,"other-undescribed, plant",primary
rainfall_regm,title,rainfall regimen,2,"other-undescribed, plant",primary
rainfall_regm,type,string,2,"other-undescribed, plant",primary
reactor_type,description,anaerobic digesters can be designed and engineered to operate using a number of different process configurations as batch or continuous mesophilic high solid or low solid and single stage or multistage,1,other-undescribed,primary
reactor_type,title,reactor type,1,other-undescribed,primary
reactor_type,type,string,1,other-undescribed,primary
redox_potential,description,Redox potential measured relative to a hydrogen cell indicating oxidation or reduction potential,1,other-undescribed,modification
redox_potential,description,Redox potential measured relative to a hydrogen cell indicating oxidation or reduction potential (Unit: mV),4,"field-deployed-terraform, water, sediment, terraform",primary
redox_potential,pattern,^\d+(\.\d+)?\s*mV$,4,"field-deployed-terraform, water, sediment, terraform",primary
redox_potential,title,redox potential,5,"field-deployed-terraform, other-undescribed, water, sediment, terraform",primary
redox_potential,type,string,5,"field-deployed-terraform, other-undescribed, water, sediment, terraform",primary
ref_biomaterial,description,Primary publication for the biomaterial/sample,1,mixed-culture,modification
ref_biomaterial,description,Primary publication if isolated before genome publication; otherwise primary genome report.,5,"field-deployed-terraform, other-undescribed, pure-culture, culture-environmental, terraform",primary
ref_biomaterial,title,reference for biomaterial,6,"field-deployed-terraform, other-undescribed, pure-culture, culture-environmental, mixed-culture, terraform",primary
ref_biomaterial,type,string,6,"field-deployed-terraform, other-undescribed, pure-culture, culture-environmental, mixed-culture, terraform",primary
replicate_number,description,If samples are biological replicates indicate the replicate number here.,14,"field-deployed-terraform, other-undescribed, soil, water, aerosol, aerosol-arm, pure-culture, culture-environmental, commercially-purchased, mixed-culture, sediment, terraform, synthesized-material, plant",primary
replicate_number,title,replicate number,14,"field-deployed-terraform, other-undescribed, soil, water, aerosol, aerosol-arm, pure-culture, culture-environmental, commercially-purchased, mixed-culture, sediment, terraform, synthesized-material, plant",primary
replicate_number,type,integer,14,"field-deployed-terraform, other-undescribed, soil, water, aerosol, aerosol-arm, pure-culture, culture-environmental, commercially-purchased, mixed-culture, sediment, terraform, synthesized-material, plant",primary
root_cond,description,Relevant rooting conditions such as field plot size sowing density container dimensions number of plants per container.,3,"field-deployed-terraform, terraform, plant",primary
root_cond,title,rooting conditions,3,"field-deployed-terraform, terraform, plant",primary
root_cond,type,string,3,"field-deployed-terraform, terraform, plant",primary
root_med_carbon,description,Source of organic carbon in the culture rooting medium. Provide as {carbon source} {value}{unit}. Can be multivalued separated by ;. Preferred unitl mg/L.,1,plant,modification
root_med_carbon,description,Source of organic carbon in the culture rooting medium. Provide the carbon source amount and unit. Formatted as source amount unit. Separated by ; for multiple carbon sources.,2,"field-deployed-terraform, terraform",primary
root_med_carbon,title,rooting medium carbon,3,"field-deployed-terraform, terraform, plant",primary
root_med_carbon,type,string,3,"field-deployed-terraform, terraform, plant",primary
root_med_macronutr,description,Measurement of the culture rooting medium macronutrients (N P K Ca Mg S); e.g. KH2PO4170 mg/L).,2,"field-deployed-terraform, terraform",primary
root_med_macronutr,description,Measurement of the culture rooting medium macronutrients (NP K Ca Mg S). Can be multivalued separated by ;. e.g. KH2PO4 170 mg/L,1,plant,modification
root_med_macronutr,title,rooting medium macronutrients,3,"field-deployed-terraform, terraform, plant",primary
root_med_macronutr,type,string,3,"field-deployed-terraform, terraform, plant",primary
root_med_micronutr,description,Measurement of the culture rooting medium micronutrients (Fe Mn Zn B Cu Mo). Can be multivalued separated by ;. e.g. H3BO3 6.2 mg/L,1,plant,modification
root_med_micronutr,description,Measurement of the culture rooting medium micronutrients (Fe Mn Zn B Cu Mo); e.g. H3BO3 (6.2 mg/L).,2,"field-deployed-terraform, terraform",primary
root_med_micronutr,title,rooting medium micronutrients,3,"field-deployed-terraform, terraform, plant",primary
root_med_micronutr,type,string,3,"field-deployed-terraform, terraform, plant",primary
root_med_ph,description,pH measurement of the culture rooting medium.,1,plant,primary
root_med_ph,title,rooting medium pH,1,plant,primary
root_med_ph,type,number,1,plant,primary
root_med_regl,description,Growth regulators in the culture rooting medium such as cytokinins auxins gybberellins abscisic acid. Can be multivalued separated by ;. e.g. Naphthaleneacetic Acid 0.5 mg/L,1,plant,primary
root_med_regl,title,rooting medium regulators,1,plant,primary
root_med_regl,type,string,1,plant,primary
root_med_solid,description,Specification of the solidifying agent in the culture rooting medium.,1,plant,primary
root_med_solid,title,rooting medium solidifier,1,plant,primary
root_med_solid,type,string,1,plant,primary
root_med_suppl,description,Organic supplements of the culture rooting medium such as vitamins amino acids organic acids antibiotics activated charcoal. Can be multivalued separated by ;. e.g. nicotinic acid 0.5 mg/L,1,plant,primary
root_med_suppl,title,rooting medium organic supplement,1,plant,primary
root_med_suppl,type,string,1,plant,primary
salinity,description,Salinity is the total concentration of all dissolved salts in a sample. While salinity can be measured by a complete chemical analysis this method is difficult and time consuming. More often it is instead derived from the conductivity measurement. This is known as practical salinity. These derivations compare the specific conductance of the sample to a salinity standard such as seawater (Unit: practical salinity unit or percent),2,"soil, plant",modification
salinity,description,Salinity is the total concentration of all dissolved salts in a water sample. While salinity can be measured by a complete chemical analysis this method is difficult and time consuming. More often it is instead derived from the conductivity measurement. This is known as practical salinity. These derivations compare the specific conductance of the sample to a salinity standard such as seawater,1,other-undescribed,primary
salinity,description,Salinity is the total concentration of all dissolved salts in sample. While salinity can be measured by a complete chemical analysis this method is difficult and time consuming. More often it is instead derived from the conductivity measurement. This is known as practical salinity. These derivations compare the specific conductance of the sample to a salinity standard such as seawater (Unit: practical salinity unit or percent),2,"water, sediment",modification
salinity,pattern,^\d+(\.\d+)?\s*(practical salinity unit|percent)$,4,"soil, water, sediment, plant",modification
salinity,title,salinity,4,"other-undescribed, soil, water, plant",primary
salinity,title,salinity concentration,1,sediment,modification
salinity,type,string,5,"other-undescribed, soil, water, sediment, plant",primary
salinity_method,description,Method used to determine sample salinity,5,"other-undescribed, soil, water, sediment, plant",primary
salinity_method,title,salinity method,5,"other-undescribed, soil, water, sediment, plant",primary
salinity_method,type,string,5,"other-undescribed, soil, water, sediment, plant",primary
salt_regm,description,Information about treatment involving use of salts as supplement to liquid and soil growth media; should include the name of salt amount administered treatment regimen including how many times the treatment was repeated how long each treatment lasted and the start and end time of the entire treatment; can include multiple salt regimens,4,"field-deployed-terraform, other-undescribed, terraform, plant",primary
salt_regm,title,salt regimen,4,"field-deployed-terraform, other-undescribed, terraform, plant",primary
salt_regm,type,string,4,"field-deployed-terraform, other-undescribed, terraform, plant",primary
samp_biotic_relationship,description,Description of relationship(s) between the subject organism and other organism(s) it is associated with. E.g. parasite on species X; mutualist with species Y. The target organism is the subject of the relationship and the other organism(s) is the object,7,"field-deployed-terraform, other-undescribed, soil, pure-culture, culture-environmental, mixed-culture, terraform",primary
samp_biotic_relationship,description,Description of relationship(s) between the subject organism and other organism(s) it is associated with. The target organism is the subject of the relationship and the other organism(s) is the object,1,sediment,modification
samp_biotic_relationship,enum,free_living|parasite|commensal|symbiont,7,"field-deployed-terraform, soil, pure-culture, culture-environmental, mixed-culture, sediment, terraform",primary
samp_biotic_relationship,title,sample biotic relationship,8,"field-deployed-terraform, other-undescribed, soil, pure-culture, culture-environmental, mixed-culture, sediment, terraform",primary
samp_biotic_relationship,type,string,8,"field-deployed-terraform, other-undescribed, soil, pure-culture, culture-environmental, mixed-culture, sediment, terraform",primary
samp_capt_status,description,Reason for the sample,1,other-undescribed,primary
samp_capt_status,title,sample capture status,1,other-undescribed,primary
samp_capt_status,type,string,1,other-undescribed,primary
samp_dis_stage,description,Stage of the disease at the time of sample collection e.g. inoculation penetration infection growth and reproduction dissemination of pathogen.,1,other-undescribed,primary
samp_dis_stage,title,sample disease stage,1,other-undescribed,primary
samp_dis_stage,type,string,1,other-undescribed,primary
samp_store_temp,description,Details what temperature samples should be stored at,1,mixed-culture,modification
samp_store_temp,description,The temperature at which your samples should be stored upon arrival. This field is NOT multivalued. If selecting other add the `other_samp_store_temp` attribute to provide additional detail.,15,"field-deployed-terraform, other-undescribed, soil, water, aerosol, aerosol-arm, pure-culture, culture-environmental, commercially-purchased, sediment, terraform, synthesized-material, monet-soil, engineered-strain, plant",primary
samp_store_temp,enum,4 C|room temperature|-20 C|-80 C|other,16,"field-deployed-terraform, other-undescribed, soil, water, aerosol, aerosol-arm, pure-culture, culture-environmental, commercially-purchased, mixed-culture, sediment, terraform, synthesized-material, monet-soil, engineered-strain, plant",primary
samp_store_temp,title,sample storage temperature,16,"field-deployed-terraform, other-undescribed, soil, water, aerosol, aerosol-arm, pure-culture, culture-environmental, commercially-purchased, mixed-culture, sediment, terraform, synthesized-material, monet-soil, engineered-strain, plant",primary
samp_store_temp,type,string,16,"field-deployed-terraform, other-undescribed, soil, water, aerosol, aerosol-arm, pure-culture, culture-environmental, commercially-purchased, mixed-culture, sediment, terraform, synthesized-material, monet-soil, engineered-strain, plant",primary
sample_collected,description,This referes to the TOTAL amount of sample collected from the experiment. NOT the amount sent to EMSL or collected for a specific analysis. (Unit: cores),1,monet-soil,modification
sample_collected,description,This referes to the TOTAL amount of sample collected from the experiment. NOT the amount sent to EMSL or collected for a specific analysis. Provide value and unit any unit is valid,13,"field-deployed-terraform, other-undescribed, soil, water, aerosol, aerosol-arm, pure-culture, culture-environmental, commercially-purchased, sediment, terraform, synthesized-material, plant",primary
sample_collected,description,This refers to the TOTAL amount of sample collected from the experiment. NOT the amount sent to EMSL or collected for a specific analysis.,1,mixed-culture,modification
sample_collected,pattern,^\d+(\.\d+)?\s*[\w\s/]+$,13,"field-deployed-terraform, other-undescribed, soil, water, aerosol, aerosol-arm, pure-culture, culture-environmental, commercially-purchased, sediment, terraform, synthesized-material, plant",primary
sample_collected,pattern,^\d+(\.\d+)?\s*cores$,1,monet-soil,modification
sample_collected,title,sample collected,15,"field-deployed-terraform, other-undescribed, soil, water, aerosol, aerosol-arm, pure-culture, culture-environmental, commercially-purchased, mixed-culture, sediment, terraform, synthesized-material, monet-soil, plant",primary
sample_collected,type,string,15,"field-deployed-terraform, other-undescribed, soil, water, aerosol, aerosol-arm, pure-culture, culture-environmental, commercially-purchased, mixed-culture, sediment, terraform, synthesized-material, monet-soil, plant",primary
sample_collection_dev,description,The device used to collect an environmental sample. Include dimensions of device if applicable,13,"other-undescribed, soil, water, aerosol, aerosol-arm, pure-culture, culture-environmental, commercially-purchased, mixed-culture, sediment, synthesized-material, monet-soil, plant",primary
sample_collection_dev,title,sample collection device,12,"soil, water, aerosol, aerosol-arm, pure-culture, culture-environmental, commercially-purchased, mixed-culture, sediment, synthesized-material, monet-soil, plant",primary
sample_collection_dev,title,sample collection devive,1,other-undescribed,modification
sample_collection_dev,type,string,13,"other-undescribed, soil, water, aerosol, aerosol-arm, pure-culture, culture-environmental, commercially-purchased, mixed-culture, sediment, synthesized-material, monet-soil, plant",primary
sample_collection_method,description,The method employed for collecting the sample. This can be a citation or description,3,"other-undescribed, mixed-culture, sediment",modification
sample_collection_method,description,The method used to collect an environmental sample,7,"field-deployed-terraform, soil, water, pure-culture, culture-environmental, terraform, plant",primary
sample_collection_method,title,sample collection method,10,"field-deployed-terraform, other-undescribed, soil, water, pure-culture, culture-environmental, mixed-culture, sediment, terraform, plant",primary
sample_collection_method,type,string,10,"field-deployed-terraform, other-undescribed, soil, water, pure-culture, culture-environmental, mixed-culture, sediment, terraform, plant",primary
sample_end_time,description,Time of when the sample collection ends. Required format: HH:MM:SS in 24-hour time format. Don't forget the seconds! (Unit: hh:mm:ss or HH:MM:SS),1,aerosol-arm,primary
sample_end_time,pattern,^[12]\d{3}(?:(?:-(?:0[1-9]|1[0-2]))(?:-(?:0[1-9]|[12]\d|3[01]))?)?$,1,aerosol-arm,primary
sample_end_time,title,sample end time,1,aerosol-arm,primary
sample_end_time,type,string,1,aerosol-arm,primary
sample_link,description,A unique identifier to assign parent-child subsample or sibling samples. This is relevant when a sample or other material was used to generate the new sample. This field allows multiple entries separated by ; (Examples: Soil collected from the field will link with the soil used in an incubation. The soil a plant was grown in links to the plant sample. An original culture sample was transferred to a new vial and generated a new sample),14,"field-deployed-terraform, other-undescribed, soil, water, aerosol, aerosol-arm, pure-culture, culture-environmental, commercially-purchased, mixed-culture, sediment, terraform, synthesized-material, plant",primary
sample_link,title,sample link,14,"field-deployed-terraform, other-undescribed, soil, water, aerosol, aerosol-arm, pure-culture, culture-environmental, commercially-purchased, mixed-culture, sediment, terraform, synthesized-material, plant",primary
sample_link,type,string,14,"field-deployed-terraform, other-undescribed, soil, water, aerosol, aerosol-arm, pure-culture, culture-environmental, commercially-purchased, mixed-culture, sediment, terraform, synthesized-material, plant",primary
sample_name,description,ID that is present on the shipped sample. Human readable.,6,"other-undescribed, aerosol, aerosol-arm, mixed-culture, sediment, monet-soil",modification
sample_name,description,The name or label that is present on the shipped sample. This should be a human readable name.,10,"field-deployed-terraform, soil, water, pure-culture, culture-environmental, commercially-purchased, terraform, synthesized-material, engineered-strain, plant",primary
sample_name,title,sample name,16,"field-deployed-terraform, other-undescribed, soil, water, aerosol, aerosol-arm, pure-culture, culture-environmental, commercially-purchased, mixed-culture, sediment, terraform, synthesized-material, monet-soil, engineered-strain, plant",primary
sample_name,type,string,16,"field-deployed-terraform, other-undescribed, soil, water, aerosol, aerosol-arm, pure-culture, culture-environmental, commercially-purchased, mixed-culture, sediment, terraform, synthesized-material, monet-soil, engineered-strain, plant",primary
sample_processing,description,A brief description of any processing applied to the sample during or after retrieving the sample from environment or a link to the relevant protocol(s) performed.,13,"field-deployed-terraform, other-undescribed, soil, aerosol, aerosol-arm, pure-culture, culture-environmental, commercially-purchased, mixed-culture, sediment, terraform, synthesized-material, plant",primary
sample_processing,title,sample processing,13,"field-deployed-terraform, other-undescribed, soil, aerosol, aerosol-arm, pure-culture, culture-environmental, commercially-purchased, mixed-culture, sediment, terraform, synthesized-material, plant",primary
sample_processing,type,string,13,"field-deployed-terraform, other-undescribed, soil, aerosol, aerosol-arm, pure-culture, culture-environmental, commercially-purchased, mixed-culture, sediment, terraform, synthesized-material, plant",primary
sample_start_time,description,Time of when the sample collection starts. Required format: HH:MM:SS in 24-hour time format. Don't forget the seconds! (Unit: hh:mm:ss or HH:MM:SS),1,aerosol-arm,primary
sample_start_time,pattern,^(0[0-9]|1[0-9]|2[0-3]):([0-5][0-9]):([0-5][0-9])\s*(hh:mm:ss|HH:MM:SS)$,1,aerosol-arm,primary
sample_start_time,title,sample start time,1,aerosol-arm,primary
sample_start_time,type,string,1,aerosol-arm,primary
sample_type,description,"Requires a standardized ontology term to describe what your sample is. Please search for your sample type via Ontology Lookup Sevice at https://www.ebi.ac.uk/ols4/ ",1,other-undescribed,primary
sample_type,pattern,^_*\s*[a-zA-Z\-]+\s\[[a-zA-Z]+:\d+\]$,1,other-undescribed,primary
sample_type,title,sample type,1,other-undescribed,primary
sample_type,type,string,1,other-undescribed,primary
sampling_duration,description,The difference between sample start and sample end time,1,other-undescribed,modification
sampling_duration,description,The difference between sample start and sample end time in seconds. (Unit: s),2,"aerosol, aerosol-arm",primary
sampling_duration,pattern,^\d+(\.\d+)?\s*s$,2,"aerosol, aerosol-arm",primary
sampling_duration,title,sampling duration,3,"other-undescribed, aerosol, aerosol-arm",primary
sampling_duration,type,string,3,"other-undescribed, aerosol, aerosol-arm",primary
sampling_set,description,A sequential number to indicate soil cores collect together and to be processed together,1,monet-soil,primary
sampling_set,title,sampling set,1,monet-soil,primary
sampling_set,type,integer,1,monet-soil,primary
season_environment,description,Treatment involving an exposure to a particular season (e.g. Winter summer rabi rainy etc.) treatment regimen including how many times the treatment was repeated how long each treatment lasted and the start and end time of the entire treatment,1,other-undescribed,primary
season_environment,title,season environment,1,other-undescribed,primary
season_environment,type,string,1,other-undescribed,primary
season_precpt,description,The average of all seasonal precipitation values known or an estimated equivalent value derived by such methods as regional indexes or Isohyetal maps. (Unit: mm),5,"other-undescribed, soil, sediment, monet-soil, plant",primary
season_precpt,pattern,-?^\d+(\.\d+)?\s*mm$,1,sediment,modification
season_precpt,pattern,^\d+(\.\d+)?\s*mm$,4,"other-undescribed, soil, monet-soil, plant",primary
season_precpt,title,average seasonal precipitation,4,"other-undescribed, soil, sediment, monet-soil",primary
season_precpt,title,mean seasonal precipitation,1,plant,modification
season_precpt,type,string,5,"other-undescribed, soil, sediment, monet-soil, plant",primary
season_temp,description,Mean seasonal temperature (Unit: C),5,"other-undescribed, soil, sediment, monet-soil, plant",primary
season_temp,pattern,^-?\d+(\.\d+)?\s*C$,5,"other-undescribed, soil, sediment, monet-soil, plant",primary
season_temp,title,average seasonal temperate,1,other-undescribed,modification
season_temp,title,average seasonal temperature,3,"soil, sediment, monet-soil",primary
season_temp,title,mean seasonal temperature,1,plant,modification
season_temp,type,string,5,"other-undescribed, soil, sediment, monet-soil, plant",primary
second_blh,description,Second boundary layer height candidate (meters) (Unit: m),1,aerosol-arm,primary
second_blh,title,second boundary layer height,1,aerosol-arm,primary
second_blh,type,number,1,aerosol-arm,primary
second_blh_quality,description,Quality index for second boundary layer height candidate (-999 if no candidate),1,aerosol-arm,primary
second_blh_quality,title,second boundary layer height quality,1,aerosol-arm,primary
second_blh_quality,type,string,1,aerosol-arm,primary
second_cbh,description,Second cloud base (meters) or highest received signal in vertical visibility (meters) (-999 if no cloud base or vertical visibility) (Unit: m),1,aerosol-arm,primary
second_cbh,title,second cloud base height,1,aerosol-arm,primary
second_cbh,type,number,1,aerosol-arm,primary
secondary_treatment,description,the process for substantially degrading the biological content of the sewage,1,other-undescribed,primary
secondary_treatment,title,secondary treatment,1,other-undescribed,primary
secondary_treatment,type,string,1,other-undescribed,primary
sediment_type,description,Information about the sediment type based on major constituents,1,sediment,primary
sediment_type,enum,biogenous|cosmogenous|hydrogenous|lithogenous,1,sediment,primary
sediment_type,title,sediment type,1,sediment,primary
sediment_type,type,string,1,sediment,primary
sewage_type,description,type of wastewater treatment plant as municipial or industrial,1,other-undescribed,primary
sewage_type,title,sewage type,1,other-undescribed,primary
sewage_type,type,string,1,other-undescribed,primary
shipped_sample_size,description,Total amount of sample sent to EMSL include units,2,"other-undescribed, mixed-culture",modification
shipped_sample_size,description,Total amount of sample sent to EMSL. Must include unit of 'core'.,1,monet-soil,modification
shipped_sample_size,description,Total amount of sample sent to EMSL. Must include units.,13,"field-deployed-terraform, soil, water, aerosol, aerosol-arm, pure-culture, culture-environmental, commercially-purchased, sediment, terraform, synthesized-material, engineered-strain, plant",primary
shipped_sample_size,pattern,^\d+(\.\d+)?\s*[\w\s/]+$,15,"field-deployed-terraform, other-undescribed, soil, water, aerosol, aerosol-arm, pure-culture, culture-environmental, commercially-purchased, mixed-culture, sediment, terraform, synthesized-material, engineered-strain, plant",primary
shipped_sample_size,pattern,^\d+(\.\d+)?\s*core$,1,monet-soil,modification
shipped_sample_size,title,shipped sample size,16,"field-deployed-terraform, other-undescribed, soil, water, aerosol, aerosol-arm, pure-culture, culture-environmental, commercially-purchased, mixed-culture, sediment, terraform, synthesized-material, monet-soil, engineered-strain, plant",primary
shipped_sample_size,type,string,16,"field-deployed-terraform, other-undescribed, soil, water, aerosol, aerosol-arm, pure-culture, culture-environmental, commercially-purchased, mixed-culture, sediment, terraform, synthesized-material, monet-soil, engineered-strain, plant",primary
sieving,description,Collection design of pooled samples and/or sieve size and amount of sample sieved,3,"other-undescribed, soil, sediment",primary
sieving,title,sieving,3,"other-undescribed, soil, sediment",primary
sieving,type,string,3,"other-undescribed, soil, sediment",primary
silicate,description,Concentration of silicate,1,other-undescribed,modification
silicate,description,Concentration of silicate (Unit: umol/L),2,"water, sediment",primary
silicate,pattern,^\d+(\.\d+)?\s*umol/L$,2,"water, sediment",primary
silicate,title,silicate,2,"other-undescribed, water",primary
silicate,title,silicate concentration,1,sediment,modification
silicate,type,string,3,"other-undescribed, water, sediment",primary
size_frac_low,description,Refers to the mesh/pore size used to pre-filter/pre-sort the sample. Materials larger than the size threshold are excluded from the sample,1,other-undescribed,primary
size_frac_low,description,Refers to the mesh/pore size used to pre-filter/pre-sort the sample. Materials larger than the size threshold are excluded from the sample (Unit: um),2,"aerosol, aerosol-arm",modification
size_frac_low,description,Refers to the mesh/pore size used to retain the sample. Materials smaller than the size threshold are excluded from the sample (Unit: um),2,"soil, water",modification
size_frac_low,pattern,^\d+(\.\d+)?\s*um$,4,"soil, water, aerosol, aerosol-arm",modification
size_frac_low,title,size fraction low,2,"aerosol, aerosol-arm",modification
size_frac_low,title,size fraction lower threshold,3,"other-undescribed, soil, water",primary
size_frac_low,type,string,5,"other-undescribed, soil, water, aerosol, aerosol-arm",primary
size_frac_up,description,Refers to the mesh/pore size used to pre-filter/pre-sort the sample. Materials larger than the size threshold are excluded from the sample (Unit: um),2,"soil, water",modification
size_frac_up,description,Refers to the mesh/pore size used to retain the sample. Materials smaller than the size threshold are excluded from the sample,1,other-undescribed,primary
size_frac_up,description,Refers to the mesh/pore size used to retain the sample. Materials smaller than the size threshold are excluded from the sample (Unit: um),2,"aerosol, aerosol-arm",modification
size_frac_up,pattern,^\d+(\.\d+)?\s*um$,4,"soil, water, aerosol, aerosol-arm",modification
size_frac_up,title,size fraction up,2,"aerosol, aerosol-arm",modification
size_frac_up,title,size fraction upper threshold,3,"other-undescribed, soil, water",primary
size_frac_up,type,string,5,"other-undescribed, soil, water, aerosol, aerosol-arm",primary
slope_aspect,description,The direction a slope faces. While looking down a slope use a compass to record the direction you are facing (degrees); e.g. 315 degrees. This measure provides an indication of sun and wind exposure that will influence soil temperature and evapotranspiration. (Unit: degrees),4,"field-deployed-terraform, other-undescribed, soil, monet-soil",primary
slope_aspect,pattern,^\d+(\.\d+)?\s*degrees$,4,"field-deployed-terraform, other-undescribed, soil, monet-soil",primary
slope_aspect,title,slope aspect,4,"field-deployed-terraform, other-undescribed, soil, monet-soil",primary
slope_aspect,type,string,4,"field-deployed-terraform, other-undescribed, soil, monet-soil",primary
slope_gradient,description,Commonly called 'slope'. The angle between ground surface and a horizontal line (in percent). This is the direction that overland water would flow. This measure is usually taken with a hand level meter or clinometer. (Unit: percent),4,"field-deployed-terraform, other-undescribed, soil, monet-soil",primary
slope_gradient,pattern,^\d+(\.\d+)?\s*percent$,4,"field-deployed-terraform, other-undescribed, soil, monet-soil",primary
slope_gradient,title,slope gradient,4,"field-deployed-terraform, other-undescribed, soil, monet-soil",primary
slope_gradient,type,string,4,"field-deployed-terraform, other-undescribed, soil, monet-soil",primary
sludge_retent_time,description,the time activated sludge remains in reactor,1,other-undescribed,primary
sludge_retent_time,title,slidge retention time,1,other-undescribed,primary
sludge_retent_time,type,string,1,other-undescribed,primary
sodium,description,Sodium concentration in the sample,1,other-undescribed,modification
sodium,description,Sodium concentration in the sample (Unit: ug/mL),2,"water, sediment",primary
sodium,pattern,^\d+(\.\d+)?\s*ug/mL$,2,"water, sediment",primary
sodium,title,sodium,2,"other-undescribed, water",primary
sodium,title,sodium concentration,1,sediment,modification
sodium,type,string,3,"other-undescribed, water, sediment",primary
soil_horizon,description,Specific layer in the land area which measures parallel to the soil surface and possesses physical characteristics which differ from the layers above and beneath,1,soil,primary
soil_horizon,enum,A_Horizon|B_Horizon|C_Horizon|E_Horizon|O_Horizon|Permafrost|R_Layer,1,soil,primary
soil_horizon,title,soil horizon,1,soil,primary
soil_horizon,type,string,1,soil,primary
soil_texture,description,The relative proportion of different grain sizes of mineral particles in a soil as described using a standard system; express as decimal percent sand (50 um to 2 mm) silt (2 um to 50 um) and clay (<2 um) with optional textural name (e.g. sand:0.20 silt:0.25 clay:0.55 description:silty clay loam).,1,soil,primary
soil_texture,pattern,^(\w+:0\.\d+ )*description:[A-Za-z ]+$,1,soil,primary
soil_texture,title,soil texture,1,soil,primary
soil_texture,type,string,1,soil,primary
soil_type,description,Soil series name or other lower-level classification,2,"soil, monet-soil",primary
soil_type,enum,Alfisol|Andisol|Aridisol|Entisol|Gelisol|Histosol|Inceptisol|Mollisol|Oxisol|Spodosol|Ultisol|Vertisol,1,monet-soil,primary
soil_type,title,soil type,2,"soil, monet-soil",primary
soil_type,type,string,2,"soil, monet-soil",primary
soil_type_meth,description,Reference or method used in determining soil series name or other lower-level classification,2,"soil, monet-soil",primary
soil_type_meth,title,soil type method,2,"soil, monet-soil",primary
soil_type_meth,type,string,2,"soil, monet-soil",primary
solar_irradiance,description,Solar irradiance is the power per unit area (surface power density) received from the Sun in the form of electromagnetic radiation in the wavelength range of the measuring instrument.,1,other-undescribed,modification
solar_irradiance,description,Solar irradiance is the power per unit area (surface power density) received from the Sun in the form of electromagnetic radiation in the wavelength range of the measuring instrument. (Unit: kW/m2/d or erg/cm2/s,2,"aerosol, aerosol-arm",primary
solar_irradiance,pattern,^\d+(\.\d+)?\s*(kW/m2/d|erg/cm2/s)$,2,"aerosol, aerosol-arm",primary
solar_irradiance,title,solar irradiance,3,"other-undescribed, aerosol, aerosol-arm",primary
solar_irradiance,type,string,3,"other-undescribed, aerosol, aerosol-arm",primary
soluble_inorg_mat,description,concentration of substances such as ammonia road-salt sea-salt cyanide hydrogen sulfide thiocyanates thiosulfates etc.,1,other-undescribed,primary
soluble_inorg_mat,title,soluble inorganic material,1,other-undescribed,primary
soluble_inorg_mat,type,string,1,other-undescribed,primary
soluble_org_mat,description,concentration of substances such as urea fruit sugars soluble proteins drugs pharmaceuticals etc.,1,other-undescribed,primary
soluble_org_mat,title,soluble organic material,1,other-undescribed,primary
soluble_org_mat,type,string,1,other-undescribed,primary
soluble_react_phosp,description,Concentration of soluble reactive phosphorus,1,other-undescribed,primary
soluble_react_phosp,description,Concentration of soluble reactive phosphorus. (Unit: umol/L or mg/L or ppm),1,water,modification
soluble_react_phosp,pattern,^\d+(\.\d+)?\s*(umol/L|mg/L|ppm)$,1,water,modification
soluble_react_phosp,title,soluble reactive phosphorus,2,"other-undescribed, water",primary
soluble_react_phosp,type,string,2,"other-undescribed, water",primary
source_mat_ID,description,A unique identifier assigned to an original material sample collected or to any derived sub-samples. The source material should be listed as a sample to inform details about parent material relationship.,14,"field-deployed-terraform, other-undescribed, soil, water, aerosol, aerosol-arm, pure-culture, culture-environmental, commercially-purchased, mixed-culture, sediment, terraform, synthesized-material, plant",primary
source_mat_ID,title,source material ID,1,commercially-purchased,modification
source_mat_ID,title,source material identifier,13,"field-deployed-terraform, other-undescribed, soil, water, aerosol, aerosol-arm, pure-culture, culture-environmental, mixed-culture, sediment, terraform, synthesized-material, plant",primary
source_mat_ID,type,string,14,"field-deployed-terraform, other-undescribed, soil, water, aerosol, aerosol-arm, pure-culture, culture-environmental, commercially-purchased, mixed-culture, sediment, terraform, synthesized-material, plant",primary
specific_host,description,If there is a host involved please provide its taxid (or environmental if not actually isolated from the dead or alive host - i.e. a pathogen could be isolated from a swipe of a bench etc) and report whether it is a laboratory or natural host),1,mixed-culture,primary
specific_host,title,host specific name,1,mixed-culture,primary
specific_host,type,string,1,mixed-culture,primary
standing_water_regm,description,Treatment involving an exposure to standing water during a plant's life span types can be flood water or standing water treatment regimen including how many times the treatment was repeated how long each treatment lasted and the start and end time of the entire treatment; can include multiple regimens,2,"other-undescribed, plant",primary
standing_water_regm,title,standing water regimen,2,"other-undescribed, plant",primary
standing_water_regm,type,string,2,"other-undescribed, plant",primary
start_date_inc,description,Date the incubation was started. Only relevant for incubation samples.,2,"other-undescribed, mixed-culture",modification
start_date_inc,description,Date the incubation was started. Only relevant for incubation samples. Format: YYYY-MM-DD,7,"field-deployed-terraform, soil, water, pure-culture, culture-environmental, sediment, plant",primary
start_date_inc,pattern,^[12]\d{3}(?:(?:-(?:0[1-9]|1[0-2]))(?:-(?:0[1-9]|[12]\d|3[01]))?)?$,8,"field-deployed-terraform, other-undescribed, soil, water, pure-culture, culture-environmental, sediment, plant",primary
start_date_inc,title,incubation start date,8,"field-deployed-terraform, soil, water, pure-culture, culture-environmental, mixed-culture, sediment, plant",primary
start_date_inc,title,incubation start dte,1,other-undescribed,modification
start_date_inc,type,string,9,"field-deployed-terraform, other-undescribed, soil, water, pure-culture, culture-environmental, mixed-culture, sediment, plant",primary
storage_condt,description,The storage condition of the sample. This field is NOT multivalued. If selecting other add the `other_storage_condt` attribute to provide additional detail.,16,"field-deployed-terraform, other-undescribed, soil, water, aerosol, aerosol-arm, pure-culture, culture-environmental, commercially-purchased, mixed-culture, sediment, terraform, synthesized-material, monet-soil, engineered-strain, plant",primary
storage_condt,enum,fresh|frozen|lyophilized|other,16,"field-deployed-terraform, other-undescribed, soil, water, aerosol, aerosol-arm, pure-culture, culture-environmental, commercially-purchased, mixed-culture, sediment, terraform, synthesized-material, monet-soil, engineered-strain, plant",primary
storage_condt,title,storage condition,15,"field-deployed-terraform, other-undescribed, soil, water, aerosol, aerosol-arm, pure-culture, culture-environmental, mixed-culture, sediment, terraform, synthesized-material, monet-soil, engineered-strain, plant",primary
storage_condt,title,storage conditions,1,commercially-purchased,modification
storage_condt,type,string,16,"field-deployed-terraform, other-undescribed, soil, water, aerosol, aerosol-arm, pure-culture, culture-environmental, commercially-purchased, mixed-culture, sediment, terraform, synthesized-material, monet-soil, engineered-strain, plant",primary
strain_description,description,A brief description of the modifications that comprise this strain,1,engineered-strain,primary
strain_description,title,strain description,1,engineered-strain,primary
strain_description,type,string,1,engineered-strain,primary
strain_name,description,Provide a unique name to identify transformed strain lines.,1,engineered-strain,primary
strain_name,title,strain name,1,engineered-strain,primary
strain_name,type,string,1,engineered-strain,primary
strain_source,description,Indicate the source of the strain provided. If purchased provide the vendor and lot number if from another registered or known strain provide a reference.,1,engineered-strain,primary
strain_source,title,strain source,1,engineered-strain,primary
strain_source,type,string,1,engineered-strain,primary
subspecf_gen_lin,description,Information about the genetic distinctness of the sequenced organism below the subspecies level e.g. serovar serotype biotype ecotype or any relevant genetic typing schemes like Group I plasmid. Subspecies should not be recorded in this term but in the NCBI taxonomy. Supply both the lineage name and the lineage rank separated by a colon e.g. biovar:abc123.,2,"other-undescribed, mixed-culture",modification
subspecf_gen_lin,description,Information about the genetic distinctness of the sequenced organism below the subspecies level e.g. serovar serotype biotype ecotype or any relevant genetic typing schemes like Group I plasmid. Supply both the lineage name and the lineage rank separated by a colon e.g. biovar:abc123,2,"pure-culture, culture-environmental",primary
subspecf_gen_lin,title,subspecific genetic lineage,3,"other-undescribed, culture-environmental, mixed-culture",primary
subspecf_gen_lin,title,subspecific genetuc lineage,1,pure-culture,modification
subspecf_gen_lin,type,string,4,"other-undescribed, pure-culture, culture-environmental, mixed-culture",primary
sulfate,description,Concentration of sulfate in the sample,1,other-undescribed,modification
sulfate,description,Concentration of sulfate in the sample. (Unit: umol/L or mg/L or ppm),2,"water, sediment",primary
sulfate,pattern,^\d+(\.\d+)?\s*(umol/L|mg/L|ppm)$,2,"water, sediment",primary
sulfate,title,sulfate,2,"other-undescribed, water",primary
sulfate,title,sulfate concentration,1,sediment,modification
sulfate,type,string,3,"other-undescribed, water, sediment",primary
sulfide,description,Concentration of sulfide in the sample,1,other-undescribed,modification
sulfide,description,Concentration of sulfide in the sample. (Unit: umol/L or mg/L or ppm),2,"water, sediment",primary
sulfide,pattern,^\d+(\.\d+)?\s*(umol/L|mg/L|ppm)$,2,"water, sediment",primary
sulfide,title,sulfide,2,"other-undescribed, water",primary
sulfide,title,sulfide concentration,1,sediment,modification
sulfide,type,string,3,"other-undescribed, water, sediment",primary
suspend_part_matter,description,Concentration of suspended particulate matter,1,other-undescribed,primary
suspend_part_matter,description,Concentration of suspended particulate matter. (Unit: mg/L),1,water,modification
suspend_part_matter,pattern,^\d+(\.\d+)?\s*(mg/L)$,1,water,modification
suspend_part_matter,title,suspended particulate matter,2,"water, other-undescribed",primary
suspend_part_matter,type,string,2,"other-undescribed, water",primary
suspend_solids,description,concentration of substances including a wide variety of material such as silt decaying plant and animal matter etc; can include multiple substances,1,other-undescribed,primary
suspend_solids,title,suspended solids,1,other-undescribed,primary
suspend_solids,type,string,1,other-undescribed,primary
synth_env_assembly,description,Describes how the synthetic environments parts are contained and assembled,2,"field-deployed-terraform, terraform",primary
synth_env_assembly,title,synthetic environment assembly,2,"field-deployed-terraform, terraform",primary
synth_env_assembly,type,string,2,"field-deployed-terraform, terraform",primary
synth_env_design,description,The design of the synthetic environment that was created for experimentation,2,"field-deployed-terraform, terraform",primary
synth_env_design,enum,Pore-scale micromodels|RhizoChip|SubTap microbial and rhizosphere platforms|3-D Bioprinted Synthetic Soil Aggregates|Pore2Chip,2,"field-deployed-terraform, terraform",primary
synth_env_design,title,synthetic environment design,2,"field-deployed-terraform, terraform",primary
synth_env_design,type,string,2,"field-deployed-terraform, terraform",primary
synth_env_design_method,description,A citation for how the synthetic environment was designed,2,"field-deployed-terraform, terraform",primary
synth_env_design_method,title,synthetic environment design method,2,"field-deployed-terraform, terraform",primary
synth_env_design_method,type,string,2,"field-deployed-terraform, terraform",primary
synth_env_material,description,Describes the fabrication material used to create the synthetic environment and what the structure is made of,2,"field-deployed-terraform, terraform",primary
synth_env_material,title,synthetic environment material,2,"field-deployed-terraform, terraform",primary
synth_env_material,type,string,2,"field-deployed-terraform, terraform",primary
synth_env_treatment,description,Describes any treatments that are built into the synthetic environment,2,"field-deployed-terraform, terraform",primary
synth_env_treatment,title,synthetic environment treatment,2,"field-deployed-terraform, terraform",primary
synth_env_treatment,type,string,2,"field-deployed-terraform, terraform",primary
synth_instrument,description,The instrumentation used to synthesize the material sample.,2,"other-undescribed, synthesized-material",primary
synth_instrument,title,synthesizing instrument,2,"other-undescribed, synthesized-material",primary
synth_instrument,type,string,2,"other-undescribed, synthesized-material",primary
synth_process,description,Provide the citation or describe the method of synthesis.,2,"other-undescribed, synthesized-material",primary
synth_process,title,synthesis process,2,"other-undescribed, synthesized-material",primary
synth_process,type,string,2,"other-undescribed, synthesized-material",primary
synth_reagents,description,The reagents used in the material synthesis,2,"other-undescribed, synthesized-material",primary
synth_reagents,title,synthesis reagents,2,"other-undescribed, synthesized-material",primary
synth_reagents,type,string,2,"other-undescribed, synthesized-material",primary
synth_start_date,description,Provide the date the sample was transferred to the synthetic environment. Formatted as YYYY-MM-DD,2,"field-deployed-terraform, terraform",primary
synth_start_date,pattern,^[12]\d{3}(?:(?:-(?:0[1-9]|1[0-2]))(?:-(?:0[1-9]|[12]\d|3[01]))?)?$,2,"field-deployed-terraform, terraform",primary
synth_start_date,title,synthetic environment start date,2,"field-deployed-terraform, terraform",primary
synth_start_date,type,string,2,"field-deployed-terraform, terraform",primary
technical_reps,description,If sending technical replicates of the same sample indicate the replicate number here.,14,"field-deployed-terraform, other-undescribed, soil, water, aerosol, aerosol-arm, pure-culture, culture-environmental, commercially-purchased, mixed-culture, sediment, terraform, synthesized-material, plant",primary
technical_reps,title,technical replicates,14,"field-deployed-terraform, other-undescribed, soil, water, aerosol, aerosol-arm, pure-culture, culture-environmental, commercially-purchased, mixed-culture, sediment, terraform, synthesized-material, plant",primary
technical_reps,type,integer,14,"field-deployed-terraform, other-undescribed, soil, water, aerosol, aerosol-arm, pure-culture, culture-environmental, commercially-purchased, mixed-culture, sediment, terraform, synthesized-material, plant",primary
temp,description,Temperature of the sample at the time of sampling (Units: C),1,other-undescribed,modification
temp,description,Temperature of the sample at the time of sampling. (Units: C),8,"field-deployed-terraform, soil, water, commercially-purchased, sediment, terraform, synthesized-material, plant",primary
temp,description,Temperature of the sample at the time of sampling. If measurement was started and unsuccessful enter 'failed' if measurement was not attempted enter 'did not collect'. (Units: C),1,monet-soil,modification
temp,pattern,^-?\d+(\.\d+)?\s*C$,9,"field-deployed-terraform, other-undescribed, soil, water, commercially-purchased, sediment, terraform, synthesized-material, plant",primary
temp,pattern,^-?\d+(\.\d+)?\s*C|did not collect|failed,1,monet-soil,modification
temp,title,temperate,1,other-undescribed,modification
temp,title,temperature,9,"field-deployed-terraform, soil, water, commercially-purchased, sediment, terraform, synthesized-material, monet-soil, plant",primary
temp,type,string,10,"field-deployed-terraform, other-undescribed, soil, water, commercially-purchased, sediment, terraform, synthesized-material, monet-soil, plant",primary
temperature_exposure,description,The range of temperatures at which it is safe to store a label that has been applied to a substrate. Provided by iMet,2,"other-undescribed, aerosol",primary
temperature_exposure,title,temperature exposure,2,"other-undescribed, aerosol",primary
temperature_exposure,type,string,2,"other-undescribed, aerosol",primary
tertiary_treatment,description,the process providing a final treatment stage to raise the effluent quality before it is discharged to the receiving environment,1,other-undescribed,primary
tertiary_treatment,title,tertiary treatment,1,other-undescribed,primary
tertiary_treatment,type,string,1,other-undescribed,primary
texture_meth,description,Reference or method used in determining soil texture,1,soil,primary
texture_meth,title,texture method,1,soil,primary
texture_meth,type,string,1,soil,primary
third_blh,description,Third boundary layer height candidate (meters) (Unit: m),1,aerosol-arm,primary
third_blh,title,third boundary layer height,1,aerosol-arm,primary
third_blh,type,number,1,aerosol-arm,primary
third_blh_quality,description,Quality index for third boundary layer height candidate (-999 if no candidate),1,aerosol-arm,primary
third_blh_quality,title,third boundary layer height quality,1,aerosol-arm,primary
third_blh_quality,type,string,1,aerosol-arm,primary
tidal_stage,description,Stage of tide,3,"other-undescribed, water, sediment",primary
tidal_stage,enum,low_tide|high_tide|ebb_tide|flood_tide,2,"water, sediment",primary
tidal_stage,title,tidal stage,3,"other-undescribed, water, sediment",primary
tidal_stage,type,string,3,"other-undescribed, water, sediment",primary
tillage,description,Note method used for tilling,1,soil,modification
tillage,description,Note method(s) used for tilling,2,"other-undescribed, monet-soil",primary
tillage,enum,chisel|cutting disc|disc plough|drill|mouldboard|ridge till|strip tillage|tined|zonal tillage,2,"soil, monet-soil",primary
tillage,title,tillage,3,"other-undescribed, soil, monet-soil",primary
tillage,type,string,3,"other-undescribed, soil, monet-soil",primary
tiss_cult_growth_med,description,Description of plant tissue culture growth media used,3,"field-deployed-terraform, other-undescribed, terraform",primary
tiss_cult_growth_med,title,tissue culture growth media,2,"field-deployed-terraform, terraform",primary
tiss_cult_growth_med,title,tissue culture growth medium,1,other-undescribed,modification
tiss_cult_growth_med,type,string,3,"field-deployed-terraform, other-undescribed, terraform",primary
tot_carb,description,Total carbon content,1,other-undescribed,primary
tot_carb,description,Total carbon content. Provide value and unit any unit is valid,1,sediment,modification
tot_carb,pattern,^\d+(\.\d+)?\s*[\w\s/]+$,1,sediment,modification
tot_carb,title,total carbon,1,other-undescribed,modification
tot_carb,title,total carbon content,1,sediment,primary
tot_carb,type,string,2,"other-undescribed, sediment",primary
tot_depth_water_col,description,Measurement of total depth of water column,1,other-undescribed,modification
tot_depth_water_col,description,Measurement of total depth of water column (Unit: m),2,"water, sediment",primary
tot_depth_water_col,pattern,^\d+(\.\d+)?\s*m$,2,"water, sediment",primary
tot_depth_water_col,title,total depth of water column,2,"other-undescribed, water",primary
tot_depth_water_col,title,total water column depth,1,sediment,modification
tot_depth_water_col,type,string,3,"other-undescribed, water, sediment",primary
tot_diss_nitro,description,Total dissolved nitrogen concentration reported as nitrogen measured by: total dissolved nitrogen = NH4 + NO3NO2 + dissolved organic nitrogen,1,other-undescribed,primary
tot_diss_nitro,description,Total dissolved nitrogen concentration reported as nitrogen measured by: total dissolved nitrogen = NH4 + NO3NO2 + dissolved organic nitrogen. (Unit: ug/L),1,water,modification
tot_diss_nitro,pattern,^\d+(\.\d+)?\s*(ug/L)$,1,water,modification
tot_diss_nitro,title,total dissolved nitrogen,2,"other-undescribed, water",primary
tot_diss_nitro,type,string,2,"other-undescribed, water",primary
tot_inorg_nitro,description,Total inorganic nitrogen content,1,other-undescribed,primary
tot_inorg_nitro,description,Total inorganic nitrogen content. (Unit: ug/L),1,water,modification
tot_inorg_nitro,pattern,^\d+(\.\d+)?\s*(ug/L)$,1,water,modification
tot_inorg_nitro,title,total inorganic nitrogen,2,"other-undescribed, water",primary
tot_inorg_nitro,type,string,2,"other-undescribed, water",primary
tot_nitro,description,Total nitrogen concentration of water samples calculated by: total nitrogen = total dissolved nitrogen + particulate nitrogen. Can also be measured without filtering reported as nitrogen,1,other-undescribed,primary
tot_nitro,description,Total nitrogen concentration of water samples calculated by: total nitrogen = total dissolved nitrogen + particulate nitrogen. Can also be measured without filtering reported as nitrogen. (Unit: ug/L or umol/L or mg/L),1,water,modification
tot_nitro,pattern,^\d+(\.\d+)?\s*(ug/L|umol/L|mg/L)$,1,water,modification
tot_nitro,title,total nitrogen,2,"other-undescribed, water",primary
tot_nitro,type,string,2,"other-undescribed, water",primary
tot_nitro_cont_meth,description,Reference or method used in determining the total nitrogen,3,"other-undescribed, soil, sediment",primary
tot_nitro_cont_meth,title,total nitrogen content method,3,"other-undescribed, soil, sediment",primary
tot_nitro_cont_meth,type,string,3,"other-undescribed, soil, sediment",primary
tot_nitro_content,description,Total nitrogen content of the sample,1,other-undescribed,modification
tot_nitro_content,description,Total nitrogen content of the sample. Provide value and unit any unit is valid,2,"soil, sediment",primary
tot_nitro_content,pattern,^\d+(\.\d+)?\s*[\w\s/]+$,2,"soil, sediment",primary
tot_nitro_content,title,total nitrogen content,3,"other-undescribed, soil, sediment",primary
tot_nitro_content,type,string,3,"other-undescribed, soil, sediment",primary
tot_org_c_meth,description,Reference or method used in determining total organic carbon,3,"other-undescribed, soil, sediment",primary
tot_org_c_meth,title,total organic carbon method,3,"other-undescribed, soil, sediment",primary
tot_org_c_meth,type,string,3,"other-undescribed, soil, sediment",primary
tot_org_carb,description,Definition for soil: total organic carbon content of the soil definition otherwise: total organic carbon content,1,other-undescribed,modification
tot_org_carb,description,Total organic carbon content. Provided as gram of Carbon per kg of your sample material. (Unit: g C/kg),2,"soil, sediment",primary
tot_org_carb,pattern,^\d+(\.\d+)?\s*g C/kg$,2,"soil, sediment",primary
tot_org_carb,title,total organic carbon,3,"other-undescribed, soil, sediment",primary
tot_org_carb,type,string,3,"other-undescribed, soil, sediment",primary
tot_part_carb,description,Total particulate carbon content,1,other-undescribed,primary
tot_part_carb,description,Total particulate carbon content. (Unit: ug/L or umol/L),1,water,modification
tot_part_carb,pattern,^\d+(\.\d+)?\s*(ug/L|umol/L)$,1,water,modification
tot_part_carb,title,total particulate carbon,2,"other-undescribed, water",primary
tot_part_carb,type,string,2,"other-undescribed, water",primary
tot_phosp,description,Total phosphorus concentration in the sample calculated by: total phosphorus = total dissolved phosphorus + particulate phosphorus,1,other-undescribed,primary
tot_phosp,description,Total phosphorus concentration in the sample calculated by: total phosphorus = total dissolved phosphorus + particulate phosphorus. (Unit: ug/L or umol/L),1,water,modification
tot_phosp,pattern,^\d+(\.\d+)?\s*(ug/L|umol/L)$,1,water,modification
tot_phosp,title,total phosphorus,2,"water, other-undescribed",primary
tot_phosp,type,string,2,"other-undescribed, water",primary
tot_phosphate,description,total amount or concentration of phosphate,1,other-undescribed,primary
tot_phosphate,title,total phosphate,1,other-undescribed,primary
tot_phosphate,type,string,1,other-undescribed,primary
trait,description,Select the general type of intended trait,1,engineered-strain,primary
trait,enum,Other|Product Quality|Agronomic Properties|Bacterial Resistance|Herbicide Resistance|Insect Resistance|Marker Gene|Nematode Resistance|Virus Resistance,1,engineered-strain,primary
trait,title,trait,1,engineered-strain,primary
trait,type,string,1,engineered-strain,primary
trophic_level,description,Trophic levels are the feeding position in a food chain. Microbes can be a range of producers (e.g. chemolithotroph),2,"other-undescribed, mixed-culture",modification
trophic_level,description,Trophic levels are the feeding position in a food chain. Microbes can be a range of producers.,2,"pure-culture, culture-environmental",primary
trophic_level,enum,autotroph|carboxydotroph|chemoautolithotroph|chemoautotroph|chemoheterotroph|chemolithoautotroph|chemolithotroph|chemoorganoheterotroph|chemoorganotroph|chemosynthetic|chemotroph|copiotroph|diazotroph|facultative|heterotroph|lithoautotroph|lithoheterotroph|lithotroph|methanotroph|methylotroph|mixotroph|obligate|oligotroph|organoheterotroph|organotroph|photoautotroph|photoheterotroph|photolithoautotroph|photolithotroph|photosynthetic|phototroph,1,pure-culture,primary
trophic_level,title,trophic level,4,"other-undescribed, pure-culture, culture-environmental, mixed-culture",primary
trophic_level,type,string,4,"other-undescribed, pure-culture, culture-environmental, mixed-culture",primary
turbidity,description,Measure of the amount of cloudiness or haziness in water caused by individual particles,1,other-undescribed,modification
turbidity,description,Measure of the amount of cloudiness or haziness in water caused by individual particles. Provide value and unit any unit is valid.,2,"water, sediment",primary
turbidity,pattern,^\d+(\.\d+)?\s*[\w\s/]+$,2,"water, sediment",primary
turbidity,title,turbidity,2,"water, sediment",primary
turbidity,title,turbitidy,1,other-undescribed,modification
turbidity,type,string,3,"other-undescribed, water, sediment",primary
volatile_org_comp,description,Volatile organic compounds are organic chemicals that have a high vapour pressure at room temperature.,3,"other-undescribed, aerosol, aerosol-arm",primary
volatile_org_comp,title,volatile organic compounds,3,"other-undescribed, aerosol, aerosol-arm",primary
volatile_org_comp,type,string,3,"other-undescribed, aerosol, aerosol-arm",primary
wastewater_type,description,the origin of wastewater such as human waste rainfall storm drains etc.,1,other-undescribed,primary
wastewater_type,title,wasterwater type,1,other-undescribed,primary
wastewater_type,type,string,1,other-undescribed,primary
water_content,description,Water content measurement,1,other-undescribed,modification
water_content,description,Water content measurement. Provide value and unit any unit is valid,3,"field-deployed-terraform, soil, terraform",primary
water_content,description,Water content measurement. Provide value and unit any unit is valid.,1,sediment,modification
water_content,description,Water content measurement. This will be a readout from the Teros ZSC bluetooth sensor and requires a unit of 'm3/m3'. If measurement was started and unsuccessful enter 'failed' if measurement was not attempted enter 'did not collect'.,1,monet-soil,modification
water_content,pattern,^\d+(\.\d+)?\s*[\w\s/]+$,4,"field-deployed-terraform, soil, sediment, terraform",primary
water_content,pattern,^\d+(\.\d+)?\s*m3/m3|did not collect|failed,1,monet-soil,modification
water_content,title,water content,6,"field-deployed-terraform, other-undescribed, soil, sediment, terraform, monet-soil",primary
water_content,type,string,6,"field-deployed-terraform, other-undescribed, soil, sediment, terraform, monet-soil",primary
water_content_meth,description,Reference or method used in determining the water content of soil,5,"field-deployed-terraform, soil, sediment, terraform, monet-soil",primary
water_content_meth,title,water content method,5,"field-deployed-terraform, soil, sediment, terraform, monet-soil",primary
water_content_meth,type,string,5,"field-deployed-terraform, soil, sediment, terraform, monet-soil",primary
water_current,description,Measurement of magnitude and direction of flow within a fluid,1,other-undescribed,primary
water_current,description,Measurement of magnitude and direction of flow within a fluid. Provide value and unit any unit is valid.,1,water,modification
water_current,pattern,^\d+(\.\d+)?\s*[\w\s/]+$,1,water,modification
water_current,title,water current,2,"other-undescribed, water",primary
water_current,type,string,2,"other-undescribed, water",primary
water_temp_regm,description,Information about treatment involving an exposure to water with varying degree of temperature treatment regimen including how many times the treatment was repeated how long each treatment lasted and the start and end time of the entire treatment; can include multiple regimens,2,"other-undescribed, plant",primary
water_temp_regm,title,water temperature regimen,2,"other-undescribed, plant",primary
water_temp_regm,type,string,2,"other-undescribed, plant",primary
watering_regm,description,Information about treatment involving an exposure to watering frequencies treatment regimen including how many times the treatment was repeated how long each treatment lasted and the start and end time of the entire treatment; can include multiple regimens,9,"field-deployed-terraform, other-undescribed, soil, pure-culture, culture-environmental, sediment, terraform, monet-soil, plant",primary
watering_regm,title,watering regimen,9,"field-deployed-terraform, other-undescribed, soil, pure-culture, culture-environmental, sediment, terraform, monet-soil, plant",primary
watering_regm,type,string,9,"field-deployed-terraform, other-undescribed, soil, pure-culture, culture-environmental, sediment, terraform, monet-soil, plant",primary
weather,description,The state of the atmosphere at a given time and place with respect to variables such as temperature moisture wind velocity and barometric pressure.,4,"soil, sediment, monet-soil, plant",primary
weather,title,weather,4,"soil, sediment, monet-soil, plant",primary
weather,type,string,4,"soil, sediment, monet-soil, plant",primary
wind_direction,description,Direction of the wind on the day of sampling. Collected via anemometer.,1,other-undescribed,modification
wind_direction,description,Direction of the wind on the day of sampling. Collected via anemometer. Provide cardinal direction.,2,"aerosol, aerosol-arm",primary
wind_direction,enum,north|north east|east|south east|south|south west|west|north west,2,"aerosol, aerosol-arm",primary
wind_direction,title,wind direction,3,"other-undescribed, aerosol, aerosol-arm",primary
wind_direction,type,string,3,"other-undescribed, aerosol, aerosol-arm",primary
wind_speed,description,Wind speed describes how fast the air is moving past a certain point during sampling time. Collected via anemometer,1,other-undescribed,modification
wind_speed,description,Wind speed describes how fast the air is moving past a certain point during sampling time. Provide value and unit any unit is valid,2,"aerosol, aerosol-arm",primary
wind_speed,pattern,^\d+(\.\d+)?\s*[\w\s/]+$,2,"aerosol, aerosol-arm",primary
wind_speed,title,wind speed,3,"other-undescribed, aerosol, aerosol-arm",primary
wind_speed,type,string,3,"other-undescribed, aerosol, aerosol-arm",primary
within_17_oz,description,Indicate if samples were collected during the local afternoon time,1,aerosol-arm,primary
within_17_oz,title,Within 17 Oz,1,aerosol-arm,primary
within_17_oz,type,string,1,aerosol-arm,primary
