slot,property,sample_type,value
CAS,title,other-undescribed,CAS number
CAS,description,other-undescribed,A unique numerical identifier assigned by the Chemical Abstract Service (CAS) a division of the American Chemical Society to chemical compounds polymers biological sequences mixtures and alloys.
CAS,type,other-undescribed,string
LIMS_ID,title,monet-soil,LIMS ID
LIMS_ID,description,monet-soil,An EMSL internal LIMS identifier for your sample. This will be provided by the MPOC and should not be edited.
LIMS_ID,type,monet-soil,string
agrochem_addition,title,other-undescribed,agrochemical addition
agrochem_addition,title,soil,agrochemical addition
agrochem_addition,title,monet-soil,agrochemical additions
agrochem_addition,description,other-undescribed,Addition of fertilizers pesticides etc. - amount and time of applications
agrochem_addition,description,soil,Addition of fertilizers pesticides etc. - amount and time of applications
agrochem_addition,description,monet-soil,Addition of fertilizers pesticides etc. - amount and time of applications
agrochem_addition,type,other-undescribed,string
agrochem_addition,type,soil,string
agrochem_addition,type,monet-soil,string
air_temp_regm,title,field-deployed-terraform,air temperature regimen
air_temp_regm,title,other-undescribed,air temperature regimen
air_temp_regm,title,soil,air temperature regimen
air_temp_regm,title,water,air temperature regimen
air_temp_regm,title,aerosol,air temperature regimen
air_temp_regm,title,aerosol-arm,air temperature regimen
air_temp_regm,title,pure-culture,air temperature regimen
air_temp_regm,title,culture-environmental,air temperature regimen
air_temp_regm,title,mixed-culture,air temperature regimen
air_temp_regm,title,sediment,air temperature regimen
air_temp_regm,title,terraform,air temperature regimen
air_temp_regm,title,plant,air temperature regimen
air_temp_regm,description,field-deployed-terraform,Information about treatment involving an exposure to varying temperatures; should include the temperature treatment regimen including how many times the treatment was repeated how long each treatment lasted and the start and end time of the entire treatment; can include different temperature regimens
air_temp_regm,description,other-undescribed,Information about treatment involving an exposure to varying temperatures; should include the temperature treatment regimen including how many times the treatment was repeated how long each treatment lasted and the start and end time of the entire treatment; can include different temperature regimens
air_temp_regm,description,soil,Information about treatment involving an exposure to varying temperatures; should include the temperature treatment regimen including how many times the treatment was repeated how long each treatment lasted and the start and end time of the entire treatment; can include different temperature regimens
air_temp_regm,description,water,Information about treatment involving an exposure to varying temperatures; should include the temperature treatment regimen including how many times the treatment was repeated how long each treatment lasted and the start and end time of the entire treatment; can include different temperature regimens
air_temp_regm,description,aerosol,Information about treatment involving an exposure to varying temperatures; should include the temperature treatment regimen including how many times the treatment was repeated how long each treatment lasted and the start and end time of the entire treatment; can include different temperature regimens
air_temp_regm,description,aerosol-arm,Information about treatment involving an exposure to varying temperatures; should include the temperature treatment regimen including how many times the treatment was repeated how long each treatment lasted and the start and end time of the entire treatment; can include different temperature regimens
air_temp_regm,description,pure-culture,Information about treatment involving an exposure to varying temperatures; should include the temperature treatment regimen including how many times the treatment was repeated how long each treatment lasted and the start and end time of the entire treatment; can include different temperature regimens
air_temp_regm,description,culture-environmental,Information about treatment involving an exposure to varying temperatures; should include the temperature treatment regimen including how many times the treatment was repeated how long each treatment lasted and the start and end time of the entire treatment; can include different temperature regimens
air_temp_regm,description,mixed-culture,Information about treatment involving an exposure to varying temperatures; should include the temperature treatment regimen including how many times the treatment was repeated how long each treatment lasted and the start and end time of the entire treatment; can include different temperature regimens
air_temp_regm,description,sediment,Information about treatment involving an exposure to varying temperatures; should include the temperature treatment regimen including how many times the treatment was repeated how long each treatment lasted and the start and end time of the entire treatment; can include different temperature regimens
air_temp_regm,description,terraform,Information about treatment involving an exposure to varying temperatures; should include the temperature treatment regimen including how many times the treatment was repeated how long each treatment lasted and the start and end time of the entire treatment; can include different temperature regimens
air_temp_regm,description,plant,Information about treatment involving an exposure to varying temperatures; should include the temperature treatment regimen including how many times the treatment was repeated how long each treatment lasted and the start and end time of the entire treatment; can include different temperature regimens
air_temp_regm,type,field-deployed-terraform,string
air_temp_regm,type,other-undescribed,string
air_temp_regm,type,soil,string
air_temp_regm,type,water,string
air_temp_regm,type,aerosol,string
air_temp_regm,type,aerosol-arm,string
air_temp_regm,type,pure-culture,string
air_temp_regm,type,culture-environmental,string
air_temp_regm,type,mixed-culture,string
air_temp_regm,type,sediment,string
air_temp_regm,type,terraform,string
air_temp_regm,type,plant,string
al_sat,title,other-undescribed,aluminum saturation
al_sat,title,soil,aluminum saturation
al_sat,description,other-undescribed,Aluminum saturation (esp. For tropical soils)
al_sat,description,soil,Aluminum saturation (esp. For tropical soils) (Unit: percent)
al_sat,type,other-undescribed,string
al_sat,type,soil,string
al_sat_meth,title,other-undescribed,aluminum saturation method
al_sat_meth,title,soil,aluminum saturation method
al_sat_meth,description,other-undescribed,Reference or method used in determining Al saturation
al_sat_meth,description,soil,Reference or method used in determining Al saturation
al_sat_meth,type,other-undescribed,string
al_sat_meth,type,soil,string
alkalinity,title,other-undescribed,alkalinity
alkalinity,title,water,alkalinity
alkalinity,title,sediment,alkalinity
alkalinity,description,other-undescribed,Alkalinity the ability of a solution to neutralize acids to the equivalence point of carbonate or bicarbonate
alkalinity,description,water,Alkalinity the ability of a solution to neutralize acids to the equivalence point of carbonate or bicarbonate (Unit: mg/L or meq/L)
alkalinity,description,sediment,Alkalinity the ability of a solution to neutralize acids to the equivalence point of carbonate or bicarbonate (Unit: mg/L or meq/L)
alkalinity,type,other-undescribed,string
alkalinity,type,water,string
alkalinity,type,sediment,string
alkalinity_method,title,other-undescribed,alkalinity method
alkalinity_method,title,water,alkalinity method
alkalinity_method,title,sediment,alkalinity method
alkalinity_method,description,other-undescribed,Method used for alkalinity measurement
alkalinity_method,description,water,Method used for alkalinity measurement
alkalinity_method,description,sediment,Method used for alkalinity measurement
alkalinity_method,type,other-undescribed,string
alkalinity_method,type,water,string
alkalinity_method,type,sediment,string
alkyl_diethers,title,other-undescribed,alkyl diethers
alkyl_diethers,title,water,alkyl diethers
alkyl_diethers,title,sediment,alkyl diethers concentration
alkyl_diethers,description,other-undescribed,Concentration of alkyl diethers
alkyl_diethers,description,water,Concentration of alkyl diethers. Provide value and unit any unit is valid
alkyl_diethers,description,sediment,Concentration of alkyl diethers. Provide value and unit any unit is valid
alkyl_diethers,type,other-undescribed,string
alkyl_diethers,type,water,string
alkyl_diethers,type,sediment,string
alt,title,other-undescribed,altitude
alt,title,aerosol,altitude
alt,title,aerosol-arm,altitude
alt,title,culture-environmental,altitude
alt,description,other-undescribed,Altitude is a term used to identify heights of objects such as airplanes space shuttles rockets atmospheric balloons and heights of places such as atmospheric layers and clouds. It is used to measure the height of an object which is above the earthbs surface. In this context the altitude measurement is the vertical distance between the earth's surface above sea level and the sampled position in the air
alt,description,aerosol,Altitude is a term used to identify heights of objects such as airplanes space shuttles rockets atmospheric balloons and heights of places such as atmospheric layers and clouds. It is used to measure the height of an object which is above the earthbs surface. In this context the altitude measurement is the vertical distance between the earth's surface above sea level and the sampled position in the air. For ARM this can be a range. (Unit: m)
alt,description,aerosol-arm,Altitude is a term used to identify heights of objects such as airplanes space shuttles rockets atmospheric balloons and heights of places such as atmospheric layers and clouds. It is used to measure the height of an object which is above the earthbs surface. In this context the altitude measurement is the vertical distance between the earth's surface above sea level and the sampled position in the air Required units be provided as 'm' for meters.
alt,description,culture-environmental,Altitude is a term used to identify heights of objects such as airplanes space shuttles rockets atmospheric balloons and heights of places such as atmospheric layers and clouds. It is used to measure the height of an object which is above the earthbs surface. In this context the altitude measurement is the vertical distance between the earth's surface above sea level and the sampled position in the air. For ARM this can be a range. (Unit: m)
alt,type,other-undescribed,string
alt,type,aerosol,string
alt,type,aerosol-arm,string
alt,type,culture-environmental,string
aminopept_act,title,other-undescribed,aminopeptidase activity
aminopept_act,title,water,aminopeptidase activity
aminopept_act,title,sediment,aminopeptidase activity
aminopept_act,description,other-undescribed,Measurement of aminopeptidase activity
aminopept_act,description,water,Measurement of aminopeptidase activity (Unit: mol/L/h
aminopept_act,description,sediment,Measurement of aminopeptidase activity (Unit: mol/L/h
aminopept_act,type,other-undescribed,string
aminopept_act,type,water,string
aminopept_act,type,sediment,string
ammonium,title,other-undescribed,ammonium
ammonium,title,water,ammonium
ammonium,title,sediment,ammonium concentration
ammonium,description,other-undescribed,Concentration of ammonium in the sample
ammonium,description,water,Concentration of ammonium in the sample. (Units: umol/L or mg/Liter or ppm
ammonium,description,sediment,Concentration of ammonium in the sample. (Units: umol/L or mg/Liter or ppm
ammonium,type,other-undescribed,string
ammonium,type,water,string
ammonium,type,sediment,string
analysis_type,title,field-deployed-terraform,analysis type
analysis_type,title,other-undescribed,analysis type
analysis_type,title,soil,analysis type
analysis_type,title,water,analysis type
analysis_type,title,aerosol,analysis type
analysis_type,title,aerosol-arm,analysis type
analysis_type,title,pure-culture,analysis type
analysis_type,title,culture-environmental,analysis type
analysis_type,title,commercially-purchased,analysis type
analysis_type,title,mixed-culture,analysis type
analysis_type,title,sediment,analysis type
analysis_type,title,terraform,analysis type
analysis_type,title,synthesized-material,analysis type
analysis_type,title,plant,analysis type
analysis_type,description,field-deployed-terraform,The analyses planned for this sample. The analysis types will later be mapped to an allocated resource. This field is constrained to contain only a set of limited terms. Include all the data types. This field can have multiple values separated by a ';'.
analysis_type,description,other-undescribed,The analyses planned for this sample. The analysis types will later be mapped to an allocated resource. This field is constrained to contain only a set of limited terms. Include all the data types. This field can have multiple values separated by a ";".
analysis_type,description,soil,The analyses planned for this sample. The analysis types will later be mapped to an allocated resource. This field is constrained to contain only a set of limited terms. Include all the data types. This field can have multiple values separated by a ';'.
analysis_type,description,water,The analyses planned for this sample. The analysis types will later be mapped to an allocated resource. This field is constrained to contain only a set of limited terms. Include all the data types. This field can have multiple values separated by a ';'.
analysis_type,description,aerosol,The analyses planned for this sample. The analysis types will later be mapped to an allocated resource. This field is constrained to contain only a set of limited terms. Include all the data types. This field can have multiple values separated by a ';'.
analysis_type,description,aerosol-arm,The analyses planned for this sample. The analysis types will later be mapped to an allocated resource. This field is constrained to contain only a set of limited terms. Include all the data types. This field can have multiple values separated by a ';'.
analysis_type,description,pure-culture,The analyses planned for this sample. The analysis types will later be mapped to an allocated resource. This field is constrained to contain only a set of limited terms. Include all the data types. This field can have multiple values separated by a ';'.
analysis_type,description,culture-environmental,The analyses planned for this sample. The analysis types will later be mapped to an allocated resource. This field is constrained to contain only a set of limited terms. Include all the data types. This field can have multiple values separated by a ';'.
analysis_type,description,commercially-purchased,The analyses planned for this sample. The analysis types will later be mapped to an allocated resource. This field is constrained to contain only a set of limited terms. Include all the data types. This field can have multiple values separated by a ';'.
analysis_type,description,mixed-culture,The analyses planned for this sample. The analysis types will later be mapped to an allocated resource. This field is constrained to contain only a set of limited terms. Include all the data types. This field can have multiple values separated by a ';'.
analysis_type,description,sediment,The analyses planned for this sample. The analysis types will later be mapped to an allocated resource. This field is constrained to contain only a set of limited terms. Include all the data types. This field can have multiple values separated by a ';'.
analysis_type,description,terraform,The analyses planned for this sample. The analysis types will later be mapped to an allocated resource. This field is constrained to contain only a set of limited terms. Include all the data types. This field can have multiple values separated by a ';'.
analysis_type,description,synthesized-material,The analyses planned for this sample. The analysis types will later be mapped to an allocated resource. This field is constrained to contain only a set of limited terms. Include all the data types. This field can have multiple values separated by a ';'.
analysis_type,description,plant,The analyses planned for this sample. The analysis types will later be mapped to an allocated resource. This field is constrained to contain only a set of limited terms. Include all the data types. This field can have multiple values separated by a ';'.
analysis_type,type,field-deployed-terraform,string
analysis_type,type,other-undescribed,string
analysis_type,type,soil,string
analysis_type,type,water,string
analysis_type,type,aerosol,string
analysis_type,type,aerosol-arm,string
analysis_type,type,pure-culture,string
analysis_type,type,culture-environmental,string
analysis_type,type,commercially-purchased,string
analysis_type,type,mixed-culture,string
analysis_type,type,sediment,string
analysis_type,type,terraform,string
analysis_type,type,synthesized-material,string
analysis_type,type,plant,string
analysis_type,enum,field-deployed-terraform,metabolomeproteomelipidomeorganic mattermolecular structurechemical speciation mappinggenometranscriptomeisotope profilingimaging- xrayimaging- electronimaging- ionimaging- lighthydraulic propertiesunknown
analysis_type,enum,other-undescribed,metabolomeproteomelipidomeorganic mattermolecular structurechemical speciation mappinggenometranscriptomeisotope profilingimaging- xrayimaging- electronimaging- ionimaging- lighthydraulic propertiesunknown
analysis_type,enum,soil,metabolomeproteomelipidomeorganic mattermolecular structurechemical speciation mappinggenometranscriptomeisotope profilingimaging- xrayimaging- electronimaging- ionimaging- lighthydraulic propertiesunknown
analysis_type,enum,water,metabolomeproteomelipidomeorganic mattermolecular structurechemical speciation mappinggenometranscriptomeisotope profilingimaging- xrayimaging- electronimaging- ionimaging- lighthydraulic propertiesunknown
analysis_type,enum,aerosol,metabolomeproteomelipidomeorganic mattermolecular structurechemical speciation mappinggenometranscriptomeisotope profilingimaging- xrayimaging- electronimaging- ionimaging- lighthydraulic propertiesunknown
analysis_type,enum,aerosol-arm,metabolomeproteomelipidomeorganic mattermolecular structurechemical speciation mappinggenometranscriptomeisotope profilingimaging- xrayimaging- electronimaging- ionimaging- lighthydraulic propertiesunknown
analysis_type,enum,pure-culture,metabolomeproteomelipidomeorganic mattermolecular structurechemical speciation mappinggenometranscriptomeisotope profilingimaging- xrayimaging- electronimaging- ionimaging- lighthydraulic propertiesunknown
analysis_type,enum,culture-environmental,metabolomeproteomelipidomeorganic mattermolecular structurechemical speciation mappinggenometranscriptomeisotope profilingimaging- xrayimaging- electronimaging- ionimaging- lighthydraulic propertiesunknown
analysis_type,enum,commercially-purchased,metabolomeproteomelipidomeorganic mattermolecular structurechemical speciation mappinggenometranscriptomeisotope profilingimaging- xrayimaging- electronimaging- ionimaging- lighthydraulic propertiesunknown
analysis_type,enum,mixed-culture,metabolomeproteomelipidomeorganic mattermolecular structurechemical speciation mappinggenometranscriptomeisotope profilingimaging- xrayimaging- electronimaging- ionimaging- lighthydraulic propertiesunknown
analysis_type,enum,sediment,metabolomeproteomelipidomeorganic mattermolecular structurechemical speciation mappinggenometranscriptomeisotope profilingimaging- xrayimaging- electronimaging- ionimaging- lighthydraulic propertiesunknown
analysis_type,enum,terraform,metabolomeproteomelipidomeorganic mattermolecular structurechemical speciation mappinggenometranscriptomeisotope profilingimaging- xrayimaging- electronimaging- ionimaging- lighthydraulic propertiesunknown
analysis_type,enum,synthesized-material,metabolomeproteomelipidomeorganic mattermolecular structurechemical speciation mappinggenometranscriptomeisotope profilingimaging- xrayimaging- electronimaging- ionimaging- lighthydraulic propertiesunknown
analysis_type,enum,plant,metabolomeproteomelipidomeorganic mattermolecular structurechemical speciation mappinggenometranscriptomeisotope profilingimaging- xrayimaging- electronimaging- ionimaging- lighthydraulic propertiesunknown
ances_data,title,other-undescribed,ancestral data
ances_data,title,plant,ancestral data
ances_data,description,other-undescribed,Information about either pedigree or other ancestral information description
ances_data,description,plant,Information about either pedigree or other ancestral information description
ances_data,type,other-undescribed,string
ances_data,type,plant,string
annual_precpt,title,other-undescribed,average annual precipitation
annual_precpt,title,soil,average annual precipitation
annual_precpt,title,aerosol,annual precipitation
annual_precpt,title,aerosol-arm,annual precipitation
annual_precpt,title,sediment,average annual precipitation
annual_precpt,title,monet-soil,average annual precipitation
annual_precpt,title,plant,mean annual precipitation
annual_precpt,description,other-undescribed,The average of all annual precipitation values known or an estimated equivalent value derived by such methods as regional indexes or Isohyetal maps. (Unit: mm)
annual_precpt,description,soil,The average of all annual precipitation values known or an estimated equivalent value derived by such methods as regional indexes or Isohyetal maps. (Unit: mm)
annual_precpt,description,aerosol,The average of all annual precipitation values known or an estimated equivalent value derived by such methods as regional indexes or Isohyetal maps. (Unit: mm)
annual_precpt,description,aerosol-arm,The average of all annual precipitation values known or an estimated equivalent value derived by such methods as regional indexes or Isohyetal maps. (Unit: mm)
annual_precpt,description,sediment,The average of all annual precipitation values known or an estimated equivalent value derived by such methods as regional indexes or Isohyetal maps. (Unit: mm)
annual_precpt,description,monet-soil,The average of all annual precipitation values known or an estimated equivalent value derived by such methods as regional indexes or Isohyetal maps. (Unit: mm)
annual_precpt,description,plant,The average of all annual precipitation values known or an estimated equivalent value derived by such methods as regional indexes or Isohyetal maps. (Unit: mm)
annual_precpt,type,other-undescribed,string
annual_precpt,type,soil,string
annual_precpt,type,aerosol,string
annual_precpt,type,aerosol-arm,string
annual_precpt,type,sediment,string
annual_precpt,type,monet-soil,string
annual_precpt,type,plant,string
annual_temp,title,other-undescribed,average annual temperate
annual_temp,title,soil,average annual temperature
annual_temp,title,aerosol,annual temperature
annual_temp,title,aerosol-arm,annual temperature
annual_temp,title,sediment,average annual temperature
annual_temp,title,monet-soil,average annual temperature
annual_temp,title,plant,mean annual temperature
annual_temp,description,other-undescribed,Mean annual temperature (Unit: C)
annual_temp,description,soil,Mean annual temperature (Unit: C)
annual_temp,description,aerosol,Mean annual temperature (Unit: C)
annual_temp,description,aerosol-arm,Mean annual temperature (Unit: C)
annual_temp,description,sediment,Mean annual temperature (Unit: C)
annual_temp,description,monet-soil,Mean annual temperature (Unit: C)
annual_temp,description,plant,Mean annual temperature (Unit: C)
annual_temp,type,other-undescribed,string
annual_temp,type,soil,string
annual_temp,type,aerosol,string
annual_temp,type,aerosol-arm,string
annual_temp,type,sediment,string
annual_temp,type,monet-soil,string
annual_temp,type,plant,string
antibiotic_regm,title,other-undescribed,antibiotic regimen
antibiotic_regm,description,other-undescribed,Information about treatment involving antibiotic administration; should include the name of antibiotic amount administered treatment regimen including how many times the treatment was repeated how long each treatment lasted and the start and end time of the entire treatment; can include multiple antibiotic regimens
antibiotic_regm,type,other-undescribed,string
atmospheric_data,title,other-undescribed,atmospheric data
atmospheric_data,title,water,atmospheric data
atmospheric_data,description,other-undescribed,Measurement of atmospheric data; can include multiple data
atmospheric_data,description,water,Measurement of atmospheric data; can include multiple data. Formatted as measurement data and value (example wind speed 9 knots).
atmospheric_data,type,other-undescribed,string
atmospheric_data,type,water,string
bac_prod,title,other-undescribed,bacterial production
bac_prod,title,water,bacterial production
bac_prod,description,other-undescribed,Bacterial production in the water column measured by isotope uptake
bac_prod,description,water,Bacterial production in the water column measured by isotope uptake. Provide value and unit any unit is valid.
bac_prod,type,other-undescribed,string
bac_prod,type,water,string
bac_resp,title,other-undescribed,bacterial respiration
bac_resp,title,water,bacterial respiration
bac_resp,description,other-undescribed,Measurement of bacterial respiration in the water column
bac_resp,description,water,Measurement of bacterial respiration in the water column. Provide value and unit any unit is valid.
bac_resp,type,other-undescribed,string
bac_resp,type,water,string
bacteria_carb_prod,title,other-undescribed,bacterial carbon production
bacteria_carb_prod,title,water,bacterial carbon production
bacteria_carb_prod,title,sediment,bacterial carbon production
bacteria_carb_prod,description,other-undescribed,Measurement of bacterial carbon production
bacteria_carb_prod,description,water,Measurement of bacterial carbon production. Provide value and unit any unit is valid
bacteria_carb_prod,description,sediment,Measurement of bacterial carbon production. Provide value and unit any unit is valid
bacteria_carb_prod,type,other-undescribed,string
bacteria_carb_prod,type,water,string
bacteria_carb_prod,type,sediment,number
biochem_oxygen_dem,title,other-undescribed,biochemical oxygen demand
biochem_oxygen_dem,description,other-undescribed,a measure of the relative oxygen-depletion effect of a waste contaminant
biochem_oxygen_dem,type,other-undescribed,string
biol_stat,title,other-undescribed,biological status
biol_stat,title,plant,biological status
biol_stat,description,other-undescribed,The level of genome modification.
biol_stat,description,plant,The level of genome modification.
biol_stat,type,other-undescribed,string
biol_stat,type,plant,string
biol_stat,enum,plant,wildnaturalsemi-naturalinbred linebreeder's linehybridclonal selectionmutant
biotic_regm,title,field-deployed-terraform,biotic regimen
biotic_regm,title,other-undescribed,biotic regimen
biotic_regm,title,soil,biotic regimen
biotic_regm,title,water,biotic regimen
biotic_regm,title,pure-culture,biotic regimen
biotic_regm,title,culture-environmental,biotic regimen
biotic_regm,title,mixed-culture,biotic regimen
biotic_regm,title,sediment,biotic regimen
biotic_regm,title,terraform,biotic regimen
biotic_regm,title,plant,biotic regimen
biotic_regm,description,field-deployed-terraform,Information about treatment(s) involving use of biotic factors such as bacteria viruses or fungi.
biotic_regm,description,other-undescribed,Information about treatment(s) involving use of biotic factors such as bacteria viruses or fungi.
biotic_regm,description,soil,Information about treatment(s) involving use of biotic factors such as bacteria viruses or fungi.
biotic_regm,description,water,Information about treatment(s) involving use of biotic factors such as bacteria viruses or fungi.
biotic_regm,description,pure-culture,Information about treatment(s) involving use of biotic factors such as bacteria viruses or fungi.
biotic_regm,description,culture-environmental,Information about treatment(s) involving use of biotic factors such as bacteria viruses or fungi.
biotic_regm,description,mixed-culture,Information about treatment(s) involving use of biotic factors such as bacteria viruses or fungi.
biotic_regm,description,sediment,Information about treatment(s) involving use of biotic factors such as bacteria viruses or fungi.
biotic_regm,description,terraform,Information about treatment(s) involving use of biotic factors such as bacteria viruses or fungi.
biotic_regm,description,plant,Information about treatment(s) involving use of biotic factors such as bacteria viruses or fungi.
biotic_regm,type,field-deployed-terraform,string
biotic_regm,type,other-undescribed,string
biotic_regm,type,soil,string
biotic_regm,type,water,string
biotic_regm,type,pure-culture,string
biotic_regm,type,culture-environmental,string
biotic_regm,type,mixed-culture,string
biotic_regm,type,sediment,string
biotic_regm,type,terraform,string
biotic_regm,type,plant,string
bishomohopanol,title,other-undescribed,bishomohopanol
bishomohopanol,title,water,bishomohopanol
bishomohopanol,title,sediment,bishomohopanol concentration
bishomohopanol,description,other-undescribed,Concentration of bishomohopanol
bishomohopanol,description,water,Concentration of bishomohopanol. (Unit: ug/L or ug/g)
bishomohopanol,description,sediment,Concentration of bishomohopanol. (Unit: ug/L or ug/g)
bishomohopanol,type,other-undescribed,string
bishomohopanol,type,water,string
bishomohopanol,type,sediment,number
bromide,title,other-undescribed,bromide
bromide,title,water,bromide
bromide,title,sediment,bromide concentration
bromide,description,other-undescribed,Concentration of bromide
bromide,description,water,Concentration of bromide (Unit: ppm)
bromide,description,sediment,Concentration of bromide (Unit: ppm)
bromide,type,other-undescribed,string
bromide,type,water,string
bromide,type,sediment,string
bulk_elect_conductivity,title,other-undescribed,bulk electrical conductivity
bulk_elect_conductivity,title,soil,bulk electrical conductivity
bulk_elect_conductivity,title,monet-soil,bulk electrical conductivity
bulk_elect_conductivity,description,other-undescribed,Electrical conductivity is a measure of the bulk soil ability to carry electric current which is mostly dictated by the chemistry of and amount of soil water. (Unit: mS/cm)
bulk_elect_conductivity,description,soil,Electrical conductivity is a measure of the ability to carry electric current which is mostly dictated by the chemistry of and amount of water. (Unit: mS/cm)
bulk_elect_conductivity,description,monet-soil,Provide the bulk electrical conductivity readout from the Teros ZSC bluetooth sensor. If measurement was started and unsuccessful enter 'failed' if measurement was not attempted enter 'did not collect'. (Unit: mS/cm)
bulk_elect_conductivity,type,other-undescribed,string
bulk_elect_conductivity,type,soil,string
bulk_elect_conductivity,type,monet-soil,string
calcium,title,other-undescribed,calcium
calcium,title,water,calcium
calcium,title,sediment,calcium concentration
calcium,description,other-undescribed,Concentration of calcium in the sample
calcium,description,water,Concentration of calcium in the sample (Unit: mg/L or umol/L or ppm)
calcium,description,sediment,Concentration of calcium in the sample (Unit: mg/L or umol/L or ppm)
calcium,type,other-undescribed,string
calcium,type,water,string
calcium,type,sediment,string
carb_dioxide,title,other-undescribed,carbon dioxide
carb_dioxide,title,aerosol,carbon dioxide
carb_dioxide,title,aerosol-arm,carbon dioxide
carb_dioxide,description,other-undescribed,Amount of carbon dioxide measured in the air the day of sampling. Provided by ARM
carb_dioxide,description,aerosol,Amount of carbon dioxide measured in the air the day of sampling. (Unit: umol/L or ppm)
carb_dioxide,description,aerosol-arm,Amount of carbon dioxide measured in the air the day of sampling. Provided by ARM. Provide value and unit any unit is valid
carb_dioxide,type,other-undescribed,string
carb_dioxide,type,aerosol,string
carb_dioxide,type,aerosol-arm,string
carb_monoxide,title,other-undescribed,carbon monoxide
carb_monoxide,title,aerosol,carbon monoxide
carb_monoxide,title,aerosol-arm,carbon monoxide
carb_monoxide,description,other-undescribed,Amount of carbon monoxide measured in the air the day of sampling. Provided by ARM
carb_monoxide,description,aerosol,Amount of carbon monoxide measured in the air the day of sampling. (Unit: umol/L or ppm)
carb_monoxide,description,aerosol-arm,Amount of carbon monoxide measured in the air the day of sampling. Provided by ARM. Provide value and unit any unit is valid
carb_monoxide,type,other-undescribed,string
carb_monoxide,type,aerosol,string
carb_monoxide,type,aerosol-arm,string
carb_nitro_ratio,title,other-undescribed,carbon nitrogen ration
carb_nitro_ratio,title,water,carbon nitrogen ratio
carb_nitro_ratio,title,sediment,carbon nitrogen ratio
carb_nitro_ratio,description,other-undescribed,Ratio of amount or concentrations of carbon to nitrogen
carb_nitro_ratio,description,water,Ratio of amount or concentrations of carbon to nitrogen.
carb_nitro_ratio,description,sediment,Ratio of amount or concentrations of carbon to nitrogen.
carb_nitro_ratio,type,other-undescribed,string
carb_nitro_ratio,type,water,string
carb_nitro_ratio,type,sediment,string
cas,title,commercially-purchased,CAS number
cas,title,synthesized-material,CAS number
cas,description,commercially-purchased,A unique numerical identifier assigned by the Chemical Abstract Service (CAS) a division of the American Chemical Society to chemical compounds polymers biological sequences mixtures and alloys.
cas,description,synthesized-material,A unique numerical identifier assigned by the Chemical Abstract Service (CAS) a division of the American Chemical Society to chemical compounds polymers biological sequences mixtures and alloys.
cas,type,commercially-purchased,string
cas,type,synthesized-material,string
cbi,title,engineered-strain,confidential business information
cbi,description,engineered-strain,Indicate if any information about the strain is considered confidential business information
cbi,type,engineered-strain,string
cbi,enum,engineered-strain,yesno
chem_administration,title,field-deployed-terraform,chemical administration
chem_administration,title,other-undescribed,chemical administration
chem_administration,title,soil,chemical administration
chem_administration,title,water,chemical administration
chem_administration,title,aerosol,chemical adminstration
chem_administration,title,aerosol-arm,chemical administration
chem_administration,title,pure-culture,chemical administration
chem_administration,title,culture-environmental,chemical administration
chem_administration,title,mixed-culture,chemical administration
chem_administration,title,sediment,chemical administration
chem_administration,title,terraform,chemical administration
chem_administration,title,monet-soil,chemical administration
chem_administration,title,plant,chemical administration
chem_administration,description,field-deployed-terraform,List of chemical compounds administered to the host or site where sampling occurred and when (e.g. Antibiotics n fertilizer air filter); can include multiple compounds. For chemical entities of biological interest ontology (chebi) (v 163) http://purl.bioontology.org/ontology/chebi
chem_administration,description,other-undescribed,List of chemical compounds administered to the host or site where sampling occurred and when (e.g. Antibiotics n fertilizer air filter); can include multiple compounds. For chemical entities of biological interest ontology (chebi) (v 163) http://purl.bioontology.org/ontology/chebi
chem_administration,description,soil,List of chemical compounds administered to the host or site where sampling occurred and when (e.g. Antibiotics n fertilizer air filter); can include multiple compounds. For chemical entities of biological interest ontology (chebi) (v 163) http://purl.bioontology.org/ontology/chebi
chem_administration,description,water,List of chemical compounds administered to the host or site where sampling occurred and when (e.g. Antibiotics n fertilizer air filter); can include multiple compounds. For chemical entities of biological interest ontology (chebi) (v 163) http://purl.bioontology.org/ontology/chebi
chem_administration,description,aerosol,List of chemical compounds administered to the host or site where sampling occurred and when (e.g. Antibiotics n fertilizer air filter); can include multiple compounds. For chemical entities of biological interest ontology (chebi) (v 163) http://purl.bioontology.org/ontology/chebi
chem_administration,description,aerosol-arm,List of chemical compounds administered to the host or site where sampling occurred and when (e.g. Antibiotics n fertilizer air filter); can include multiple compounds. For chemical entities of biological interest ontology (chebi) (v 163) http://purl.bioontology.org/ontology/chebi
chem_administration,description,pure-culture,List of chemical compounds administered to the host or site where sampling occurred and when (e.g. Antibiotics n fertilizer air filter); can include multiple compounds. For chemical entities of biological interest ontology (chebi) (v 163) http://purl.bioontology.org/ontology/chebi
chem_administration,description,culture-environmental,List of chemical compounds administered to the host or site where sampling occurred and when (e.g. Antibiotics n fertilizer air filter); can include multiple compounds. For chemical entities of biological interest ontology (chebi) (v 163) http://purl.bioontology.org/ontology/chebi
chem_administration,description,mixed-culture,List of chemical compounds administered to the host or site where sampling occurred and when (e.g. Antibiotics n fertilizer air filter); can include multiple compounds. For chemical entities of biological interest ontology (chebi) (v 163) http://purl.bioontology.org/ontology/chebi
chem_administration,description,sediment,List of chemical compounds administered to the host or site where sampling occurred and when (e.g. Antibiotics n fertilizer air filter); can include multiple compounds. For chemical entities of biological interest ontology (chebi) (v 163) http://purl.bioontology.org/ontology/chebi
chem_administration,description,terraform,List of chemical compounds administered to the host or site where sampling occurred and when (e.g. Antibiotics n fertilizer air filter); can include multiple compounds. For chemical entities of biological interest ontology (chebi) (v 163) http://purl.bioontology.org/ontology/chebi
chem_administration,description,monet-soil,List of chemical compounds administered to the host or site where sampling occurred and when (e.g. Antibiotics n fertilizer air filter); can include multiple compounds. For chemical entities of biological interest ontology (chebi) (v 163) http://purl.bioontology.org/ontology/chebi
chem_administration,description,plant,List of chemical compounds administered to the host or site where sampling occurred and when (e.g. Antibiotics n fertilizer air filter); can include multiple compounds. For chemical entities of biological interest ontology (chebi) (v 163) http://purl.bioontology.org/ontology/chebi
chem_administration,type,field-deployed-terraform,string
chem_administration,type,other-undescribed,string
chem_administration,type,soil,string
chem_administration,type,water,string
chem_administration,type,aerosol,string
chem_administration,type,aerosol-arm,string
chem_administration,type,pure-culture,string
chem_administration,type,culture-environmental,string
chem_administration,type,mixed-culture,string
chem_administration,type,sediment,string
chem_administration,type,terraform,string
chem_administration,type,monet-soil,string
chem_administration,type,plant,string
chem_mutagen,title,other-undescribed,chemical mutagen
chem_mutagen,title,plant,chemical mutagen
chem_mutagen,description,other-undescribed,Treatment involving use of mutagens; should include the name of mutagen amount administered treatment regimen including how many times the treatment was repeated how long each treatment lasted and the start and end time of the entire treatment; can include multiple mutagen regimens
chem_mutagen,description,plant,Treatment involving use of mutagens; should include the name of mutagen amount administered treatment regimen including how many times the treatment was repeated how long each treatment lasted and the start and end time of the entire treatment; can include multiple mutagen regimens
chem_mutagen,type,other-undescribed,string
chem_mutagen,type,plant,string
chem_oxygen_dem,title,other-undescribed,chemical oxygen deman
chem_oxygen_dem,description,other-undescribed,a measure of the relative oxygen-depletion effect of a waste contaminant
chem_oxygen_dem,type,other-undescribed,string
chloride,title,other-undescribed,chloride
chloride,title,water,chloride
chloride,title,sediment,chloride concentration
chloride,description,other-undescribed,Concentration of chloride in the sample
chloride,description,water,Concentration of chloride in the sample (Unit: mg/L or ppm)
chloride,description,sediment,Concentration of chloride in the sample (Unit: mg/L or ppm)
chloride,type,other-undescribed,string
chloride,type,water,string
chloride,type,sediment,string
chlorophyll,title,other-undescribed,chlorophyll
chlorophyll,title,water,chlorophyll
chlorophyll,title,sediment,chlorophyll concentration
chlorophyll,description,other-undescribed,Concentration of chlorophyll
chlorophyll,description,water,Concentration of chlorophyll (Unit: mg/m3 or ug/L)
chlorophyll,description,sediment,Concentration of chlorophyll (Unit: mg/m3 or ug/L)
chlorophyll,type,other-undescribed,string
chlorophyll,type,water,string
chlorophyll,type,sediment,string
collection_date,title,field-deployed-terraform,collection date
collection_date,title,other-undescribed,collection date
collection_date,title,soil,collection date
collection_date,title,water,collection date
collection_date,title,aerosol,collection date
collection_date,title,aerosol-arm,collection date
collection_date,title,pure-culture,collection date
collection_date,title,culture-environmental,collection date
collection_date,title,commercially-purchased,collection date
collection_date,title,mixed-culture,collection date
collection_date,title,sediment,collection date
collection_date,title,terraform,collection date
collection_date,title,synthesized-material,collection date
collection_date,title,monet-soil,collection date
collection_date,title,engineered-strain,collection date
collection_date,title,plant,collection date
collection_date,description,field-deployed-terraform,The date of sampling as an instance. Format: YYYY-MM-DD. Also valid if entire collection date is unknown is just year (YYYY) or just year and month (YYYY-MM)
collection_date,description,other-undescribed,The date of sampling either as an instance (single point) or interval. For commercially purchased samples this will be the purchase date. Format: YYYY-MM-DD. Also valid if entire collection date is unknown is just year (YYYY) or just year and month (YYYY-MM)
collection_date,description,soil,The date of sampling as an instance. Format: YYYY-MM-DD. Also valid if entire collection date is unknown is just year (YYYY) or just year and month (YYYY-MM)
collection_date,description,water,The date of sampling as an instance. Format: YYYY-MM-DD. Also valid if entire collection date is unknown is just year (YYYY) or just year and month (YYYY-MM)
collection_date,description,aerosol,The date of sampling as an instance. Format: YYYY-MM-DD. Also valid if entire collection date is unknown is just year (YYYY) or just year and month (YYYY-MM)
collection_date,description,aerosol-arm,The date of sampling as an instance. Format: YYYY-MM-DD. Also valid if entire collection date is unknown is just year (YYYY) or just year and month (YYYY-MM)
collection_date,description,pure-culture,The date of sampling as an instance. Format: YYYY-MM-DD. Also valid if entire collection date is unknown is just year (YYYY) or just year and month (YYYY-MM)
collection_date,description,culture-environmental,The date of sampling as an instance. Format: YYYY-MM-DD. Also valid if entire collection date is unknown is just year (YYYY) or just year and month (YYYY-MM)
collection_date,description,commercially-purchased,The date of sampling as an instance. Format: YYYY-MM-DD. Also valid if entire collection date is unknown is just year (YYYY) or just year and month (YYYY-MM)
collection_date,description,mixed-culture,The date of sampling either as an instance (single point) or interval. For commercially purchased samples this will be the purchase date.
collection_date,description,sediment,The date of sampling as an instance. Format: YYYY-MM-DD. Also valid if entire collection date is unknown is just year (YYYY) or just year and month (YYYY-MM)
collection_date,description,terraform,The date of sampling as an instance. Format: YYYY-MM-DD. Also valid if entire collection date is unknown is just year (YYYY) or just year and month (YYYY-MM)
collection_date,description,synthesized-material,The date of sampling as an instance. Format: YYYY-MM-DD. Also valid if entire collection date is unknown is just year (YYYY) or just year and month (YYYY-MM)
collection_date,description,monet-soil,The date of sampling as an instance. Format: YYYY-MM-DD. Also valid if entire collection date is unknown is just year (YYYY) or just year and month (YYYY-MM)
collection_date,description,engineered-strain,The date of sampling as an instance. Format: YYYY-MM-DD. Also valid if entire collection date is unknown is just year (YYYY) or just year and month (YYYY-MM)
collection_date,description,plant,The date of sampling as an instance. Format: YYYY-MM-DD. Also valid if entire collection date is unknown is just year (YYYY) or just year and month (YYYY-MM)
collection_date,type,field-deployed-terraform,string
collection_date,type,other-undescribed,string
collection_date,type,soil,string
collection_date,type,water,string
collection_date,type,aerosol,string
collection_date,type,aerosol-arm,string
collection_date,type,pure-culture,string
collection_date,type,culture-environmental,string
collection_date,type,commercially-purchased,string
collection_date,type,mixed-culture,string
collection_date,type,sediment,string
collection_date,type,terraform,string
collection_date,type,synthesized-material,string
collection_date,type,monet-soil,string
collection_date,type,engineered-strain,string
collection_date,type,plant,string
collection_time,title,field-deployed-terraform,collection time
collection_time,title,other-undescribed,collection time
collection_time,title,soil,collection time
collection_time,title,water,collection time
collection_time,title,aerosol,collection time
collection_time,title,aerosol-arm,collection time
collection_time,title,pure-culture,collection time
collection_time,title,culture-environmental,collection time
collection_time,title,mixed-culture,collection time
collection_time,title,sediment,collection time
collection_time,title,terraform,collection time
collection_time,title,monet-soil,collection time
collection_time,title,plant,collection time
collection_time,description,field-deployed-terraform,The time of sampling as an instance (single point). Required format: HH:MM:SS in 24-hour time format. Don't forget the second! (Unit: hh:mm:ss or HH:MM:SS)
collection_time,description,other-undescribed,The time of sampling either as an instance (single point) or interval. Time should be formatted as HH:MM:SS in 24-hour time format
collection_time,description,soil,The time of sampling as an instance (single point). Required format: HH:MM:SS in 24-hour time format. Don't forget the second! (Unit: hh:mm:ss or HH:MM:SS)
collection_time,description,water,The time of sampling as an instance (single point). Required format: HH:MM:SS in 24-hour time format. Don't forget the second! (Unit: hh:mm:ss or HH:MM:SS)
collection_time,description,aerosol,The time of sampling as an instance (single point). Required format: HH:MM:SS in 24-hour time format. Don't forget the second! (Unit: hh:mm:ss or HH:MM:SS)
collection_time,description,aerosol-arm,The time of sampling as an instance (single point). Required format: HH:MM:SS in 24-hour time format. Don't forget the second! (Unit: hh:mm:ss or HH:MM:SS)
collection_time,description,pure-culture,The time of sampling as an instance (single point). Required format: HH:MM:SS in 24-hour time format. Don't forget the second! (Unit: hh:mm:ss or HH:MM:SS)
collection_time,description,culture-environmental,The time of sampling as an instance (single point). Required format: HH:MM:SS in 24-hour time format. Don't forget the second! (Unit: hh:mm:ss or HH:MM:SS)
collection_time,description,mixed-culture,The time of sampling either as an instance (single point) or interval. Time should be formatted as HH:MM:SS in 24-hour time format
collection_time,description,sediment,The time of sampling as an instance (single point). Required format: HH:MM:SS in 24-hour time format. Don't forget the second! (Unit: hh:mm:ss or HH:MM:SS)
collection_time,description,terraform,The time of sampling as an instance (single point). Required format: HH:MM:SS in 24-hour time format. Don't forget the second! (Unit: hh:mm:ss or HH:MM:SS)
collection_time,description,monet-soil,The time of sampling as an instance (single point). Required format: HH:MM:SS in 24-hour time format. Don't forget the second! (Unit: hh:mm:ss or HH:MM:SS)
collection_time,description,plant,The time of sampling as an instance (single point). Required format: HH:MM:SS in 24-hour time format. Don't forget the second! (Unit: hh:mm:ss or HH:MM:SS)
collection_time,type,field-deployed-terraform,string
collection_time,type,other-undescribed,string
collection_time,type,soil,string
collection_time,type,water,string
collection_time,type,aerosol,string
collection_time,type,aerosol-arm,string
collection_time,type,pure-culture,string
collection_time,type,culture-environmental,string
collection_time,type,mixed-culture,string
collection_time,type,sediment,string
collection_time,type,terraform,string
collection_time,type,monet-soil,string
collection_time,type,plant,string
color_code,title,aerosol-arm,color code
color_code,description,aerosol-arm,Color indicates the max altitude.
color_code,type,aerosol-arm,string
color_code,enum,aerosol-arm,Red- 0-250m ProfilingRed Hashed- 0-250m LoiteringYellow- 251-500m ProfilingYellow Hashed- 251-500m LoiteringGreen- 501-750m ProfilingGreen Hashed- 501-750m LoiteringBlue- 751-1000m ProfilingBlue Hashed- 751-1000m LoiteringPurple- >=1001m ProfilingPurple Hashed- >=1001m Loitering
component_description,title,engineered-strain,construct component description
component_description,description,engineered-strain,Provide a short statement describing the function of the construct component. You may provide an optional literature reference for lesser-known components.
component_description,type,engineered-strain,string
component_name,title,engineered-strain,construct component name
component_name,description,engineered-strain,Provide a one-to-three word name based on the component. If using an acronym provide the full component name in the component description.
component_name,type,engineered-strain,string
compound_name,title,other-undescribed,compound name
compound_name,title,commercially-purchased,compound name
compound_name,title,synthesized-material,compound name
compound_name,description,other-undescribed,The name of the purchased material. A substance formed by chemical union of two or more elements or ingredients in definite proportion by weight.
compound_name,description,commercially-purchased,The name of the purchased material. A substance formed by chemical union of two or more elements or ingredients in definite proportion by weight.
compound_name,description,synthesized-material,The name of the purchased material. A substance formed by chemical union of two or more elements or ingredients in definite proportion by weight.
compound_name,type,other-undescribed,string
compound_name,type,commercially-purchased,string
compound_name,type,synthesized-material,string
conduc,title,other-undescribed,conductivity
conduc,title,water,conductivity
conduc,description,other-undescribed,Electrical conductivity of water
conduc,description,water,Electrical conductivity of water. Provide value and unit any unit is valid.
conduc,type,other-undescribed,string
conduc,type,water,string
construct_component,title,engineered-strain,construct component
construct_component,description,engineered-strain,Select the construct component type.
construct_component,type,engineered-strain,string
construct_component,enum,engineered-strain,None3'UTR5'UTREnhancerEpitope TagExonFlanking ElementGeneIntronLeader SequencePromotorRecognition SequenceSignal SequenceSpacerTargeting SequenceTerminatorTransit PeptideVector Sequence
crop_rotation,title,other-undescribed,crop rotation
crop_rotation,title,soil,crop rotation
crop_rotation,title,monet-soil,crop rotation
crop_rotation,description,other-undescribed,Whether or not crop is rotated and if yes rotation schedule
crop_rotation,description,soil,Whether or not crop is rotated and if yes rotation schedule
crop_rotation,description,monet-soil,Whether or not crop is rotated and if yes rotation schedule
crop_rotation,type,other-undescribed,string
crop_rotation,type,soil,string
crop_rotation,type,monet-soil,string
cult_root_med,title,field-deployed-terraform,culture rooting medium
cult_root_med,title,terraform,culture rooting medium
cult_root_med,description,field-deployed-terraform,Name or reference for the hydroponic or in vitro culture rooting medium; can be the name of a commonly used medium or reference to a specific medium e.g. Murashige and Skoog medium. If the medium has not been formally published use the rooting medium descriptors.
cult_root_med,description,terraform,Name or reference for the hydroponic or in vitro culture rooting medium; can be the name of a commonly used medium or reference to a specific medium e.g. Murashige and Skoog medium. If the medium has not been formally published use the rooting medium descriptors.
cult_root_med,type,field-deployed-terraform,string
cult_root_med,type,terraform,string
cur_land_use,title,field-deployed-terraform,current land use
cur_land_use,title,other-undescribed,current land use
cur_land_use,title,soil,current land use
cur_land_use,title,monet-soil,current land use
cur_land_use,description,field-deployed-terraform,Present state of sample site. This slot is NOT multivalued. Valid entries: badlands cities conifers crop trees farmstead gravel hardwoods hayland horticultural plants industrial areas intermixed marshlands meadows mines quarries mudflats oil waste pastureland permanent snow or ice rainforest rangeland roads railroads rock row crops saline seeps salt flats sand shrub crops shrub land small grains successional shrub land swamp tropical tundra vegetable crops vine crops
cur_land_use,description,other-undescribed,Present state of sample site
cur_land_use,description,soil,Present state of sample site. This slot is NOT multivalued. Valid entries: badlands cities conifers crop trees farmstead gravel hardwoods hayland horticultural plants industrial areas intermixed marshlands meadows mines quarries mudflats oil waste pastureland permanent snow or ice rainforest rangeland roads railroads rock row crops saline seeps salt flats sand shrub crops shrub land small grains successional shrub land swamp tropical tundra vegetable crops vine crops
cur_land_use,description,monet-soil,Present state of sample site. This slot is NOT multivalued. Valid entries: badlands cities conifers crop trees farmstead gravel hardwoods hayland horticultural plants industrial areas intermixed marshlands meadows mines quarries mudflats oil waste pastureland permanent snow or ice rainforest rangeland roads railroads rock row crops saline seeps salt flats sand shrub crops shrub land small grains successional shrub land swamp tropical tundra vegetable crops vine crops
cur_land_use,type,field-deployed-terraform,string
cur_land_use,type,other-undescribed,string
cur_land_use,type,soil,string
cur_land_use,type,monet-soil,string
cur_land_use,enum,field-deployed-terraform,badlandscitiesconiferscrop treesfarmsteadgravelhardwoodshaylandhorticultural plantsindustrial areasintermixedmarshlandsmeadowsmines quarriesmudflatsoil wastepasturelandpermanent snow or icerainforestrangelandroads railroadsrockrow cropssaline seepssalt flatssandshrub cropsshrub landsmall grainssuccessional shrub landswamptropicaltundravegetable cropsvine crops
cur_land_use,enum,soil,badlandscitiesconiferscrop treesfarmsteadgravelhardwoodshaylandhorticultural plantsindustrial areasintermixedmarshlandsmeadowsmines quarriesmudflatsoil wastepasturelandpermanent snow or icerainforestrangelandroads railroadsrockrow cropssaline seepssalt flatssandshrub cropsshrub landsmall grainssuccessional shrub landswamptropicaltundravegetable cropsvine crops
cur_land_use,enum,monet-soil,badlandscitiesconiferscrop treesfarmsteadgravelhardwoodshaylandhorticultural plantsindustrial areasintermixedmarshlandsmeadowsmines quarriesmudflatsoil wastepasturelandpermanent snow or icerainforestrangelandroads railroadsrockrow cropssaline seepssalt flatssandshrub cropsshrub landsmall grainssuccessional shrub landswamptropicaltundravegetable cropsvine crops
cur_vegetation,title,field-deployed-terraform,current vegetation
cur_vegetation,title,other-undescribed,current vegetation
cur_vegetation,title,soil,current vegetation
cur_vegetation,title,monet-soil,current vegetation
cur_vegetation,description,field-deployed-terraform,Vegetation classification from one or more standard classification systems or agricultural crop
cur_vegetation,description,other-undescribed,Vegetation classification from one or more standard classification systems or agricultural crop
cur_vegetation,description,soil,Vegetation classification from one or more standard classification systems or agricultural crop
cur_vegetation,description,monet-soil,Vegetation classification from one or more standard classification systems or agricultural crop
cur_vegetation,type,field-deployed-terraform,string
cur_vegetation,type,other-undescribed,string
cur_vegetation,type,soil,string
cur_vegetation,type,monet-soil,string
cur_vegetation_meth,title,field-deployed-terraform,current vegetation method
cur_vegetation_meth,title,other-undescribed,current vegetation method
cur_vegetation_meth,title,soil,current vegetation method
cur_vegetation_meth,title,monet-soil,current vegetation method
cur_vegetation_meth,description,field-deployed-terraform,Reference or method used in vegetation classification
cur_vegetation_meth,description,other-undescribed,Reference or method used in vegetation classification
cur_vegetation_meth,description,soil,Reference or method used in vegetation classification
cur_vegetation_meth,description,monet-soil,Reference or method used in vegetation classification
cur_vegetation_meth,type,field-deployed-terraform,string
cur_vegetation_meth,type,other-undescribed,string
cur_vegetation_meth,type,soil,string
cur_vegetation_meth,type,monet-soil,string
density,title,other-undescribed,density
density,title,water,density
density,title,sediment,density
density,description,other-undescribed,Density of the sample which is its mass per unit volume (aka volumetric mass density)
density,description,water,Density of the sample which is its mass per unit volume (aka volumetric mass density) (Unit: g/m3 or g/cm3)
density,description,sediment,Density of the sample which is its mass per unit volume (aka volumetric mass density) (Unit: g/m3 or g/cm3)
density,type,other-undescribed,string
density,type,water,string
density,type,sediment,string
depth,title,field-deployed-terraform,depth
depth,title,other-undescribed,depth
depth,title,soil,depth
depth,title,water,depth
depth,title,sediment,depth
depth,title,monet-soil,depth
depth,description,field-deployed-terraform,The vertical distance below local surface. For sediment or soil samples depth is measured from sediment or soil surface respectively. Depth is required to be reported as an interval for subsurface samples. (Units: m)
depth,description,other-undescribed,The vertical distance below local surface. For sediment or soil samples depth is measured from sediment or soil surface respectively. Depth can be reported as an interval for subsurface samples. (Units: m)
depth,description,soil,The vertical distance below local surface. For sediment or soil samples depth is measured from sediment or soil surface respectively. Depth is required to be reported as an interval for subsurface samples. (Units: m)
depth,description,water,The vertical distance below local surface of the water. (Units: m)
depth,description,sediment,The vertical distance below local surface. For sediment or soil samples depth is measured from sediment or soil surface respectively. Depth is required to be reported as an interval for subsurface samples. (Units: m)
depth,description,monet-soil,The vertical distance below local surface. For sediment or soil samples depth is measured from sediment or soil surface respectively. Depth is required to be reported as an interval for subsurface samples. (Units: cm or m)
depth,type,field-deployed-terraform,string
depth,type,other-undescribed,string
depth,type,soil,string
depth,type,water,string
depth,type,sediment,string
depth,type,monet-soil,string
diether_lipids,title,other-undescribed,diether lipids
diether_lipids,title,water,diether lipids
diether_lipids,title,sediment,diether lipids concentration
diether_lipids,description,other-undescribed,Concentration of diether lipids; can include multiple types of diether lipids
diether_lipids,description,water,Concentration of diether lipids; can include multiple types of diether lipids (Unit: ng/L)
diether_lipids,description,sediment,Concentration of diether lipids; can include multiple types of diether lipids (Unit: ng/L)
diether_lipids,type,other-undescribed,string
diether_lipids,type,water,string
diether_lipids,type,sediment,string
diss_carb_dioxide,title,other-undescribed,dissolved carbon dioxide
diss_carb_dioxide,title,water,dissolved carbon dioxide
diss_carb_dioxide,title,sediment,dissolved carbon dioxide concentration
diss_carb_dioxide,description,other-undescribed,Concentration of dissolved carbon dioxide in the sample or liquid portion of the sample
diss_carb_dioxide,description,water,Concentration of dissolved carbon dioxide in the sample or liquid portion of the sample (Unit: umol/L or mg/L)
diss_carb_dioxide,description,sediment,Concentration of dissolved carbon dioxide in the sample or liquid portion of the sample (Unit: umol/L or mg/L)
diss_carb_dioxide,type,other-undescribed,string
diss_carb_dioxide,type,water,string
diss_carb_dioxide,type,sediment,string
diss_hydrogen,title,other-undescribed,dissolved hydrogen
diss_hydrogen,title,water,dissolved hydrogen
diss_hydrogen,title,sediment,dissolved hydrogen concentration
diss_hydrogen,description,other-undescribed,Concentration of dissolved hydrogen
diss_hydrogen,description,water,Concentration of dissolved hydrogens (Unit: umol/L)
diss_hydrogen,description,sediment,Concentration of dissolved hydrogens (Unit: umol/L)
diss_hydrogen,type,other-undescribed,string
diss_hydrogen,type,water,string
diss_hydrogen,type,sediment,string
diss_inorg_carb,title,other-undescribed,dissolved inorganic carbon
diss_inorg_carb,title,water,dissolved inorganic carbon
diss_inorg_carb,title,sediment,dissolved inorganic carbon concentration
diss_inorg_carb,description,other-undescribed,Dissolved inorganic carbon concentration in the sample typically measured after filtering the sample using a 0.45 micrometer filter
diss_inorg_carb,description,water,Dissolved inorganic carbon concentration in the sample typically measured after filtering the sample using a 0.45 micrometer filter (Unit:  ug/L or mg/L or ppm)
diss_inorg_carb,description,sediment,Dissolved inorganic carbon concentration in the sample typically measured after filtering the sample using a 0.45 micrometer filter (Unit:  ug/L or mg/L or ppm)
diss_inorg_carb,type,other-undescribed,string
diss_inorg_carb,type,water,string
diss_inorg_carb,type,sediment,string
diss_inorg_nitro,title,other-undescribed,dissolved inorganic nitrogen
diss_inorg_nitro,title,water,dissolved inorganic nitrogen
diss_inorg_nitro,description,other-undescribed,Concentration of dissolved inorganic nitrogen
diss_inorg_nitro,description,water,Concentration of dissolved inorganic nitrogen. (Unit: ug/L or umol/L)
diss_inorg_nitro,type,other-undescribed,string
diss_inorg_nitro,type,water,string
diss_inorg_phosp,title,other-undescribed,dissolved inorganic phosphate
diss_inorg_phosp,title,water,dissolved inorganic phosphate
diss_inorg_phosp,description,other-undescribed,Concentration of dissolved inorganic phosphorus in the sample
diss_inorg_phosp,description,water,Concentration of dissolved inorganic phosphorus in the sample. Provide value and unit any unit is valid.
diss_inorg_phosp,type,other-undescribed,string
diss_inorg_phosp,type,water,string
diss_org_carb,title,other-undescribed,dissolved organic carbon
diss_org_carb,title,water,dissolved organic carbon
diss_org_carb,title,sediment,dissolved organic carbon concentration
diss_org_carb,description,other-undescribed,Concentration of dissolved organic carbon in the sample liquid portion of the sample or aqueous phase of the fluid
diss_org_carb,description,water,Concentration of dissolved organic carbon in the sample liquid portion of the sample or aqueous phase of the fluid. (Unit:  umol/L or mg/L)
diss_org_carb,description,sediment,Concentration of dissolved organic carbon in the sample liquid portion of the sample or aqueous phase of the fluid. (Unit:  umol/L or mg/L)
diss_org_carb,type,other-undescribed,string
diss_org_carb,type,water,string
diss_org_carb,type,sediment,string
diss_org_nitro,title,other-undescribed,dissolved organic nitrogen
diss_org_nitro,title,water,dissolved organic nitrogen
diss_org_nitro,title,sediment,dissolved organic nitrogen concentration
diss_org_nitro,description,other-undescribed,Dissolved organic nitrogen concentration measured as; total dissolved nitrogen - NH4 - NO3 - NO2
diss_org_nitro,description,water,Dissolved organic nitrogen concentration measured as; total dissolved nitrogen - NH4 - NO3 - NO2. Provide value and unit any unit is valid
diss_org_nitro,description,sediment,Dissolved organic nitrogen concentration measured as; total dissolved nitrogen - NH4 - NO3 - NO2. Provide value and unit any unit is valid
diss_org_nitro,type,other-undescribed,string
diss_org_nitro,type,water,string
diss_org_nitro,type,sediment,string
diss_oxygen,title,other-undescribed,dissolved oxygen
diss_oxygen,title,water,dissolved oxygen
diss_oxygen,title,sediment,dissolved oxygen concentration
diss_oxygen,description,other-undescribed,Concentration of dissolved oxygen
diss_oxygen,description,water,Concentration of dissolved oxygen. (Unit: umol/kg or mg/L)
diss_oxygen,description,sediment,Concentration of dissolved oxygen. (Unit: umol/kg or mg/L)
diss_oxygen,type,other-undescribed,string
diss_oxygen,type,water,string
diss_oxygen,type,sediment,string
donor_organism,title,engineered-strain,donor organism
donor_organism,description,engineered-strain,Provide the scientific name (genus and species) of the organism from which the construct component was first described or obtained. You may enter 'synthetic' if relevant.
donor_organism,type,engineered-strain,string
down_par,title,other-undescribed,downward PAR
down_par,title,water,downward PAR
down_par,description,other-undescribed,Visible waveband radiance and irradiance measurements in the water column
down_par,description,water,Visible waveband radiance and irradiance measurements in the water column. Provide value and unit any unit is valid.
down_par,type,other-undescribed,string
down_par,type,water,string
drainage_class,title,other-undescribed,drainage class
drainage_class,title,soil,drainage class
drainage_class,title,monet-soil,drainage class
drainage_class,description,other-undescribed,Drainage classification from a standard system such as the USDA system
drainage_class,description,soil,Drainage classification from a standard system such as the USDA system
drainage_class,description,monet-soil,Drainage classification from a standard system such as the USDA system
drainage_class,type,other-undescribed,string
drainage_class,type,soil,string
drainage_class,type,monet-soil,string
drainage_class,enum,soil,Excessively_DrainedModerately_WellPoorlySomewhat_PoorlyVery_PoorlyWell
drainage_class,enum,monet-soil,Excessively_DrainedModerately_WellPoorlySomewhat_PoorlyVery_PoorlyWell
ecoregion,title,monet-soil,ecoregion
ecoregion,description,monet-soil,Areas where ecosystems (and the type quality and quantity of environmental resources) are generally similar. A map of these regions can be found at https://www.neonscience.org/field-sites/about-field-sites. This field is NOT multivalued. Valid entries: Northeast Mid Atlantic Southeast Atlantic Neotropical Great Lakes Prairie Peninsula Appalachians / Cumberland Plateau Ozarks Complex Northern Plains Central Plains Southern Plains Northern Rockies Southern Rockies/ Colorado Plateau Desert Southwest Great Basin Pacific Northwest Pacific Southwest Tundra Taiga Pacific Tropical
ecoregion,type,monet-soil,string
ecoregion,enum,monet-soil,NortheastMid AtlanticSoutheastAtlantic NeotropicalGreat LakesPrairie PeninsulaAppalachians / Cumberland PlateauOzarks ComplexNorthern PlainsCentral PlainsSouthern PlainsNorthern RockiesSouthern Rockies/ Colorado PlateauDesert SouthwestGreat BasinPacific NorthwestPacific SouthwestTundraTaigaPacific Tropical
efficiency_percent,title,other-undescribed,efficiency percent
efficiency_percent,description,other-undescribed,percentage of volatile solids removed from the anaerobic digestor
efficiency_percent,type,other-undescribed,string
elev,title,field-deployed-terraform,elevation
elev,title,other-undescribed,elevation
elev,title,soil,elevation
elev,title,water,elevation
elev,title,aerosol,elevation
elev,title,aerosol-arm,elevation
elev,title,culture-environmental,elevation
elev,title,sediment,elevation
elev,title,monet-soil,elevation
elev,title,plant,elevation
elev,description,field-deployed-terraform,Elevation of the sampling site is its height above a fixed reference point most commonly the mean sea level. Elevation is mainly used when referring to points on the earth's surface. (Unit: m).
elev,description,other-undescribed,Elevation of the sampling site is its height above a fixed reference point most commonly the mean sea level. Elevation is mainly used when referring to points on the earth's surface. (Unit: m).
elev,description,soil,Elevation of the sampling site is its height above a fixed reference point most commonly the mean sea level. Elevation is mainly used when referring to points on the earth's surface. (Unit: m).
elev,description,water,Elevation of the sampling site is its height above a fixed reference point most commonly the mean sea level. Elevation is mainly used when referring to points on the earth's surface. (Unit: m).
elev,description,aerosol,Elevation of the sampling site is its height above a fixed reference point most commonly the mean sea level. Elevation is mainly used when referring to points on the earth's surface. (Unit: m).
elev,description,aerosol-arm,Elevation of the sampling site is its height above a fixed reference point most commonly the mean sea level. Elevation is mainly used when referring to points on the earth's surface. (Unit: m).
elev,description,culture-environmental,Elevation of the sampling site is its height above a fixed reference point most commonly the mean sea level. Elevation is mainly used when referring to points on the earth's surface. (Unit: m).
elev,description,sediment,Elevation of the sampling site is its height above a fixed reference point most commonly the mean sea level. Elevation is mainly used when referring to points on the earth's surface. (Unit: m).
elev,description,monet-soil,Elevation of the sampling site is its height above a fixed reference point most commonly the mean sea level. Elevation is mainly used when referring to points on the earth's surface. (Unit: m).
elev,description,plant,Elevation of the sampling site is its height above a fixed reference point most commonly the mean sea level. Elevation is mainly used when referring to points on the earth's surface. (Unit: m).
elev,type,field-deployed-terraform,string
elev,type,other-undescribed,string
elev,type,soil,string
elev,type,water,string
elev,type,aerosol,string
elev,type,aerosol-arm,string
elev,type,culture-environmental,string
elev,type,sediment,string
elev,type,monet-soil,string
elev,type,plant,string
emulsions,title,other-undescribed,emulsions
emulsions,description,other-undescribed,amount or concentration of substances such as paints adhesives mayonnaise hair colorants emulsified oils etc.; can include multiple emulsion types
emulsions,type,other-undescribed,string
encoded_traits,title,field-deployed-terraform,encoded traits
encoded_traits,title,other-undescribed,encoded traits
encoded_traits,title,pure-culture,encoded traits
encoded_traits,title,culture-environmental,encoded traits
encoded_traits,title,mixed-culture,encoded traits
encoded_traits,title,terraform,encoded traits
encoded_traits,description,field-deployed-terraform,Should include key traits like antibiotic resistance or xenobiotic degradation phenotypes for plasmids converting genes for phage
encoded_traits,description,other-undescribed,Should include key traits like antibiotic resistance or xenobiotic degradation phenotypes for plasmids converting genes for phage
encoded_traits,description,pure-culture,Should include key traits like antibiotic resistance or xenobiotic degradation phenotypes for plasmids converting genes for phage
encoded_traits,description,culture-environmental,Should include key traits like antibiotic resistance or xenobiotic degradation phenotypes for plasmids converting genes for phage
encoded_traits,description,mixed-culture,Should include key traits like antibiotic resistance or xenobiotic degradation phenotypes for plasmids converting genes for phage
encoded_traits,description,terraform,Should include key traits like antibiotic resistance or xenobiotic degradation phenotypes for plasmids converting genes for phage
encoded_traits,type,field-deployed-terraform,string
encoded_traits,type,other-undescribed,string
encoded_traits,type,pure-culture,string
encoded_traits,type,culture-environmental,string
encoded_traits,type,mixed-culture,string
encoded_traits,type,terraform,string
env_broad_scale,title,field-deployed-terraform,broad-scale environmental context
env_broad_scale,title,other-undescribed,broad-scale environmental context
env_broad_scale,title,soil,broad-scale environmental context
env_broad_scale,title,water,broad-scale environmental context
env_broad_scale,title,aerosol,environmental broad scale
env_broad_scale,title,aerosol-arm,broad-scale environmental context
env_broad_scale,title,sediment,broad-scale environmental context
env_broad_scale,title,monet-soil,broad-scale environmental context
env_broad_scale,title,plant,broad-scale environmental context
env_broad_scale,description,field-deployed-terraform,Report the major environmental system the sample or specimen came from. The system identified should have a coarse spatial grain to provide the general environmental context of where the sampling was done (e.g. in the desert or a rainforest). We recommend using subclasses of EnvO's biome class: http://purl.obolibrary.org/obo/ENVO_00000428. EnvO documentation about how to use the field: https://github.com/EnvironmentOntology/envo/wiki/Using-ENVO-with-MIxS
env_broad_scale,description,other-undescribed,Report which major environmental system your sample or specimen came from. The systems identified should have a coarse spatial grain to provide the general environmental context of where the sampling was done (e.g. were you in the desert or a rainforest?). We recommend using subclasses of ENVO's biome class: http://purl.obolibrary.org/obo/ENVO_00000428.
env_broad_scale,description,soil,Report the major environmental system the sample or specimen came from. The system identified should have a coarse spatial grain to provide the general environmental context of where the sampling was done (e.g. in the desert or a rainforest). We recommend using subclasses of EnvO's biome class: http://purl.obolibrary.org/obo/ENVO_00000428. EnvO documentation about how to use the field: https://github.com/EnvironmentOntology/envo/wiki/Using-ENVO-with-MIxS
env_broad_scale,description,water,Report the major environmental system the sample or specimen came from. The system identified should have a coarse spatial grain to provide the general environmental context of where the sampling was done (e.g. in the desert or a rainforest). We recommend using subclasses of EnvO's biome class: http://purl.obolibrary.org/obo/ENVO_00000428. EnvO documentation about how to use the field: https://github.com/EnvironmentOntology/envo/wiki/Using-ENVO-with-MIxS
env_broad_scale,description,aerosol,Report the major environmental system the sample or specimen came from. The system identified should have a coarse spatial grain to provide the general environmental context of where the sampling was done (e.g. in the desert or a rainforest). We recommend using subclasses of EnvO s biome class: http://purl.obolibrary.org/obo/ENVO_00000428. EnvO documentation about how to use the field: https://github.com/EnvironmentOntology/envo/wiki/Using-ENVO-with-MIxS
env_broad_scale,description,aerosol-arm,Report the major environmental system the sample or specimen came from. The system identified should have a coarse spatial grain to provide the general environmental context of where the sampling was done (e.g. in the desert or a rainforest). We recommend using subclasses of EnvO's biome class: http://purl.obolibrary.org/obo/ENVO_00000428. EnvO documentation about how to use the field: https://github.com/EnvironmentOntology/envo/wiki/Using-ENVO-with-MIxS
env_broad_scale,description,sediment,Report the major environmental system the sample or specimen came from. The system identified should have a coarse spatial grain to provide the general environmental context of where the sampling was done (e.g. in the desert or a rainforest). We recommend using subclasses of EnvO's biome class: http://purl.obolibrary.org/obo/ENVO_00000428. EnvO documentation about how to use the field: https://github.com/EnvironmentOntology/envo/wiki/Using-ENVO-with-MIxS
env_broad_scale,description,monet-soil,Report the major environmental system the sample or specimen came from. The system identified should have a coarse spatial grain to provide the general environmental context of where the sampling was done (e.g. in the desert or a rainforest). We recommend using subclasses of EnvO's biome class: http://purl.obolibrary.org/obo/ENVO_00000428. EnvO documentation about how to use the field: https://github.com/EnvironmentOntology/envo/wiki/Using-ENVO-with-MIxS
env_broad_scale,description,plant,Report the major environmental system the sample or specimen came from. The system identified should have a coarse spatial grain to provide the general environmental context of where the sampling was done (e.g. in the desert or a rainforest). We recommend using subclasses of EnvO's biome class: http://purl.obolibrary.org/obo/ENVO_00000428. EnvO documentation about how to use the field: https://github.com/EnvironmentOntology/envo/wiki/Using-ENVO-with-MIxS
env_broad_scale,type,field-deployed-terraform,string
env_broad_scale,type,other-undescribed,string
env_broad_scale,type,soil,string
env_broad_scale,type,water,string
env_broad_scale,type,aerosol,string
env_broad_scale,type,aerosol-arm,string
env_broad_scale,type,sediment,string
env_broad_scale,type,monet-soil,string
env_broad_scale,type,plant,string
env_local_scale,title,field-deployed-terraform,local environmental context
env_local_scale,title,other-undescribed,local environmental context
env_local_scale,title,soil,local environmental context
env_local_scale,title,water,local environmental context
env_local_scale,title,aerosol,environmental local scale
env_local_scale,title,aerosol-arm,local environmental context
env_local_scale,title,sediment,local environmental context
env_local_scale,title,monet-soil,local environmental context
env_local_scale,title,plant,local environmental context
env_local_scale,description,field-deployed-terraform,Report the entity which are in your sample or specimens local vicinity and which you believe have significant causal influences on your sample or specimen. Please use terms that are present in ENVO and which are of smaller spatial grain than your entry for env_broad_scale.If needed request new terms on the ENVO tracker identified here: http://www.obofoundry.org/ontology/envo.html
env_local_scale,description,other-undescribed,Report the entity which are in the sample or specimen's local vicinity and which you believe have significant causal influences on your sample or specimen. We recommend using EnvO terms which are of smaller spatial grain than your entry for env_broad_scale. Terms such as anatomical sites from other OBO Library ontologies which interoperate with EnvO (e.g. UBERON) are accepted in this field. EnvO documentation about how to use the field: https://github.com/EnvironmentOntology/envo/wiki/Using-ENVO-with-MIxS.
env_local_scale,description,soil,Report the entity which are in your sample or specimens local vicinity and which you believe have significant causal influences on your sample or specimen. Please use terms that are present in ENVO and which are of smaller spatial grain than your entry for env_broad_scale.If needed request new terms on the ENVO tracker identified here: http://www.obofoundry.org/ontology/envo.html
env_local_scale,description,water,Report the entity which are in your sample or specimens local vicinity and which you believe have significant causal influences on your sample or specimen. Please use terms that are present in ENVO and which are of smaller spatial grain than your entry for env_broad_scale.If needed request new terms on the ENVO tracker identified here: http://www.obofoundry.org/ontology/envo.html
env_local_scale,description,aerosol,Report the entity which are in your sample or specimens local vicinity and which you believe have significant causal influences on your sample or specimen. Please use terms that are present in ENVO and which are of smaller spatial grain than your entry for env_broad_scale.If needed request new terms on the ENVO tracker identified here: http://www.obofoundry.org/ontology/envo.html
env_local_scale,description,aerosol-arm,Report the entity which are in your sample or specimens local vicinity and which you believe have significant causal influences on your sample or specimen. Please use terms that are present in ENVO and which are of smaller spatial grain than your entry for env_broad_scale.If needed request new terms on the ENVO tracker identified here: http://www.obofoundry.org/ontology/envo.html
env_local_scale,description,sediment,Report the entity which are in your sample or specimens local vicinity and which you believe have significant causal influences on your sample or specimen. Please use terms that are present in ENVO and which are of smaller spatial grain than your entry for env_broad_scale.If needed request new terms on the ENVO tracker identified here: http://www.obofoundry.org/ontology/envo.html
env_local_scale,description,monet-soil,Report the entity which are in your sample or specimens local vicinity and which you believe have significant causal influences on your sample or specimen. Please use terms that are present in ENVO and which are of smaller spatial grain than your entry for env_broad_scale.If needed request new terms on the ENVO tracker identified here: http://www.obofoundry.org/ontology/envo.html
env_local_scale,description,plant,Report the entity which are in your sample or specimens local vicinity and which you believe have significant causal influences on your sample or specimen. Please use terms that are present in ENVO and which are of smaller spatial grain than your entry for env_broad_scale.If needed request new terms on the ENVO tracker identified here: http://www.obofoundry.org/ontology/envo.html
env_local_scale,type,field-deployed-terraform,string
env_local_scale,type,other-undescribed,string
env_local_scale,type,soil,string
env_local_scale,type,water,string
env_local_scale,type,aerosol,string
env_local_scale,type,aerosol-arm,string
env_local_scale,type,sediment,string
env_local_scale,type,monet-soil,string
env_local_scale,type,plant,string
env_medium,title,field-deployed-terraform,environmental medium
env_medium,title,other-undescribed,environmental medium
env_medium,title,soil,environmental medium
env_medium,title,water,environmental medium
env_medium,title,aerosol,environmental medium
env_medium,title,aerosol-arm,environmental medium
env_medium,title,sediment,environmental medium
env_medium,title,monet-soil,environmental medium
env_medium,title,plant,environmental medium
env_medium,description,field-deployed-terraform,Report the environmental material immediately surrounding the sample or specimen at the time of sampling. We recommend using subclasses of 'environmental material' (http://purl.obolibrary.org/obo/ENVO_00010483). EnvO documentation about how to use the field: https://github.com/EnvironmentOntology/envo/wiki/Using-ENVO-with-MIxS .
env_medium,description,other-undescribed,Report the environmental material immediately surrounding the sample or specimen at the time of sampling. We recommend using subclasses of 'environmental material' (http://purl.obolibrary.org/obo/ENVO_00010483). EnvO documentation about how to use the field: https://github.com/EnvironmentOntology/envo/wiki/Using-ENVO-with-MIxS . Terms from other OBO ontologies are permissible as long as they reference mass/volume nouns (e.g. air water blood) and not discrete countable entities (e.g. a tree a leaf a table top).
env_medium,description,soil,Report the environmental material immediately surrounding the sample or specimen at the time of sampling. We recommend using subclasses of 'environmental material' (http://purl.obolibrary.org/obo/ENVO_00010483). EnvO documentation about how to use the field: https://github.com/EnvironmentOntology/envo/wiki/Using-ENVO-with-MIxS .
env_medium,description,water,Report the environmental material immediately surrounding the sample or specimen at the time of sampling. We recommend using subclasses of 'environmental material' (http://purl.obolibrary.org/obo/ENVO_00010483). EnvO documentation about how to use the field: https://github.com/EnvironmentOntology/envo/wiki/Using-ENVO-with-MIxS .
env_medium,description,aerosol,Report the environmental material immediately surrounding the sample or specimen at the time of sampling. We recommend using subclasses of 'environmental material' (http://purl.obolibrary.org/obo/ENVO_00010483). EnvO documentation about how to use the field: https://github.com/EnvironmentOntology/envo/wiki/Using-ENVO-with-MIxS .
env_medium,description,aerosol-arm,Report the environmental material immediately surrounding the sample or specimen at the time of sampling. We recommend using subclasses of 'environmental material' (http://purl.obolibrary.org/obo/ENVO_00010483). EnvO documentation about how to use the field: https://github.com/EnvironmentOntology/envo/wiki/Using-ENVO-with-MIxS .
env_medium,description,sediment,Report the environmental material immediately surrounding the sample or specimen at the time of sampling. We recommend using subclasses of 'environmental material' (http://purl.obolibrary.org/obo/ENVO_00010483). EnvO documentation about how to use the field: https://github.com/EnvironmentOntology/envo/wiki/Using-ENVO-with-MIxS .
env_medium,description,monet-soil,Report the environmental material immediately surrounding the sample or specimen at the time of sampling. We recommend using subclasses of 'environmental material' (http://purl.obolibrary.org/obo/ENVO_00010483). EnvO documentation about how to use the field: https://github.com/EnvironmentOntology/envo/wiki/Using-ENVO-with-MIxS .
env_medium,description,plant,Report the environmental material immediately surrounding the sample or specimen at the time of sampling. We recommend using subclasses of 'environmental material' (http://purl.obolibrary.org/obo/ENVO_00010483). EnvO documentation about how to use the field: https://github.com/EnvironmentOntology/envo/wiki/Using-ENVO-with-MIxS .
env_medium,type,field-deployed-terraform,string
env_medium,type,other-undescribed,string
env_medium,type,soil,string
env_medium,type,water,string
env_medium,type,aerosol,string
env_medium,type,aerosol-arm,string
env_medium,type,sediment,string
env_medium,type,monet-soil,string
env_medium,type,plant,string
experimental_factor,title,other-undescribed,experimental factor
experimental_factor,title,soil,experimental factor
experimental_factor,title,water,experimental factor
experimental_factor,title,aerosol,experimental factor
experimental_factor,title,aerosol-arm,experimental factor
experimental_factor,title,pure-culture,experimental factor
experimental_factor,title,culture-environmental,experimental factor
experimental_factor,title,commercially-purchased,experimental factor
experimental_factor,title,mixed-culture,experimental factor
experimental_factor,title,sediment,experimental factor
experimental_factor,title,synthesized-material,experimental factor
experimental_factor,title,plant,experimental factor
experimental_factor,description,other-undescribed,Experimental factors are essentially the variable aspects of an experiment design which can be used to describe an experiment or set of experiments in an increasingly detailed manner. This field accepts ontology terms from Experimental Factor Ontology (EFO) and/or Ontology for Biomedical Investigations (OBI). For a browser of EFO (v 2.95) terms please see http://purl.bioontology.org/ontology/EFO; for a browser of OBI (v 2018-02-12) terms please see http://purl.bioontology.org/ontology/OBI
experimental_factor,description,soil,Experimental factors are essentially the variable aspects of an experiment design which can be used to describe an experiment or set of experiments in an increasingly detailed manner. This field accepts ontology terms from Experimental Factor Ontology (EFO) and/or Ontology for Biomedical Investigations (OBI). For a browser of EFO (v 2.95) terms please see http://purl.bioontology.org/ontology/EFO; for a browser of OBI (v 2018-02-12) terms please see http://purl.bioontology.org/ontology/OBI
experimental_factor,description,water,Experimental factors are essentially the variable aspects of an experiment design which can be used to describe an experiment or set of experiments in an increasingly detailed manner. This field accepts ontology terms from Experimental Factor Ontology (EFO) and/or Ontology for Biomedical Investigations (OBI). For a browser of EFO (v 2.95) terms please see http://purl.bioontology.org/ontology/EFO; for a browser of OBI (v 2018-02-12) terms please see http://purl.bioontology.org/ontology/OBI
experimental_factor,description,aerosol,Experimental factors are essentially the variable aspects of an experiment design which can be used to describe an experiment or set of experiments in an increasingly detailed manner. This field accepts ontology terms from Experimental Factor Ontology (EFO) and/or Ontology for Biomedical Investigations (OBI). For a browser of EFO (v 2.95) terms please see http://purl.bioontology.org/ontology/EFO; for a browser of OBI (v 2018-02-12) terms please see http://purl.bioontology.org/ontology/OBI
experimental_factor,description,aerosol-arm,Experimental factors are essentially the variable aspects of an experiment design which can be used to describe an experiment or set of experiments in an increasingly detailed manner. This field accepts ontology terms from Experimental Factor Ontology (EFO) and/or Ontology for Biomedical Investigations (OBI). For a browser of EFO (v 2.95) terms please see http://purl.bioontology.org/ontology/EFO; for a browser of OBI (v 2018-02-12) terms please see http://purl.bioontology.org/ontology/OBI
experimental_factor,description,pure-culture,Experimental factors are essentially the variable aspects of an experiment design which can be used to describe an experiment or set of experiments in an increasingly detailed manner. This field accepts ontology terms from Experimental Factor Ontology (EFO) and/or Ontology for Biomedical Investigations (OBI). For a browser of EFO (v 2.95) terms please see http://purl.bioontology.org/ontology/EFO; for a browser of OBI (v 2018-02-12) terms please see http://purl.bioontology.org/ontology/OBI
experimental_factor,description,culture-environmental,Experimental factors are essentially the variable aspects of an experiment design which can be used to describe an experiment or set of experiments in an increasingly detailed manner. This field accepts ontology terms from Experimental Factor Ontology (EFO) and/or Ontology for Biomedical Investigations (OBI). For a browser of EFO (v 2.95) terms please see http://purl.bioontology.org/ontology/EFO; for a browser of OBI (v 2018-02-12) terms please see http://purl.bioontology.org/ontology/OBI
experimental_factor,description,commercially-purchased,Experimental factors are essentially the variable aspects of an experiment design which can be used to describe an experiment or set of experiments in an increasingly detailed manner. This field accepts ontology terms from Experimental Factor Ontology (EFO) and/or Ontology for Biomedical Investigations (OBI). For a browser of EFO (v 2.95) terms please see http://purl.bioontology.org/ontology/EFO; for a browser of OBI (v 2018-02-12) terms please see http://purl.bioontology.org/ontology/OBI
experimental_factor,description,mixed-culture,Experimental factors are essentially the variable aspects of an experiment design which can be used to describe an experiment or set of experiments in an increasingly detailed manner. This field accepts ontology terms from Experimental Factor Ontology (EFO) and/or Ontology for Biomedical Investigations (OBI). For a browser of EFO (v 2.95) terms please see http://purl.bioontology.org/ontology/EFO; for a browser of OBI (v 2018-02-12) terms please see http://purl.bioontology.org/ontology/OBI
experimental_factor,description,sediment,Experimental factors are essentially the variable aspects of an experiment design which can be used to describe an experiment or set of experiments in an increasingly detailed manner. This field accepts ontology terms from Experimental Factor Ontology (EFO) and/or Ontology for Biomedical Investigations (OBI). For a browser of EFO (v 2.95) terms please see http://purl.bioontology.org/ontology/EFO; for a browser of OBI (v 2018-02-12) terms please see http://purl.bioontology.org/ontology/OBI
experimental_factor,description,synthesized-material,Experimental factors are essentially the variable aspects of an experiment design which can be used to describe an experiment or set of experiments in an increasingly detailed manner. This field accepts ontology terms from Experimental Factor Ontology (EFO) and/or Ontology for Biomedical Investigations (OBI). For a browser of EFO (v 2.95) terms please see http://purl.bioontology.org/ontology/EFO; for a browser of OBI (v 2018-02-12) terms please see http://purl.bioontology.org/ontology/OBI
experimental_factor,description,plant,Experimental factors are essentially the variable aspects of an experiment design which can be used to describe an experiment or set of experiments in an increasingly detailed manner. This field accepts ontology terms from Experimental Factor Ontology (EFO) and/or Ontology for Biomedical Investigations (OBI). For a browser of EFO (v 2.95) terms please see http://purl.bioontology.org/ontology/EFO; for a browser of OBI (v 2018-02-12) terms please see http://purl.bioontology.org/ontology/OBI
experimental_factor,type,other-undescribed,string
experimental_factor,type,soil,string
experimental_factor,type,water,string
experimental_factor,type,aerosol,string
experimental_factor,type,aerosol-arm,string
experimental_factor,type,pure-culture,string
experimental_factor,type,culture-environmental,string
experimental_factor,type,commercially-purchased,string
experimental_factor,type,mixed-culture,string
experimental_factor,type,sediment,string
experimental_factor,type,synthesized-material,string
experimental_factor,type,plant,string
experimental_factor_other,title,other-undescribed,experimental factor other
experimental_factor_other,title,soil,experimental factor other
experimental_factor_other,title,water,experimental factor other
experimental_factor_other,title,aerosol,experimental factor other
experimental_factor_other,title,aerosol-arm,experimental factor other
experimental_factor_other,title,pure-culture,experimental factor other
experimental_factor_other,title,culture-environmental,experimental factor other
experimental_factor_other,title,commercially-purchased,experimental factor other
experimental_factor_other,title,mixed-culture,experimental factor other
experimental_factor_other,title,sediment,experimental factor other
experimental_factor_other,title,synthesized-material,experimental factor other
experimental_factor_other,title,plant,experimental factor other
experimental_factor_other,description,other-undescribed,Other details about your sample that you feel can't be accurately represented in the available columns.
experimental_factor_other,description,soil,Other details about your sample that you feel can't be accurately represented in the available columns.
experimental_factor_other,description,water,Other details about your sample that you feel can't be accurately represented in the available columns.
experimental_factor_other,description,aerosol,Other details about your sample that you feel can't be accurately represented in the available columns.
experimental_factor_other,description,aerosol-arm,Other details about your sample that you feel can't be accurately represented in the available columns.
experimental_factor_other,description,pure-culture,Other details about your sample that you feel can't be accurately represented in the available columns.
experimental_factor_other,description,culture-environmental,Other details about your sample that you feel can't be accurately represented in the available columns.
experimental_factor_other,description,commercially-purchased,Other details about your sample that you feel can't be accurately represented in the available columns.
experimental_factor_other,description,mixed-culture,Other details about your sample that you feel can't be accurately represented in the available columns.
experimental_factor_other,description,sediment,Other details about your sample that you feel can't be accurately represented in the available columns.
experimental_factor_other,description,synthesized-material,Other details about your sample that you feel can't be accurately represented in the available columns.
experimental_factor_other,description,plant,Other details about your sample that you feel can't be accurately represented in the available columns.
experimental_factor_other,type,other-undescribed,string
experimental_factor_other,type,soil,string
experimental_factor_other,type,water,string
experimental_factor_other,type,aerosol,string
experimental_factor_other,type,aerosol-arm,string
experimental_factor_other,type,pure-culture,string
experimental_factor_other,type,culture-environmental,string
experimental_factor_other,type,commercially-purchased,string
experimental_factor_other,type,mixed-culture,string
experimental_factor_other,type,sediment,string
experimental_factor_other,type,synthesized-material,string
experimental_factor_other,type,plant,string
extraction_method,title,other-undescribed,extraction method
extraction_method,title,soil,extraction method
extraction_method,title,water,extraction method
extraction_method,title,aerosol,extraction method
extraction_method,title,aerosol-arm,extraction method
extraction_method,title,pure-culture,extraction method
extraction_method,title,culture-environmental,extraction method
extraction_method,title,mixed-culture,extraction method
extraction_method,title,sediment,extraction method
extraction_method,title,plant,extraction method
extraction_method,description,other-undescribed,If you the user performed an extraction preparation or processing before sending the sample to EMSL what was it? This is only applicable when sending an "analytical sample". See README for more details on types of samples.
extraction_method,description,soil,If you the user performed an extraction preparation or processing before sending the sample to EMSL what was it? This is only applicable when sending an 'analytical sample'. See README for more details on types of samples.
extraction_method,description,water,If you the user performed an extraction preparation or processing before sending the sample to EMSL what was it? This is only applicable when sending an 'analytical sample'. See README for more details on types of samples.
extraction_method,description,aerosol,If you the user performed an extraction preparation or processing before sending the sample to EMSL what was it? This is only applicable when sending an 'analytical sample'. See README for more details on types of samples.
extraction_method,description,aerosol-arm,If you the user performed an extraction preparation or processing before sending the sample to EMSL what was it? This is only applicable when sending an 'analytical sample'. See README for more details on types of samples.
extraction_method,description,pure-culture,If you the user performed an extraction preparation or processing before sending the sample to EMSL what was it? This is only applicable when sending an 'analytical sample'. See README for more details on types of samples.
extraction_method,description,culture-environmental,If you the user performed an extraction preparation or processing before sending the sample to EMSL what was it? This is only applicable when sending an 'analytical sample'. See README for more details on types of samples.
extraction_method,description,mixed-culture,If you the user performed an extraction preparation or processing before sending the sample to EMSL what was it? This is only applicable when sending an "analytical sample". See README for more details on types of samples.
extraction_method,description,sediment,If you the user performed an extraction preparation or processing before sending the sample to EMSL what was it? This is only applicable when sending an 'analytical sample'. See README for more details on types of samples.
extraction_method,description,plant,If you the user performed an extraction preparation or processing before sending the sample to EMSL what was it? This is only applicable when sending an 'analytical sample'. See README for more details on types of samples.
extraction_method,type,other-undescribed,string
extraction_method,type,soil,string
extraction_method,type,water,string
extraction_method,type,aerosol,string
extraction_method,type,aerosol-arm,string
extraction_method,type,pure-culture,string
extraction_method,type,culture-environmental,string
extraction_method,type,mixed-culture,string
extraction_method,type,sediment,string
extraction_method,type,plant,string
extreme_event,title,other-undescribed,extreme event
extreme_event,title,soil,extreme event
extreme_event,title,sediment,extreme event
extreme_event,title,monet-soil,extreme event
extreme_event,description,other-undescribed,Unusual physical events that may have affected microbial populations
extreme_event,description,soil,Unusual physical events that may have affected microbial populations. Format: YYYY-MM-DD
extreme_event,description,sediment,Unusual physical events that may have affected microbial populations. Format: YYYY-MM-DD
extreme_event,description,monet-soil,Unusual physical events that may have affected microbial populations. Format: YYYY-MM-DD
extreme_event,type,other-undescribed,string
extreme_event,type,soil,string
extreme_event,type,sediment,string
extreme_event,type,monet-soil,string
fao_class,title,soil,fao class
fao_class,title,monet-soil,FAO soil taxonomy classification
fao_class,description,soil,Soil classification from the FAO World soil distribution from International Soil Reference and Information Centre (ISRIC). The list of available soil classifications can be found at https://www.isric.org/explore/world-soil-distribution
fao_class,description,monet-soil,Soil classification from the FAO World Reference Database for Soil Resources. The list can be found at https://www.isric.org/explore/world-soil-distribution
fao_class,type,soil,string
fao_class,type,monet-soil,string
fao_class,enum,soil,AcrisolsAlisolsAndosolsAnthrosolsArenosolsCalcisolsCambisolsChernozemsCryosolsDurisolsFerralsolsFluvisolsGleysolsGypsisolsHistosolsKastanozemsLeptosolsLixisolsLuvisolsNitisolsPhaeozemsPlanosolsPlinthosolsPodzolsSolonchaksSolonetzStagnosolsTechnosolsUmbrisolsVertisols
fao_class,enum,monet-soil,AcrisolsAlisolsAndosolsAnthrosolsArenosolsCalcisolsCambisolsChernozemsCryosolsDurisolsFerralsolsFluvisolsGleysolsGypsisolsHistosolsKastanozemsLeptosolsLixisolsLuvisolsNitisolsPhaeozemsPlanosolsPlinthosolsPodzolsSolonchaksSolonetzStagnosolsTechnosolsUmbrisolsVertisols
fertilizer_regm,title,other-undescribed,fertilizer regimen
fertilizer_regm,title,plant,fertilizer regimen
fertilizer_regm,description,other-undescribed,Information about treatment involving the use of fertilizers; should include the name of fertilizer amount administered treatment regimen including how many times the treatment was repeated how long each treatment lasted and the start and end time of the entire treatment; can include multiple fertilizer regimens
fertilizer_regm,description,plant,Information about treatment involving the use of fertilizers; should include the name of fertilizer amount administered treatment regimen including how many times the treatment was repeated how long each treatment lasted and the start and end time of the entire treatment; can include multiple fertilizer regimens
fertilizer_regm,type,other-undescribed,string
fertilizer_regm,type,plant,string
filter_method,title,other-undescribed,filter method
filter_method,title,soil,filter method
filter_method,title,water,filter method
filter_method,title,pure-culture,filter method
filter_method,title,culture-environmental,filter method
filter_method,description,other-undescribed,Type of filter used or how the sample was filteres
filter_method,description,soil,Type of filter used or how the sample was filteres
filter_method,description,water,Type of filter used or how the sample was filteres
filter_method,description,pure-culture,Type of filter used or how the sample was filteres
filter_method,description,culture-environmental,Type of filter used or how the sample was filteres
filter_method,type,other-undescribed,string
filter_method,type,soil,string
filter_method,type,water,string
filter_method,type,pure-culture,string
filter_method,type,culture-environmental,string
fire,title,other-undescribed,fire
fire,title,soil,fire
fire,title,sediment,fire
fire,title,monet-soil,fire
fire,description,other-undescribed,Historical and/or physical evidence of fire
fire,description,soil,Historical and/or physical evidence of fire. Format: YYYY-MM-DD
fire,description,sediment,Historical and/or physical evidence of fire. Format: YYYY-MM-DD
fire,description,monet-soil,Historical and/or physical evidence of fire. Format: YYYY-MM-DD
fire,type,other-undescribed,string
fire,type,soil,string
fire,type,sediment,string
fire,type,monet-soil,string
first_blh,title,aerosol-arm,first boundary layer height
first_blh,description,aerosol-arm,First boundary layer height candidate (meters) (Unit: m)
first_blh,type,aerosol-arm,number
first_blh_quality_index,title,aerosol-arm,first boundary layer height quality
first_blh_quality_index,description,aerosol-arm,Quality index for first boundary layer height candidate (-999 if no candidate)
first_blh_quality_index,type,aerosol-arm,string
first_cbh,title,aerosol-arm,first cloud base height
first_cbh,description,aerosol-arm,First cloud base (meters) or vertical visibility (meters) (-999 if no cloud base or vertical visibility) (Unit: m)
first_cbh,type,aerosol-arm,number
flooding,title,other-undescribed,flooding
flooding,title,soil,flooding
flooding,title,sediment,flooding
flooding,title,monet-soil,flooding
flooding,description,other-undescribed,Historical and/or physical evidence of flooding
flooding,description,soil,Historical and/or physical evidence of flooding. Format: YYYY-MM-DD
flooding,description,sediment,Historical and/or physical evidence of flooding. Format: YYYY-MM-DD
flooding,description,monet-soil,Historical and/or physical evidence of flooding. Format: YYYY-MM-DD
flooding,type,other-undescribed,string
flooding,type,soil,string
flooding,type,sediment,string
flooding,type,monet-soil,string
fluor,title,other-undescribed,fluorescence
fluor,title,water,fluorescence
fluor,description,other-undescribed,Raw or converted fluorescence of water
fluor,description,water,Raw or converted fluorescence of water. Provide value and unit any unit is valid.
fluor,type,other-undescribed,string
fluor,type,water,string
fungicide_regm,title,other-undescribed,fungicide regimen
fungicide_regm,title,plant,fungicide regimen
fungicide_regm,description,other-undescribed,Information about treatment involving use of fungicides; should include the name of fungicide amount administered treatment regimen including how many times the treatment was repeated how long each treatment lasted and the start and end time of the entire treatment; can include multiple fungicide regimens
fungicide_regm,description,plant,Information about treatment involving use of fungicides; should include the name of fungicide amount administered treatment regimen including how many times the treatment was repeated how long each treatment lasted and the start and end time of the entire treatment; can include multiple fungicide regimens
fungicide_regm,type,other-undescribed,string
fungicide_regm,type,plant,string
gaseous_environment,title,field-deployed-terraform,gaseous environment
gaseous_environment,title,other-undescribed,gaseous environment
gaseous_environment,title,soil,gaseous environment
gaseous_environment,title,water,gaseous environment
gaseous_environment,title,pure-culture,gaseous environment
gaseous_environment,title,culture-environmental,gaseous environment
gaseous_environment,title,mixed-culture,gaseous environment
gaseous_environment,title,sediment,gaseous environment
gaseous_environment,title,terraform,gaseous environment
gaseous_environment,title,plant,gaseous environment
gaseous_environment,description,field-deployed-terraform,Use of conditions with differing gaseous environments; should include the name of gaseous compound amount administered treatment duration interval and total experimental duration; can include multiple gaseous environment regimens
gaseous_environment,description,other-undescribed,Use of conditions with differing gaseous environments; should include the name of gaseous compound amount administered treatment duration interval and total experimental duration; can include multiple gaseous environment regimens
gaseous_environment,description,soil,Use of conditions with differing gaseous environments; should include the name of gaseous compound amount administered treatment duration interval and total experimental duration; can include multiple gaseous environment regimens
gaseous_environment,description,water,Use of conditions with differing gaseous environments; should include the name of gaseous compound amount administered treatment duration interval and total experimental duration; can include multiple gaseous environment regimens
gaseous_environment,description,pure-culture,Use of conditions with differing gaseous environments; should include the name of gaseous compound amount administered treatment duration interval and total experimental duration; can include multiple gaseous environment regimens
gaseous_environment,description,culture-environmental,Use of conditions with differing gaseous environments; should include the name of gaseous compound amount administered treatment duration interval and total experimental duration; can include multiple gaseous environment regimens
gaseous_environment,description,mixed-culture,Use of conditions with differing gaseous environments; should include the name of gaseous compound amount administered treatment duration interval and total experimental duration; can include multiple gaseous environment regimens
gaseous_environment,description,sediment,Use of conditions with differing gaseous environments; should include the name of gaseous compound amount administered treatment duration interval and total experimental duration; can include multiple gaseous environment regimens
gaseous_environment,description,terraform,Use of conditions with differing gaseous environments; should include the name of gaseous compound amount administered treatment duration interval and total experimental duration; can include multiple gaseous environment regimens
gaseous_environment,description,plant,Use of conditions with differing gaseous environments; should include the name of gaseous compound amount administered treatment duration interval and total experimental duration; can include multiple gaseous environment regimens
gaseous_environment,type,field-deployed-terraform,string
gaseous_environment,type,other-undescribed,string
gaseous_environment,type,soil,string
gaseous_environment,type,water,string
gaseous_environment,type,pure-culture,string
gaseous_environment,type,culture-environmental,string
gaseous_environment,type,mixed-culture,string
gaseous_environment,type,sediment,string
gaseous_environment,type,terraform,string
gaseous_environment,type,plant,string
gaseous_substances,title,other-undescribed,gaseous substances
gaseous_substances,description,other-undescribed,amount or concentration of substances such as hydrogen sulfide carbon dioxide methane etc.; can include multiple substances
gaseous_substances,type,other-undescribed,string
genetic_mod,title,field-deployed-terraform,genetic modification
genetic_mod,title,other-undescribed,genetic modigication
genetic_mod,title,pure-culture,genetic modification
genetic_mod,title,culture-environmental,genetic modification
genetic_mod,title,mixed-culture,genetic modification
genetic_mod,title,terraform,genetic modifications
genetic_mod,title,synthesized-material,genetic modification
genetic_mod,title,plant,genetic modification
genetic_mod,description,field-deployed-terraform,Genetic modifications of the genome of an organism which may occur naturally by spontaneous mutation or be introduced by some experimental means e.g. specification of a transgene or the gene knocked-out or details of transient transfection
genetic_mod,description,other-undescribed,Genetic modifications of the genome of an organism which may occur naturally by spontaneous mutation or be introduced by some experimental means e.g. specification of a transgene or the gene knocked-out or details of transient transfection
genetic_mod,description,pure-culture,Genetic modifications of the genome of an organism which may occur naturally by spontaneous mutation or be introduced by some experimental means e.g. specification of a transgene or the gene knocked-out or details of transient transfection
genetic_mod,description,culture-environmental,Genetic modifications of the genome of an organism which may occur naturally by spontaneous mutation or be introduced by some experimental means e.g. specification of a transgene or the gene knocked-out or details of transient transfection
genetic_mod,description,mixed-culture,Genetic modifications of the genome of an organism which may occur naturally by spontaneous mutation or be introduced by some experimental means e.g. specification of a transgene or the gene knocked-out or details of transient transfection
genetic_mod,description,terraform,Genetic modifications of the genome of an organism which may occur naturally by spontaneous mutation or be introduced by some experimental means e.g. specification of a transgene or the gene knocked-out or details of transient transfection
genetic_mod,description,synthesized-material,Genetic modifications of the genome of an organism which may occur naturally by spontaneous mutation or be introduced by some experimental means e.g. specification of a transgene or the gene knocked-out or details of transient transfection
genetic_mod,description,plant,Genetic modifications of the genome of an organism which may occur naturally by spontaneous mutation or be introduced by some experimental means e.g. specification of a transgene or the gene knocked-out or details of transient transfection
genetic_mod,type,field-deployed-terraform,string
genetic_mod,type,other-undescribed,string
genetic_mod,type,pure-culture,string
genetic_mod,type,culture-environmental,string
genetic_mod,type,mixed-culture,string
genetic_mod,type,terraform,string
genetic_mod,type,synthesized-material,string
genetic_mod,type,plant,string
genotype_segment_category,title,engineered-strain,genotype segment category
genotype_segment_category,description,engineered-strain,Select the genotype category. A genotype is generally an expression cassett or a grouping of genetic elements or a gene edit containing a set of construct components leading to one or more intended traits. A strain may consist of multiple genotypes.
genotype_segment_category,type,engineered-strain,string
genotype_segment_category,enum,engineered-strain,Empty Transformation VectorGene Knock-OutGene SilencerGene(s) of InterestRNA Interface (RNAi)Screenable MarkerSelectable MarkerVirus GenomeWild TypeRecombination SiteOther
genotype_segment_name,title,engineered-strain,genotype segment name
genotype_segment_name,description,engineered-strain,Provide a name that describes the genotype modification engineered relative to the reference unmodified genome. The name should describe the spatially grouped components or specific function of the modification.
genotype_segment_name,type,engineered-strain,string
geo_loc_name,title,field-deployed-terraform,geographic location name
geo_loc_name,title,other-undescribed,geographic location name
geo_loc_name,title,soil,geographic location name
geo_loc_name,title,water,geographic location name
geo_loc_name,title,aerosol,geographic location name
geo_loc_name,title,aerosol-arm,geographic location name
geo_loc_name,title,culture-environmental,geographic location name
geo_loc_name,title,sediment,geographic location name
geo_loc_name,title,monet-soil,geographic location name
geo_loc_name,title,plant,geographic location name
geo_loc_name,description,field-deployed-terraform,The geographical origin of the sample as defined by the country or sea name followed by specific region name and site. Formatted as [Country or sea names: region or state site]
geo_loc_name,description,other-undescribed,The geographical origin of the sample as defined by the country or sea name followed by specific region name. Provide the location of where the sample originated.
geo_loc_name,description,soil,The geographical origin of the sample as defined by the country or sea name followed by specific region name and site. Formatted as [Country or sea names: region or state site]
geo_loc_name,description,water,The geographical origin of the sample as defined by the country or sea name followed by specific region name and site. Formatted as [Country or sea names: region or state site]
geo_loc_name,description,aerosol,The geographical origin of the sample as defined by the country or sea name followed by specific region name and site. Formatted as [Country or sea names: region or state site]
geo_loc_name,description,aerosol-arm,The geographical origin of the sample as defined by the country or sea name followed by specific region name and site. Formatted as [Country or sea names: region or state site]
geo_loc_name,description,culture-environmental,The geographical origin of the sample as defined by the country or sea name followed by specific region name and site. Formatted as [Country or sea names: region or state site]
geo_loc_name,description,sediment,The geographical origin of the sample as defined by the country or sea name followed by specific region name and site. Formatted as [Country or sea names: region or state site]
geo_loc_name,description,monet-soil,The geographical origin of the sample as defined by the country or sea name followed by specific region name and site. Formatted as [Country or sea names: region or state site]
geo_loc_name,description,plant,The geographical origin of the sample as defined by the country or sea name followed by specific region name and site. Formatted as [Country or sea names: region or state site]
geo_loc_name,type,field-deployed-terraform,string
geo_loc_name,type,other-undescribed,string
geo_loc_name,type,soil,string
geo_loc_name,type,water,string
geo_loc_name,type,aerosol,string
geo_loc_name,type,aerosol-arm,string
geo_loc_name,type,culture-environmental,string
geo_loc_name,type,sediment,string
geo_loc_name,type,monet-soil,string
geo_loc_name,type,plant,string
glucosidase_act,title,other-undescribed,glucosidase activity
glucosidase_act,title,water,glucosidase activity
glucosidase_act,title,sediment,glucosidase activity
glucosidase_act,description,other-undescribed,Measurement of glucosidase activity
glucosidase_act,description,water,Measurement of glucosidase activity (Unit: mol/L/h)
glucosidase_act,description,sediment,Measurement of glucosidase activity (Unit: mol/L/h)
glucosidase_act,type,other-undescribed,string
glucosidase_act,type,water,string
glucosidase_act,type,sediment,string
gravity,title,other-undescribed,gravity
gravity,title,plant,gravity
gravity,description,other-undescribed,Information about treatment involving use of gravity factor to study various types of responses in presence absence or modified levels of gravity; treatment regimen including how many times the treatment was repeated how long each treatment lasted and the start and end time of the entire treatment; can include multiple treatments
gravity,description,plant,Information about treatment involving use of gravity factor to study various types of responses in presence absence or modified levels of gravity; treatment regimen including how many times the treatment was repeated how long each treatment lasted and the start and end time of the entire treatment; can include multiple treatments
gravity,type,other-undescribed,string
gravity,type,plant,string
growth_facil,title,field-deployed-terraform,growth facility
growth_facil,title,other-undescribed,growth facility
growth_facil,title,soil,growth facility
growth_facil,title,water,growth facility
growth_facil,title,aerosol,growth facility
growth_facil,title,aerosol-arm,growth facility
growth_facil,title,pure-culture,growth facility
growth_facil,title,culture-environmental,growth facility
growth_facil,title,commercially-purchased,growth facility
growth_facil,title,mixed-culture,growth facility
growth_facil,title,sediment,growth facility
growth_facil,title,terraform,growth facility
growth_facil,title,synthesized-material,growth facility
growth_facil,title,monet-soil,growth facility
growth_facil,title,plant,growth facility
growth_facil,description,field-deployed-terraform,Type of facility or location from where the sample was collected or grown. This field is NOT multivalued. If selecting other add the `other_growth_facil` attribute to provide additional detail.
growth_facil,description,other-undescribed,Type of facility where the sample was collected or grown
growth_facil,description,soil,Type of facility or location from where the sample was collected or grown. This field is NOT multivalued. If selecting other add the `other_growth_facil` attribute to provide additional detail.
growth_facil,description,water,Type of facility or location from where the sample was collected or grown. This field is NOT multivalued. If selecting other add the `other_growth_facil` attribute to provide additional detail.
growth_facil,description,aerosol,Type of facility or location from where the sample was collected or grown. This field is NOT multivalued. If selecting other add the `other_growth_facil` attribute to provide additional detail.
growth_facil,description,aerosol-arm,Type of facility or location from where the sample was collected or grown. This field is NOT multivalued. If selecting other add the `other_growth_facil` attribute to provide additional detail.
growth_facil,description,pure-culture,Type of facility or location from where the sample was collected or grown. This field is NOT multivalued. If selecting other add the `other_growth_facil` attribute to provide additional detail.
growth_facil,description,culture-environmental,Type of facility or location from where the sample was collected or grown. This field is NOT multivalued. If selecting other add the `other_growth_facil` attribute to provide additional detail.
growth_facil,description,commercially-purchased,Type of facility or location from where the sample was collected or grown. This field is NOT multivalued. If selecting other add the `other_growth_facil` attribute to provide additional detail.
growth_facil,description,mixed-culture,Type of facility where the sample was collected or grown
growth_facil,description,sediment,Type of facility or location from where the sample was collected or grown. This field is NOT multivalued. If selecting other add the `other_growth_facil` attribute to provide additional detail.
growth_facil,description,terraform,Type of facility or location from where the sample was collected or grown. This field is NOT multivalued. If selecting other add the `other_growth_facil` attribute to provide additional detail.
growth_facil,description,synthesized-material,Type of facility or location from where the sample was collected or grown. This field is NOT multivalued. If selecting other add the `other_growth_facil` attribute to provide additional detail.
growth_facil,description,monet-soil,Type of facility or location from where the sample was collected or grown. This field is NOT multivalued. If selecting other add the `other_growth_facil` attribute to provide additional detail.
growth_facil,description,plant,Type of facility or location from where the sample was collected or grown. This field is NOT multivalued. If selecting other add the `other_growth_facil` attribute to provide additional detail.
growth_facil,type,field-deployed-terraform,string
growth_facil,type,other-undescribed,string
growth_facil,type,soil,string
growth_facil,type,water,string
growth_facil,type,aerosol,string
growth_facil,type,aerosol-arm,string
growth_facil,type,pure-culture,string
growth_facil,type,culture-environmental,string
growth_facil,type,commercially-purchased,string
growth_facil,type,mixed-culture,string
growth_facil,type,sediment,string
growth_facil,type,terraform,string
growth_facil,type,synthesized-material,string
growth_facil,type,monet-soil,string
growth_facil,type,plant,string
growth_facil,enum,field-deployed-terraform,fieldcommercially purchasedexperimental gardenfield incubationgreenhousegrowth chamberlab incubationopen top chamberother
growth_facil,enum,other-undescribed,fieldcommercially purchasedexperimental gardenfield incubationgreenhousegrowth chamberlab incubationopen top chamberother
growth_facil,enum,soil,fieldcommercially purchasedexperimental gardenfield incubationgreenhousegrowth chamberlab incubationopen top chamberother
growth_facil,enum,water,fieldcommercially purchasedexperimental gardenfield incubationgreenhousegrowth chamberlab incubationopen top chamberother
growth_facil,enum,aerosol,fieldcommercially purchasedexperimental gardenfield incubationgreenhousegrowth chamberlab incubationopen top chamberother
growth_facil,enum,aerosol-arm,fieldcommercially purchasedexperimental gardenfield incubationgreenhousegrowth chamberlab incubationopen top chamberother
growth_facil,enum,pure-culture,fieldcommercially purchasedexperimental gardenfield incubationgreenhousegrowth chamberlab incubationopen top chamberother
growth_facil,enum,culture-environmental,fieldcommercially purchasedexperimental gardenfield incubationgreenhousegrowth chamberlab incubationopen top chamberother
growth_facil,enum,commercially-purchased,fieldcommercially purchasedexperimental gardenfield incubationgreenhousegrowth chamberlab incubationopen top chamberother
growth_facil,enum,sediment,fieldcommercially purchasedexperimental gardenfield incubationgreenhousegrowth chamberlab incubationopen top chamberother
growth_facil,enum,terraform,fieldcommercially purchasedexperimental gardenfield incubationgreenhousegrowth chamberlab incubationopen top chamberother
growth_facil,enum,synthesized-material,fieldcommercially purchasedexperimental gardenfield incubationgreenhousegrowth chamberlab incubationopen top chamberother
growth_facil,enum,monet-soil,fieldcommercially purchasedexperimental gardenfield incubationgreenhousegrowth chamberlab incubationopen top chamberother
growth_facil,enum,plant,fieldcommercially purchasedexperimental gardenfield incubationgreenhousegrowth chamberlab incubationopen top chamberother
growth_habit,title,other-undescribed,growth habitat
growth_habit,title,plant,growth habit
growth_habit,description,other-undescribed,Characteristic shape appearance or growth form of a plant species
growth_habit,description,plant,Characteristic shape appearance or growth form of a plant species
growth_habit,type,other-undescribed,string
growth_habit,type,plant,string
growth_habit,enum,plant,erectsemi-erectspreadingprostrate
growth_hormone_regm,title,other-undescribed,growth hormone regimen
growth_hormone_regm,title,plant,growth hormone regimen
growth_hormone_regm,description,other-undescribed,Information about treatment involving use of growth hormones; should include the name of growth hormone amount administered treatment regimen including how many times the treatment was repeated how long each treatment lasted and the start and end time of the entire treatment; can include multiple growth hormone regimens
growth_hormone_regm,description,plant,Information about treatment involving use of growth hormones; should include the name of growth hormone amount administered treatment regimen including how many times the treatment was repeated how long each treatment lasted and the start and end time of the entire treatment; can include multiple growth hormone regimens
growth_hormone_regm,type,other-undescribed,string
growth_hormone_regm,type,plant,string
growth_medium,title,field-deployed-terraform,growth medium
growth_medium,title,other-undescribed,growth medium
growth_medium,title,pure-culture,growth medium
growth_medium,title,culture-environmental,growth medium
growth_medium,title,mixed-culture,growth medium
growth_medium,title,terraform,growth medium
growth_medium,description,field-deployed-terraform,Method of growth and medium/materials used. Indicate broth gel 3-D structure bioreactor etc followed by the formula recipe or components used to create the growth medium.
growth_medium,description,other-undescribed,Method of growth and medium/materials used. Indicate broth gel 3-D structure bioreactor etc followed by the formula recipe or components used to create the growth medium.
growth_medium,description,pure-culture,Method of growth and medium/materials used. Indicate broth gel 3-D structure bioreactor etc followed by the formula recipe or components used to create the growth medium.
growth_medium,description,culture-environmental,Method of growth and medium/materials used. Indicate broth gel 3-D structure bioreactor etc followed by the formula recipe or components used to create the growth medium.
growth_medium,description,mixed-culture,Method of growth and medium/materials used. Indicate broth gel 3-D structure bioreactor etc followed by the formula recipe or components used to create the growth medium.
growth_medium,description,terraform,Method of growth and medium/materials used. Indicate broth gel 3-D structure bioreactor etc followed by the formula recipe or components used to create the growth medium.
growth_medium,type,field-deployed-terraform,string
growth_medium,type,other-undescribed,string
growth_medium,type,pure-culture,string
growth_medium,type,culture-environmental,string
growth_medium,type,mixed-culture,string
growth_medium,type,terraform,string
heavy_metals,title,other-undescribed,heavy metals
heavy_metals,title,soil,heavy metals
heavy_metals,description,other-undescribed,Heavy metals present and concentrationsany drug used by subject and the frequency of usage; can include multiple heavy metals and concentrations
heavy_metals,description,soil,Heavy metals present in the sample and the concentration of the metal. For multiple heavy metals and concentrations separate them by `|`. (Example: mercury0.09 micrograms per gram|lead0.05 micrograms per gram
heavy_metals,type,other-undescribed,string
heavy_metals,type,soil,string
heavy_metals_meth,title,other-undescribed,heavy metals method
heavy_metals_meth,title,soil,heavy metals method
heavy_metals_meth,description,other-undescribed,Reference or method used in determining heavy metals
heavy_metals_meth,description,soil,Reference or method used in determining heavy metals
heavy_metals_meth,type,other-undescribed,string
heavy_metals_meth,type,soil,string
herbicide_regm,title,other-undescribed,herbicide regimen
herbicide_regm,title,plant,herbicide regimen
herbicide_regm,description,other-undescribed,Information about treatment involving use of herbicides; information about treatment involving use of growth hormones; should include the name of herbicide amount administered treatment regimen including how many times the treatment was repeated how long each treatment lasted and the start and end time of the entire treatment; can include multiple regimens
herbicide_regm,description,plant,Information about treatment involving use of herbicides; information about treatment involving use of growth hormones; should include the name of herbicide amount administered treatment regimen including how many times the treatment was repeated how long each treatment lasted and the start and end time of the entire treatment; can include multiple regimens
herbicide_regm,type,other-undescribed,string
herbicide_regm,type,plant,string
horizon_meth,title,soil,soil horizon method
horizon_meth,description,soil,Reference or method used in determining the horizon
horizon_meth,type,soil,string
host_age,title,field-deployed-terraform,host age
host_age,title,other-undescribed,host age
host_age,title,terraform,host age
host_age,description,field-deployed-terraform,Age of host at the time of sampling; relevant scale depends on species and study e.g. Could be seconds for amoebae or centuries for trees. (Unit: a (year) or d (day) or h (hour). Do not include the additional information in ().)
host_age,description,other-undescribed,Age of host at the time of sampling; relevant scale depends on species and study e.g. Could be seconds for amoebae or centuries for trees
host_age,description,terraform,Age of host at the time of sampling; relevant scale depends on species and study e.g. Could be seconds for amoebae or centuries for trees. (Unit: a (year) or d (day) or h (hour). Do not include the additional information in ().)
host_age,type,field-deployed-terraform,string
host_age,type,other-undescribed,string
host_age,type,terraform,string
host_common_name,title,field-deployed-terraform,host common name
host_common_name,title,other-undescribed,host common name
host_common_name,title,pure-culture,host common name
host_common_name,title,culture-environmental,host common name
host_common_name,title,mixed-culture,host common name
host_common_name,title,terraform,host common name
host_common_name,description,field-deployed-terraform,Common name of the host
host_common_name,description,other-undescribed,Common name of the host e.g. Human
host_common_name,description,pure-culture,Common name of the host
host_common_name,description,culture-environmental,Common name of the host
host_common_name,description,mixed-culture,Common name of the host
host_common_name,description,terraform,Common name of the host
host_common_name,type,field-deployed-terraform,string
host_common_name,type,other-undescribed,string
host_common_name,type,pure-culture,string
host_common_name,type,culture-environmental,string
host_common_name,type,mixed-culture,string
host_common_name,type,terraform,string
host_disease_stat,title,other-undescribed,host disease status
host_disease_stat,description,other-undescribed,List of diseases with which the host has been diagnosed; can include multiple diagnoses. The value of the field depends on host; for humans the terms should be chosen from the DO (Human Disease Ontology) at https://www.disease-ontology.org non-human host diseases are free text
host_disease_stat,type,other-undescribed,string
host_dry_mass,title,field-deployed-terraform,host dry mass
host_dry_mass,title,other-undescribed,host dry mass
host_dry_mass,title,terraform,host dry mass
host_dry_mass,description,field-deployed-terraform,Measurement of dry mass. (Unit: kg or g)
host_dry_mass,description,other-undescribed,Measurement of dry mass
host_dry_mass,description,terraform,Measurement of dry mass. (Unit: kg or g)
host_dry_mass,type,field-deployed-terraform,string
host_dry_mass,type,other-undescribed,string
host_dry_mass,type,terraform,string
host_genotype,title,field-deployed-terraform,host genotype
host_genotype,title,terraform,host genotype
host_genotype,description,field-deployed-terraform,Observed genotype
host_genotype,description,terraform,Observed genotype
host_genotype,type,field-deployed-terraform,string
host_genotype,type,terraform,string
host_height,title,field-deployed-terraform,host height
host_height,title,other-undescribed,host height
host_height,title,terraform,host height
host_height,title,plant,host height
host_height,description,field-deployed-terraform,The height of subject. (Unit: cm or mm or m)
host_height,description,other-undescribed,The height of subject
host_height,description,terraform,The height of subject. (Unit: cm or mm or m)
host_height,description,plant,The height of plant. (Unit: cm or mm or m)
host_height,type,field-deployed-terraform,string
host_height,type,other-undescribed,string
host_height,type,terraform,string
host_height,type,plant,string
host_infra_spec_name,title,other-undescribed,host infra-specific name
host_infra_spec_name,description,other-undescribed,Taxonomic information about the host below subspecies level
host_infra_spec_name,type,other-undescribed,string
host_infra_spec_rank,title,other-undescribed,host infra-specific rank
host_infra_spec_rank,description,other-undescribed,Taxonomic rank information about the host below subspecies level such as variety form rank etc.
host_infra_spec_rank,type,other-undescribed,string
host_length,title,other-undescribed,host length
host_length,title,plant,host length
host_length,description,other-undescribed,The length of subject
host_length,description,plant,The length of the plant. (Unit: cm or mm or m)
host_length,type,other-undescribed,string
host_length,type,plant,string
host_life_stage,title,field-deployed-terraform,host life stage
host_life_stage,title,other-undescribed,host life stage
host_life_stage,title,terraform,host life stage
host_life_stage,title,plant,host life stage
host_life_stage,description,field-deployed-terraform,Description of life stage of host
host_life_stage,description,other-undescribed,Description of life stage of host
host_life_stage,description,terraform,Description of life stage of host
host_life_stage,description,plant,Description of life stage of the plant
host_life_stage,type,field-deployed-terraform,string
host_life_stage,type,other-undescribed,string
host_life_stage,type,terraform,string
host_life_stage,type,plant,string
host_phenotype,title,other-undescribed,host phenotype
host_phenotype,description,other-undescribed,Phenotype of human or other host. For phenotypic quality ontology (pato) (v 2018-03-27) terms please see http://purl.bioontology.org/ontology/pato. For Human Phenotype Ontology (HP) (v 2018-06-13) please see http://purl.bioontology.org/ontology/HP
host_phenotype,type,other-undescribed,string
host_spec_range,title,field-deployed-terraform,host specificity or range
host_spec_range,title,other-undescribed,host specificity or range
host_spec_range,title,pure-culture,host specificity or range
host_spec_range,title,culture-environmental,host specificity or range
host_spec_range,title,mixed-culture,host specificity or range
host_spec_range,title,terraform,host specificity or range
host_spec_range,description,field-deployed-terraform,The range and diversity of host species that an organism is capable of infecting defined by NCBI taxonomy identifier. Format with prefix NCBITaxon:####
host_spec_range,description,other-undescribed,The NCBI taxonomy identifier of the specific host if it is known
host_spec_range,description,pure-culture,The range and diversity of host species that an organism is capable of infecting defined by NCBI taxonomy identifier. Format with prefix NCBITaxon:####
host_spec_range,description,culture-environmental,The range and diversity of host species that an organism is capable of infecting defined by NCBI taxonomy identifier. Format with prefix NCBITaxon:####
host_spec_range,description,mixed-culture,The range and diversity of host species that an organism is capable of infecting defined by NCBI taxonomy identifier. Format with prefix NCBITaxon:####
host_spec_range,description,terraform,The range and diversity of host species that an organism is capable of infecting defined by NCBI taxonomy identifier. Format with prefix NCBITaxon:####
host_spec_range,type,field-deployed-terraform,string
host_spec_range,type,other-undescribed,integer
host_spec_range,type,pure-culture,string
host_spec_range,type,culture-environmental,string
host_spec_range,type,mixed-culture,string
host_spec_range,type,terraform,string
host_symbiont,title,other-undescribed,host symbiont
host_symbiont,description,other-undescribed,The taxonomic name of the organism(s) found living in mutualistic commensalistic or parasitic symbiosis with the specific host.
host_symbiont,type,other-undescribed,string
host_taxid,title,field-deployed-terraform,host taxonomy identifier
host_taxid,title,other-undescribed,host taxonomy identifier
host_taxid,title,pure-culture,host taxonomy identifier
host_taxid,title,culture-environmental,host taxonomy identifier
host_taxid,title,mixed-culture,host taxonomy identifier
host_taxid,title,terraform,host taxonomy identifier
host_taxid,description,field-deployed-terraform,NCBI taxa ID. Format with prefix NCBITaxon:####
host_taxid,description,other-undescribed,NCBI taxa ID
host_taxid,description,pure-culture,NCBI taxa ID. Format with prefix NCBITaxon:####
host_taxid,description,culture-environmental,NCBI taxa ID. Format with prefix NCBITaxon:####
host_taxid,description,mixed-culture,NCBI taxa ID. Format with prefix NCBITaxon:####
host_taxid,description,terraform,NCBI taxa ID. Format with prefix NCBITaxon:####
host_taxid,type,field-deployed-terraform,string
host_taxid,type,other-undescribed,string
host_taxid,type,pure-culture,string
host_taxid,type,culture-environmental,string
host_taxid,type,mixed-culture,string
host_taxid,type,terraform,string
host_tot_mass,title,field-deployed-terraform,host total mass
host_tot_mass,title,other-undescribed,host total mass
host_tot_mass,title,terraform,host total mass
host_tot_mass,description,field-deployed-terraform,Total mass of the host at collection. (Unit: kg or g)
host_tot_mass,description,other-undescribed,Total mass of the host at collection the unit depends on host
host_tot_mass,description,terraform,Total mass of the host at collection. (Unit: kg or g)
host_tot_mass,type,field-deployed-terraform,string
host_tot_mass,type,other-undescribed,string
host_tot_mass,type,terraform,string
host_wet_mass,title,field-deployed-terraform,host wet mass
host_wet_mass,title,other-undescribed,host wet mass
host_wet_mass,title,terraform,host wet mass
host_wet_mass,description,field-deployed-terraform,Measurement of wet mass. (Unit: kg or g)
host_wet_mass,description,other-undescribed,Measurement of wet mass
host_wet_mass,description,terraform,Measurement of wet mass. (Unit: kg or g)
host_wet_mass,type,field-deployed-terraform,string
host_wet_mass,type,other-undescribed,string
host_wet_mass,type,terraform,string
humidity,title,other-undescribed,humidity
humidity,title,aerosol,humidity
humidity,title,aerosol-arm,humidity
humidity,description,other-undescribed,Amount of humidity measured in the air the day of sampling. Provided by iMet
humidity,description,aerosol,Amount of humidity measured in the air the day of sampling. Provide value and unit any unit is valid
humidity,description,aerosol-arm,Amount of humidity measured in the air the day of sampling. Provided by iMet. Provide value and unit any unit is valid
humidity,type,other-undescribed,string
humidity,type,aerosol,string
humidity,type,aerosol-arm,string
humidity_regm,title,field-deployed-terraform,humidity regimen
humidity_regm,title,other-undescribed,humidity regimen
humidity_regm,title,soil,humidity regimen
humidity_regm,title,aerosol,humidity regimen
humidity_regm,title,aerosol-arm,humidity regimen
humidity_regm,title,pure-culture,humidity regimen
humidity_regm,title,culture-environmental,humidity regimen
humidity_regm,title,mixed-culture,humidity regimen
humidity_regm,title,sediment,humidity regimen
humidity_regm,title,terraform,humidity regimen
humidity_regm,title,plant,humidity regimen
humidity_regm,description,field-deployed-terraform,Information about treatment involving an exposure to varying degree of humidity; information about treatment involving use of growth hormones; should include amount of humidity administered treatment regimen including how many times the treatment was repeated how long each treatment lasted and the start and end time of the entire treatment; can include multiple regimens
humidity_regm,description,other-undescribed,Information about treatment involving an exposure to varying degree of humidity; information about treatment involving use of growth hormones; should include amount of humidity administered treatment regimen including how many times the treatment was repeated how long each treatment lasted and the start and end time of the entire treatment; can include multiple regimens
humidity_regm,description,soil,Information about treatment involving an exposure to varying degree of humidity; information about treatment involving use of growth hormones; should include amount of humidity administered treatment regimen including how many times the treatment was repeated how long each treatment lasted and the start and end time of the entire treatment; can include multiple regimens
humidity_regm,description,aerosol,Information about treatment involving an exposure to varying degree of humidity; information about treatment involving use of growth hormones; should include amount of humidity administered treatment regimen including how many times the treatment was repeated how long each treatment lasted and the start and end time of the entire treatment; can include multiple regimens
humidity_regm,description,aerosol-arm,Information about treatment involving an exposure to varying degree of humidity; information about treatment involving use of growth hormones; should include amount of humidity administered treatment regimen including how many times the treatment was repeated how long each treatment lasted and the start and end time of the entire treatment; can include multiple regimens
humidity_regm,description,pure-culture,Information about treatment involving an exposure to varying degree of humidity; information about treatment involving use of growth hormones; should include amount of humidity administered treatment regimen including how many times the treatment was repeated how long each treatment lasted and the start and end time of the entire treatment; can include multiple regimens
humidity_regm,description,culture-environmental,Information about treatment involving an exposure to varying degree of humidity; information about treatment involving use of growth hormones; should include amount of humidity administered treatment regimen including how many times the treatment was repeated how long each treatment lasted and the start and end time of the entire treatment; can include multiple regimens
humidity_regm,description,mixed-culture,Information about treatment involving an exposure to varying degree of humidity; information about treatment involving use of growth hormones; should include amount of humidity administered treatment regimen including how many times the treatment was repeated how long each treatment lasted and the start and end time of the entire treatment; can include multiple regimens
humidity_regm,description,sediment,Information about treatment involving an exposure to varying degree of humidity; information about treatment involving use of growth hormones; should include amount of humidity administered treatment regimen including how many times the treatment was repeated how long each treatment lasted and the start and end time of the entire treatment; can include multiple regimens
humidity_regm,description,terraform,Information about treatment involving an exposure to varying degree of humidity; information about treatment involving use of growth hormones; should include amount of humidity administered treatment regimen including how many times the treatment was repeated how long each treatment lasted and the start and end time of the entire treatment; can include multiple regimens
humidity_regm,description,plant,Information about treatment involving an exposure to varying degree of humidity; information about treatment involving use of growth hormones; should include amount of humidity administered treatment regimen including how many times the treatment was repeated how long each treatment lasted and the start and end time of the entire treatment; can include multiple regimens
humidity_regm,type,field-deployed-terraform,string
humidity_regm,type,other-undescribed,string
humidity_regm,type,soil,string
humidity_regm,type,aerosol,string
humidity_regm,type,aerosol-arm,string
humidity_regm,type,pure-culture,string
humidity_regm,type,culture-environmental,string
humidity_regm,type,mixed-culture,string
humidity_regm,type,sediment,string
humidity_regm,type,terraform,string
humidity_regm,type,plant,string
indust_eff_percent,title,other-undescribed,industrial effluent percent
indust_eff_percent,description,other-undescribed,percentage of industrial effluents received by wastewater treatment plant
indust_eff_percent,type,other-undescribed,string
infiltration_1,title,soil,first infiltration time
infiltration_1,title,monet-soil,first infiltration time
infiltration_1,description,soil,Amount of time it takes to accomplish the first infiltration activity. If infiltration time was started and unsuccessful enter 'failed' if infiltration time was not attempted enter 'did not collect'. Units and format of mm:ss required. (Example: 15:20 mm:ss)
infiltration_1,description,monet-soil,Amount of time it takes to accomplish the first infiltration activity. If infiltration time was started and unsuccessful enter 'failed' if infiltration time was not attempted enter 'did not collect'. Units and format of mm:ss required. (Example: 15:20 mm:ss)
infiltration_1,type,soil,string
infiltration_1,type,monet-soil,string
infiltration_2,title,soil,second infiltration time
infiltration_2,title,monet-soil,second infiltration time
infiltration_2,description,soil,Amount of time it takes to accomplish the second infiltration activity. If infiltration time was started and unsuccessful enter 'failed' if infiltration time was not attempted enter 'did not collect'. Units and format of mm:ss required. (Example: 15:20 mm:ss)
infiltration_2,description,monet-soil,Amount of time it takes to accomplish the second infiltration activity. If infiltration time was started and unsuccessful enter 'failed' if infiltration time was not attempted enter 'did not collect'. Units and format of mm:ss required. (Example: 15:20 mm:ss)
infiltration_2,type,soil,string
infiltration_2,type,monet-soil,string
infiltration_notes,title,soil,infiltration notes
infiltration_notes,title,monet-soil,infiltration notes
infiltration_notes,description,soil,Provide any details issues or context needed to understand the infiltration activity
infiltration_notes,description,monet-soil,Provide any details issues or context needed to understand the infiltration activity
infiltration_notes,type,soil,string
infiltration_notes,type,monet-soil,string
initiation_date_inoculation,title,field-deployed-terraform,initiation date of inoculation
initiation_date_inoculation,title,terraform,initiation date of inoculation
initiation_date_inoculation,description,field-deployed-terraform,The date the sample was inoculated. This can be the date of inoculation isolation etc. If providing a sequential initiation the sample should be linked to the sample it originated from. Formatted as YYYY-MM-DD
initiation_date_inoculation,description,terraform,The date the sample was inoculated. This can be the date of inoculation isolation etc. If providing a sequential initiation the sample should be linked to the sample it originated from. Formatted as YYYY-MM-DD
initiation_date_inoculation,type,field-deployed-terraform,string
initiation_date_inoculation,type,terraform,string
initiation_date_plant,title,field-deployed-terraform,initiation date of plant
initiation_date_plant,title,terraform,initiation date of plant
initiation_date_plant,description,field-deployed-terraform,The date the plant part of the sample was initiated. This can be the date of germination or propagation. If providing a sequential initiation (propagation) the sample should be linked to the sample it originated from. Formatted as YYYY-MM-DD
initiation_date_plant,description,terraform,The date the plant part of the sample was initiated. This can be the date of germination or propagation. If providing a sequential initiation (propagation) the sample should be linked to the sample it originated from. Formatted as YYYY-MM-DD
initiation_date_plant,type,field-deployed-terraform,string
initiation_date_plant,type,terraform,string
inorg_particles,title,other-undescribed,inorganic particles
inorg_particles,description,other-undescribed,concentration of particles such as sand grit metal particles ceramics etc.; can include multiple particles
inorg_particles,type,other-undescribed,string
isol_growth_condt,title,field-deployed-terraform,isolation and growth condition
isol_growth_condt,title,other-undescribed,isolation and growth conditions
isol_growth_condt,title,pure-culture,isolation and growth condition
isol_growth_condt,title,culture-environmental,isolation and growth conditions
isol_growth_condt,title,mixed-culture,isolation and growth condition
isol_growth_condt,title,terraform,isolation and growth conditions
isol_growth_condt,description,field-deployed-terraform,Publication reference in the form of pubmed ID (pmid) digital object identifier (doi) or url for isolation and growth condition specifications of the organism/material
isol_growth_condt,description,other-undescribed,Publication reference in the form of pubmed ID (pmid) digital object identifier (doi) or url for isolation and growth condition specifications of the organism/material
isol_growth_condt,description,pure-culture,Publication reference in the form of pubmed ID (pmid) digital object identifier (doi) or url for isolation and growth condition specifications of the organism/material
isol_growth_condt,description,culture-environmental,Publication reference in the form of pubmed ID (pmid) digital object identifier (doi) or url for isolation and growth condition specifications of the organism/material
isol_growth_condt,description,mixed-culture,Publication reference in the form of pubmed ID (pmid) digital object identifier (doi) or url for isolation and growth condition specifications of the organism/material
isol_growth_condt,description,terraform,Publication reference in the form of pubmed ID (pmid) digital object identifier (doi) or url for isolation and growth condition specifications of the organism/material
isol_growth_condt,type,field-deployed-terraform,string
isol_growth_condt,type,other-undescribed,string
isol_growth_condt,type,pure-culture,string
isol_growth_condt,type,culture-environmental,string
isol_growth_condt,type,mixed-culture,string
isol_growth_condt,type,terraform,string
isotope_exposure,title,field-deployed-terraform,isotope exposure
isotope_exposure,title,other-undescribed,isotope exposure
isotope_exposure,title,soil,isotope exposure
isotope_exposure,title,water,isotope exposure
isotope_exposure,title,aerosol,isotope exposure
isotope_exposure,title,aerosol-arm,isotope exposure
isotope_exposure,title,pure-culture,isotope exposure
isotope_exposure,title,culture-environmental,isotope exposure
isotope_exposure,title,mixed-culture,isotope exposure
isotope_exposure,title,sediment,isotope exposure
isotope_exposure,title,terraform,isotope exposure
isotope_exposure,title,plant,isotope exposure
isotope_exposure,description,field-deployed-terraform,List isotope exposure or addition applied to your sample.
isotope_exposure,description,other-undescribed,List isotope exposure or addition applied to your sample.
isotope_exposure,description,soil,List isotope exposure or addition applied to your sample.
isotope_exposure,description,water,List isotope exposure or addition applied to your sample.
isotope_exposure,description,aerosol,List isotope exposure or addition applied to your sample.
isotope_exposure,description,aerosol-arm,List isotope exposure or addition applied to your sample.
isotope_exposure,description,pure-culture,List isotope exposure or addition applied to your sample.
isotope_exposure,description,culture-environmental,List isotope exposure or addition applied to your sample.
isotope_exposure,description,mixed-culture,List isotope exposure or addition applied to your sample.
isotope_exposure,description,sediment,List isotope exposure or addition applied to your sample.
isotope_exposure,description,terraform,List isotope exposure or addition applied to your sample.
isotope_exposure,description,plant,List isotope exposure or addition applied to your sample.
isotope_exposure,type,field-deployed-terraform,string
isotope_exposure,type,other-undescribed,string
isotope_exposure,type,soil,string
isotope_exposure,type,water,string
isotope_exposure,type,aerosol,string
isotope_exposure,type,aerosol-arm,string
isotope_exposure,type,pure-culture,string
isotope_exposure,type,culture-environmental,string
isotope_exposure,type,mixed-culture,string
isotope_exposure,type,sediment,string
isotope_exposure,type,terraform,string
isotope_exposure,type,plant,string
item_number,title,other-undescribed,item number
item_number,title,commercially-purchased,item number
item_number,title,synthesized-material,item number
item_number,description,other-undescribed,The item number of the purchased material
item_number,description,commercially-purchased,The item number of the purchased material
item_number,description,synthesized-material,The item number of the purchased material
item_number,type,other-undescribed,string
item_number,type,commercially-purchased,string
item_number,type,synthesized-material,string
lat_lon,title,field-deployed-terraform,latitude longitude
lat_lon,title,other-undescribed,latitude longitude
lat_lon,title,soil,latitude longitude
lat_lon,title,water,latitude longitude
lat_lon,title,aerosol,latitude longitude
lat_lon,title,aerosol-arm,latitude longitude
lat_lon,title,culture-environmental,latitude longitude
lat_lon,title,sediment,latitude longitude
lat_lon,title,monet-soil,latitude longitude
lat_lon,title,plant,latitude longitude
lat_lon,description,field-deployed-terraform,The geographical origin of the sample as defined by latitude and longitude. The values should be reported in decimal format. Required format is decimal format with a comma separating the latitude longitude.
lat_lon,description,other-undescribed,The geographical origin of the sample as defined by latitude and longitude. The values should be reported in decimal degrees and in WGS84 system.
lat_lon,description,soil,The geographical origin of the sample as defined by latitude and longitude. The values should be reported in decimal format. Required format is decimal format with a comma separating the latitude longitude.
lat_lon,description,water,The geographical origin of the sample as defined by latitude and longitude. The values should be reported in decimal format. Required format is decimal format with a comma separating the latitude longitude.
lat_lon,description,aerosol,The geographical origin of the sample as defined by latitude and longitude. The values should be reported in decimal format. Required format is decimal format with a comma separating the latitude longitude.
lat_lon,description,aerosol-arm,The geographical origin of the sample as defined by latitude and longitude. The values should be reported in decimal format. Required format is decimal format with a comma separating the latitude longitude.
lat_lon,description,culture-environmental,The geographical origin of the sample as defined by latitude and longitude. The values should be reported in decimal format. Required format is decimal format with a comma separating the latitude longitude.
lat_lon,description,sediment,The geographical origin of the sample as defined by latitude and longitude. The values should be reported in decimal format. Required format is decimal format with a comma separating the latitude longitude.
lat_lon,description,monet-soil,The geographical origin of the sample as defined by latitude and longitude. The values should be reported in decimal format. Required format is decimal format with a comma separating the latitude longitude.
lat_lon,description,plant,The geographical origin of the sample as defined by latitude and longitude. The values should be reported in decimal format. Required format is decimal format with a comma separating the latitude longitude.
lat_lon,type,field-deployed-terraform,string
lat_lon,type,other-undescribed,string
lat_lon,type,soil,string
lat_lon,type,water,string
lat_lon,type,aerosol,string
lat_lon,type,aerosol-arm,string
lat_lon,type,culture-environmental,string
lat_lon,type,sediment,string
lat_lon,type,monet-soil,string
lat_lon,type,plant,string
light_intensity,title,other-undescribed,light intensity
light_intensity,title,water,light intensity
light_intensity,description,other-undescribed,Measurement of light intensity
light_intensity,description,water,Measurement of light intensity. Provide value and unit any unit is valid.
light_intensity,type,other-undescribed,string
light_intensity,type,water,string
light_regm,title,field-deployed-terraform,light regimen
light_regm,title,other-undescribed,light regimen
light_regm,title,soil,light regimen
light_regm,title,pure-culture,light regimen
light_regm,title,culture-environmental,light regimen
light_regm,title,mixed-culture,light regimen
light_regm,title,sediment,light regimen
light_regm,title,terraform,light regimen
light_regm,title,plant,light regimen
light_regm,description,field-deployed-terraform,Information about treatment(s) involving exposure to light including both light intensity and quality.
light_regm,description,other-undescribed,Information about treatment(s) involving exposure to light including both light intensity and quality.
light_regm,description,soil,Information about treatment(s) involving exposure to light including both light intensity and quality.
light_regm,description,pure-culture,Information about treatment(s) involving exposure to light including both light intensity and quality.
light_regm,description,culture-environmental,Information about treatment(s) involving exposure to light including both light intensity and quality.
light_regm,description,mixed-culture,Information about treatment(s) involving exposure to light including both light intensity and quality.
light_regm,description,sediment,Information about treatment(s) involving exposure to light including both light intensity and quality.
light_regm,description,terraform,Information about treatment(s) involving exposure to light including both light intensity and quality.
light_regm,description,plant,Information about treatment(s) involving exposure to light including both light intensity and quality.
light_regm,type,field-deployed-terraform,string
light_regm,type,other-undescribed,string
light_regm,type,soil,string
light_regm,type,pure-culture,string
light_regm,type,culture-environmental,string
light_regm,type,mixed-culture,string
light_regm,type,sediment,string
light_regm,type,terraform,string
light_regm,type,plant,string
link_addit_analys,title,other-undescribed,link to additional analysis
link_addit_analys,title,soil,additional analysis link
link_addit_analys,description,other-undescribed,Link to additional analysis results performed on the sample
link_addit_analys,description,soil,Link to additional analysis results performed on the sample
link_addit_analys,type,other-undescribed,string
link_addit_analys,type,soil,string
link_class_info,title,other-undescribed,link to classification information
link_class_info,title,soil,soil classification information
link_class_info,description,other-undescribed,Link to digitized soil maps or other soil classification information
link_class_info,description,soil,Link to digitized soil maps or other soil classification information
link_class_info,type,other-undescribed,string
link_class_info,type,soil,string
link_climate_info,title,other-undescribed,link to climate information
link_climate_info,title,soil,climate information link
link_climate_info,title,monet-soil,link to climate information
link_climate_info,description,other-undescribed,Link to climate resource
link_climate_info,description,soil,Link to climate resource
link_climate_info,description,monet-soil,Link to climate resource
link_climate_info,type,other-undescribed,string
link_climate_info,type,soil,string
link_climate_info,type,monet-soil,string
local_class,title,soil,local soil classification
local_class,description,soil,Soil classification based on local soil classification system
local_class,type,soil,string
local_class_meth,title,soil,local soil classification method
local_class_meth,description,soil,Reference or method used in determining the local soil classification
local_class_meth,type,soil,string
magnesium,title,other-undescribed,magnesium
magnesium,title,water,magnesium
magnesium,title,sediment,magnesium concentration
magnesium,description,other-undescribed,Concentration of magnesium in the sample
magnesium,description,water,Concentration of magnesium in the sample (Unit: umol/kg or mol/L or mg/L or ppm)
magnesium,description,sediment,Concentration of magnesium in the sample (Unit: umol/kg or mol/L or mg/L or ppm)
magnesium,type,other-undescribed,string
magnesium,type,water,string
magnesium,type,sediment,string
mean_frict_vel,title,other-undescribed,mean frictional velocity
mean_frict_vel,title,water,mean friction velocity
mean_frict_vel,title,sediment,mean friction velocity
mean_frict_vel,description,other-undescribed,Measurement of mean friction velocity
mean_frict_vel,description,water,Measurement of mean friction velocity (Unit: m/s)
mean_frict_vel,description,sediment,Measurement of mean friction velocity (Unit: m/s)
mean_frict_vel,type,other-undescribed,string
mean_frict_vel,type,water,string
mean_frict_vel,type,sediment,string
mean_peak_frict_vel,title,other-undescribed,mean peak frictional velocity
mean_peak_frict_vel,title,water,mean peak friction velocity
mean_peak_frict_vel,title,sediment,mean peak friction velocity
mean_peak_frict_vel,description,other-undescribed,Measurement of mean peak friction velocity
mean_peak_frict_vel,description,water,Measurement of mean peak friction velocity (Unit: m/s)
mean_peak_frict_vel,description,sediment,Measurement of mean peak friction velocitys (Unit: m/s)
mean_peak_frict_vel,type,other-undescribed,string
mean_peak_frict_vel,type,water,string
mean_peak_frict_vel,type,sediment,string
mean_total_cpc_concentration,title,aerosol-arm,mean total C.P.C. concentration
mean_total_cpc_concentration,description,aerosol-arm,Mean concentration obtained from Condensation Particle Counter (Unit: μm)
mean_total_cpc_concentration,type,aerosol-arm,number
mean_total_pops_concentration,title,aerosol-arm,mean total P.O.P. concentration
mean_total_pops_concentration,description,aerosol-arm,Mean concentration obtained from Portable Optical Particle Spectrometer (Unit: μm)
mean_total_pops_concentration,type,aerosol-arm,number
mechanical_damage,title,other-undescribed,mechanical damage
mechanical_damage,title,plant,mechanical damage
mechanical_damage,description,other-undescribed,Information about any mechanical damage exerted on the plant; can include multiple damages and sites
mechanical_damage,description,plant,Information about any mechanical damage exerted on the plant; can include multiple damages and sites
mechanical_damage,type,other-undescribed,string
mechanical_damage,type,plant,string
methane,title,other-undescribed,methane
methane,title,aerosol,methane
methane,title,aerosol-arm,methane
methane,title,sediment,methane concentration
methane,description,other-undescribed,Methane (gas) amount or concentration at the time of sampling
methane,description,aerosol,Methane (gas) amount or concentration at the time of sampling. (Unit: umol/L or ppb or ppm)
methane,description,aerosol-arm,Methane (gas) amount or concentration at the time of sampling. (Unit: umol/L or ppb or ppm)
methane,description,sediment,Methane (gas) amount or concentration at the time of sampling. (Unit: umol/L or ppb or ppm)
methane,type,other-undescribed,string
methane,type,aerosol,string
methane,type,aerosol-arm,string
methane,type,sediment,string
method_development,title,field-deployed-terraform,method development
method_development,title,other-undescribed,method development
method_development,title,soil,method development
method_development,title,water,method development
method_development,title,aerosol,method development
method_development,title,aerosol-arm,method development
method_development,title,pure-culture,method development
method_development,title,culture-environmental,method development
method_development,title,commercially-purchased,method development
method_development,title,mixed-culture,method development
method_development,title,sediment,method development
method_development,title,terraform,method development
method_development,title,plant,method development
method_development,description,field-deployed-terraform,If your samples are TEST sample ONLY please provide information on what you're hoping this test will resolve.
method_development,description,other-undescribed,If your samples are TEST sample ONLY please provide information on what you're hoping this test will resolve.
method_development,description,soil,If your samples are TEST sample ONLY please provide information on what you're hoping this test will resolve.
method_development,description,water,If your samples are TEST sample ONLY please provide information on what you're hoping this test will resolve.
method_development,description,aerosol,If your samples are TEST sample ONLY please provide information on what you're hoping this test will resolve.
method_development,description,aerosol-arm,If your samples are TEST sample ONLY please provide information on what you're hoping this test will resolve.
method_development,description,pure-culture,If your samples are TEST sample ONLY please provide information on what you're hoping this test will resolve.
method_development,description,culture-environmental,If your samples are TEST sample ONLY please provide information on what you're hoping this test will resolve.
method_development,description,commercially-purchased,If your samples are TEST sample ONLY please provide information on what you're hoping this test will resolve.
method_development,description,mixed-culture,If your samples are TEST sample ONLY please provide information on what you're hoping this test will resolve.
method_development,description,sediment,If your samples are TEST sample ONLY please provide information on what you're hoping this test will resolve.
method_development,description,terraform,If your samples are TEST sample ONLY please provide information on what you're hoping this test will resolve.
method_development,description,plant,If your samples are TEST sample ONLY please provide information on what you're hoping this test will resolve.
method_development,type,field-deployed-terraform,string
method_development,type,other-undescribed,string
method_development,type,soil,string
method_development,type,water,string
method_development,type,aerosol,string
method_development,type,aerosol-arm,string
method_development,type,pure-culture,string
method_development,type,culture-environmental,string
method_development,type,commercially-purchased,string
method_development,type,mixed-culture,string
method_development,type,sediment,string
method_development,type,terraform,string
method_development,type,plant,string
micro_biomass_C_meth,title,other-undescribed,microbial biomass carbon method
micro_biomass_C_meth,description,other-undescribed,Reference or method used in determining microbial biomass
micro_biomass_C_meth,type,other-undescribed,string
micro_biomass_N_meth,title,other-undescribed,microbial biomass nitrogen method
micro_biomass_N_meth,description,other-undescribed,Reference or method used in determining microbial biomass nitrogen
micro_biomass_N_meth,type,other-undescribed,string
micro_biomass_c_meth,title,soil,microbial biomass carbon method
micro_biomass_c_meth,title,sediment,microbial biomass carbon method
micro_biomass_c_meth,description,soil,Reference or method used in determining microbial biomass
micro_biomass_c_meth,description,sediment,Reference or method used in determining microbial biomass
micro_biomass_c_meth,type,soil,string
micro_biomass_c_meth,type,sediment,string
micro_biomass_n_meth,title,soil,microbial biomass nitrogen method
micro_biomass_n_meth,title,sediment,microbial biomass nitrogen method
micro_biomass_n_meth,description,soil,Reference or method used in determining microbial biomass nitrogen
micro_biomass_n_meth,description,sediment,Reference or method used in determining microbial biomass nitrogen
micro_biomass_n_meth,type,soil,string
micro_biomass_n_meth,type,sediment,string
microbial_biomass,title,other-undescribed,microbial biomass
microbial_biomass,title,soil,microbial biomass
microbial_biomass,title,sediment,microbial biomass
microbial_biomass,description,other-undescribed,The part of the organic matter in the soil that constitutes living microorganisms smaller than 5-10 micrometer. If you keep this you would need to have correction factors used for conversion to the final units
microbial_biomass,description,soil,The part of the organic matter in the soil that constitutes living microorganisms smaller than 5-10 micrometer. If you keep this you would need to have correction factors used for conversion to the final units. (Unit: g/kg soil or ug/g dry soil)
microbial_biomass,description,sediment,The part of the organic matter in the soil that constitutes living microorganisms smaller than 5-10 micrometer. If you keep this you would need to have correction factors used for conversion to the final units. (Unit: g/kg sediment or ug/g sediment)
microbial_biomass,type,other-undescribed,string
microbial_biomass,type,soil,string
microbial_biomass,type,sediment,string
microbial_biomass_C,title,other-undescribed,microbial biomass carbon
microbial_biomass_C,description,other-undescribed,The part of the organic matter in the soil that constitutes living microorganisms smaller than 5-10 micrometer. If you keep this you would need to have correction factors used for conversion to the final units
microbial_biomass_C,type,other-undescribed,string
microbial_biomass_N,title,other-undescribed,microbial biomass nitrogrn
microbial_biomass_N,description,other-undescribed,The part of the organic matter in the soil that constitutes living microorganisms smaller than 5-10 micrometer. If you keep this you would need to have correction factors used for conversion to the final units
microbial_biomass_N,type,other-undescribed,string
microbial_biomass_c,title,soil,microbial biomass carbon
microbial_biomass_c,title,sediment,microbial biomass carbon
microbial_biomass_c,description,soil,The part of the organic matter in the soil that constitutes living microorganisms smaller than 5-10 micrometer. If you keep this you would need to have correction factors used for conversion to the final units. Provide value and unit any unit is valid
microbial_biomass_c,description,sediment,The part of the organic matter in the soil that constitutes living microorganisms smaller than 5-10 micrometer. If you keep this you would need to have correction factors used for conversion to the final units. Provide value and unit any unit is valid
microbial_biomass_c,type,soil,string
microbial_biomass_c,type,sediment,string
microbial_biomass_meth,title,other-undescribed,microbial biomass method
microbial_biomass_meth,title,soil,microbial biomass method
microbial_biomass_meth,title,sediment,microbial biomass method
microbial_biomass_meth,description,other-undescribed,Reference or method used in determining microbial biomass
microbial_biomass_meth,description,soil,Reference or method used in determining microbial biomass
microbial_biomass_meth,description,sediment,Reference or method used in determining microbial biomass
microbial_biomass_meth,type,other-undescribed,string
microbial_biomass_meth,type,soil,string
microbial_biomass_meth,type,sediment,string
microbial_biomass_n,title,soil,microbial biomass nitrogen
microbial_biomass_n,title,sediment,microbial biomass nitrogen
microbial_biomass_n,description,soil,The part of the organic matter in the soil that constitutes living microorganisms smaller than 5-10 micrometer. If you keep this you would need to have correction factors used for conversion to the final units. Provide value and unit any unit is valid
microbial_biomass_n,description,sediment,The part of the organic matter in the soil that constitutes living microorganisms smaller than 5-10 micrometer. If you keep this you would need to have correction factors used for conversion to the final units. Provide value and unit any unit is valid
microbial_biomass_n,type,soil,string
microbial_biomass_n,type,sediment,string
mineral_nutr_regm,title,field-deployed-terraform,mineral nutrient regimen
mineral_nutr_regm,title,other-undescribed,mineral nutrient regimen
mineral_nutr_regm,title,terraform,mineral nutrient regimen
mineral_nutr_regm,title,plant,mineral nutrient regimen
mineral_nutr_regm,description,field-deployed-terraform,Information about treatment involving the use of mineral supplements; should include the name of mineral nutrient amount administered treatment regimen including how many times the treatment was repeated how long each treatment lasted and the start and end time of the entire treatment; can include multiple mineral nutrient regimens
mineral_nutr_regm,description,other-undescribed,Information about treatment involving the use of mineral supplements; should include the name of mineral nutrient amount administered treatment regimen including how many times the treatment was repeated how long each treatment lasted and the start and end time of the entire treatment; can include multiple mineral nutrient regimens
mineral_nutr_regm,description,terraform,Information about treatment involving the use of mineral supplements; should include the name of mineral nutrient amount administered treatment regimen including how many times the treatment was repeated how long each treatment lasted and the start and end time of the entire treatment; can include multiple mineral nutrient regimens
mineral_nutr_regm,description,plant,Information about treatment involving the use of mineral supplements; should include the name of mineral nutrient amount administered treatment regimen including how many times the treatment was repeated how long each treatment lasted and the start and end time of the entire treatment; can include multiple mineral nutrient regimens
mineral_nutr_regm,type,field-deployed-terraform,string
mineral_nutr_regm,type,other-undescribed,string
mineral_nutr_regm,type,terraform,string
mineral_nutr_regm,type,plant,string
misc_param,title,field-deployed-terraform,miscellaneous parameter
misc_param,title,other-undescribed,miscellaneous parameter
misc_param,title,soil,miscellaneous parameter
misc_param,title,water,miscellaneous parameter
misc_param,title,aerosol,miscellaneous parameter
misc_param,title,aerosol-arm,miscellaneous parameter
misc_param,title,sediment,miscellaneous parameter
misc_param,title,terraform,miscellaneous parameter
misc_param,title,monet-soil,miscellaneous parameter
misc_param,title,plant,miscellaneous parameter
misc_param,description,field-deployed-terraform,Any other measurement performed or parameter collected that is not listed here
misc_param,description,other-undescribed,Any other measurement performed or parameter collected that is not listed here
misc_param,description,soil,Any other measurement performed or parameter collected that is not listed here
misc_param,description,water,Any other measurement performed or parameter collected that is not listed here
misc_param,description,aerosol,Any other measurement performed or parameter collected that is not listed here
misc_param,description,aerosol-arm,Any other measurement performed or parameter collected that is not listed here
misc_param,description,sediment,Any other measurement performed or parameter collected that is not listed here
misc_param,description,terraform,Any other measurement performed or parameter collected that is not listed here
misc_param,description,monet-soil,Any other measurement performed or parameter collected that is not listed here
misc_param,description,plant,Any other measurement performed or parameter collected that is not listed here
misc_param,type,field-deployed-terraform,string
misc_param,type,other-undescribed,string
misc_param,type,soil,string
misc_param,type,water,string
misc_param,type,aerosol,string
misc_param,type,aerosol-arm,string
misc_param,type,sediment,string
misc_param,type,terraform,string
misc_param,type,monet-soil,string
misc_param,type,plant,string
modification_method,title,engineered-strain,modification method
modification_method,description,engineered-strain,Select the method used to insert your construct into the genome of your modified organism
modification_method,type,engineered-strain,string
modification_method,enum,engineered-strain,Aerosol Beam InjectorAgrobacterium rhizogenes disarmedAgrobacterium tumefaciens disarmedBiolisticChemical TransformationCold ShockConjugationDirect InjectionDirect UptakeDNA SynthesisElectroporationFreeze/ThawHeat ShockMutagenesisNo TransformationOchrobactrumOtherP-elementPhage TransformationPiggybacPolyethylene Glycol-mediatedRepliconWhisker-mediated Transformation
n_alkanes,title,other-undescribed,n-alkanes
n_alkanes,title,water,n-alkanes
n_alkanes,title,sediment,normal alkane concentration
n_alkanes,description,other-undescribed,Concentration of n-alkanes; can include multiple n-alkanes
n_alkanes,description,water,Concentration of n-alkanes; can include multiple n-alkanes (Unit: ug/mL)
n_alkanes,description,sediment,Concentration of n-alkanes; can include multiple n-alkanes (Unit: ug/mL)
n_alkanes,type,other-undescribed,string
n_alkanes,type,water,string
n_alkanes,type,sediment,string
neon_plot_id,title,monet-soil,neon plot identifier
neon_plot_id,description,monet-soil,When sampling from a NEON site provide the plot ID from which you sampled. This includes the 4 letter site code followed by the 3 digit ID (Example: DEJU_048). If you do not have your NEON site use the code SITE_999.
neon_plot_id,type,monet-soil,string
nitrate,title,other-undescribed,nitrate
nitrate,title,water,nitrate
nitrate,title,sediment,nitrate concentration
nitrate,description,other-undescribed,Concentration of nitrate in the sample
nitrate,description,water,Concentration of nitrate in the sample (Unit: umol/L or mg/L or ppm)
nitrate,description,sediment,Concentration of nitrate in the sample (Unit: umol/L or mg/L or ppm)
nitrate,type,other-undescribed,string
nitrate,type,water,string
nitrate,type,sediment,string
nitrite,title,other-undescribed,nitrite
nitrite,title,water,nitrite
nitrite,title,sediment,nitrite concentration
nitrite,description,other-undescribed,Concentration of nitrite in the sample
nitrite,description,water,Concentration of nitrite in the sample (Unit: umol/L or mg/L or ppm)
nitrite,description,sediment,Concentration of nitrite in the sample (Unit: umol/L or mg/L or ppm)
nitrite,type,other-undescribed,string
nitrite,type,water,string
nitrite,type,sediment,string
nitro,title,other-undescribed,nitrogen
nitro,title,water,nitrogen
nitro,title,sediment,nitrogen concentration
nitro,description,other-undescribed,Concentration of nitrogen (total)
nitro,description,water,Concentration of nitrogen (total) (Unit: umol/L)
nitro,description,sediment,Concentration of nitrogen (total) (Unit: umol/L)
nitro,type,other-undescribed,string
nitro,type,water,string
nitro,type,sediment,string
non_microb_biomass,title,other-undescribed,non microbial biomass
non_microb_biomass,title,soil,non microbial biomass
non_microb_biomass,title,water,non microbial biomass
non_microb_biomass,title,pure-culture,non microbial biomass
non_microb_biomass,title,culture-environmental,non microbial biomass
non_microb_biomass,title,mixed-culture,non microbial biomass
non_microb_biomass,title,sediment,non microbial biomass
non_microb_biomass,title,plant,non microbial biomass
non_microb_biomass,description,other-undescribed,Amount of biomass; should include the name for the part of biomass measured e.g.insect plant total. Can include multiple measurements separated by ;
non_microb_biomass,description,soil,Amount of non-microbial biomass measured. Include the name for the part of biomass measured e.g.insect plant total. Provide value and unit any unit is valid. (example: insect 5mg; plant 2ug/mL)
non_microb_biomass,description,water,Amount of non-microbial biomass measured. Include the name for the part of biomass measured e.g.insect plant total. Provide value and unit any unit is valid. (example: insect 5mg; plant 2ug/mL)
non_microb_biomass,description,pure-culture,Amount of biomass; should include the name for the part of biomass measured e.g.insect plant total (Unit: µm)
non_microb_biomass,description,culture-environmental,Amount of biomass; should include the name for the part of biomass measured e.g.insect plant total (Unit: µm)
non_microb_biomass,description,mixed-culture,Amount of biomass; should include the name for the part of biomass measured e.g.insect plant total. Can include multiple measurements separated by ;
non_microb_biomass,description,sediment,Amount of non-microbial biomass measured. Include the name for the part of biomass measured e.g.insect plant total. Provide value and unit any unit is valid. (example: insect 5mg; plant 2ug/mL)
non_microb_biomass,description,plant,Amount of biomass; should include the name for the part of biomass measured e.g.insect plant total (Unit: µm)
non_microb_biomass,type,other-undescribed,string
non_microb_biomass,type,soil,string
non_microb_biomass,type,water,string
non_microb_biomass,type,pure-culture,string
non_microb_biomass,type,culture-environmental,string
non_microb_biomass,type,mixed-culture,string
non_microb_biomass,type,sediment,string
non_microb_biomass,type,plant,string
non_microb_biomass_method,title,other-undescribed,non microbial biomass method
non_microb_biomass_method,title,soil,non microbial biomass method
non_microb_biomass_method,title,water,non microbial biomass method
non_microb_biomass_method,title,pure-culture,non microbial biomass method
non_microb_biomass_method,title,culture-environmental,non microbial biomass method
non_microb_biomass_method,title,sediment,non microbial biomass method
non_microb_biomass_method,title,plant,non microbial biomass method
non_microb_biomass_method,description,other-undescribed,Reference or method used in determining biomass
non_microb_biomass_method,description,soil,Reference or method used in determining biomass
non_microb_biomass_method,description,water,Reference or method used in determining biomass
non_microb_biomass_method,description,pure-culture,Reference or method used in determining biomass
non_microb_biomass_method,description,culture-environmental,Reference or method used in determining biomass
non_microb_biomass_method,description,sediment,Reference or method used in determining biomass
non_microb_biomass_method,description,plant,Reference or method used in determining biomass
non_microb_biomass_method,type,other-undescribed,string
non_microb_biomass_method,type,soil,string
non_microb_biomass_method,type,water,string
non_microb_biomass_method,type,pure-culture,string
non_microb_biomass_method,type,culture-environmental,string
non_microb_biomass_method,type,sediment,string
non_microb_biomass_method,type,plant,string
non_min_nutr_regm,title,field-deployed-terraform,non mineral nutrient regimen
non_min_nutr_regm,title,other-undescribed,non mineral nutrient regimen
non_min_nutr_regm,title,terraform,non mineral nutrient regimen
non_min_nutr_regm,title,plant,non mineral nutrient regimen
non_min_nutr_regm,description,field-deployed-terraform,Information about treatment involving the exposure of plant to non-mineral nutrient such as oxygen hydrogen or carbon; should include the name of non-mineral nutrient amount administered treatment regimen including how many times the treatment was repeated how long each treatment lasted and the start and end time of the entire treatment; can include multiple non-mineral nutrient regimens
non_min_nutr_regm,description,other-undescribed,Information about treatment involving the exposure of plant to non-mineral nutrient such as oxygen hydrogen or carbon; should include the name of non-mineral nutrient amount administered treatment regimen including how many times the treatment was repeated how long each treatment lasted and the start and end time of the entire treatment; can include multiple non-mineral nutrient regimens
non_min_nutr_regm,description,terraform,Information about treatment involving the exposure of plant to non-mineral nutrient such as oxygen hydrogen or carbon; should include the name of non-mineral nutrient amount administered treatment regimen including how many times the treatment was repeated how long each treatment lasted and the start and end time of the entire treatment; can include multiple non-mineral nutrient regimens
non_min_nutr_regm,description,plant,Information about treatment involving the exposure of plant to non-mineral nutrient such as oxygen hydrogen or carbon; should include the name of non-mineral nutrient amount administered treatment regimen including how many times the treatment was repeated how long each treatment lasted and the start and end time of the entire treatment; can include multiple non-mineral nutrient regimens
non_min_nutr_regm,type,field-deployed-terraform,string
non_min_nutr_regm,type,other-undescribed,string
non_min_nutr_regm,type,terraform,string
non_min_nutr_regm,type,plant,string
org_carb,title,other-undescribed,organic carbon
org_carb,title,water,organic carbon
org_carb,title,sediment,organic carbon concentration
org_carb,description,other-undescribed,Concentration of organic carbon
org_carb,description,water,Concentration of organic carbon. Provide value and unit any unit is valid
org_carb,description,sediment,Concentration of organic carbon. Provide value and unit any unit is valid
org_carb,type,other-undescribed,string
org_carb,type,water,string
org_carb,type,sediment,string
org_matter,title,other-undescribed,organic matter
org_matter,title,sediment,organic matter concentration
org_matter,description,other-undescribed,Concentration of organic matter
org_matter,description,water,Concentration of organic matter (Unit: mg/L)
org_matter,description,sediment,Concentration of organic matter (Unit: mg/L)
org_matter,type,other-undescribed,string
org_matter,type,water,string
org_matter,type,sediment,string
org_nitro,title,other-undescribed,organic nitrogen
org_nitro,title,water,organic nitrogen
org_nitro,title,sediment,organic nitrogen concentration
org_nitro,description,other-undescribed,Concentration of organic nitrogen
org_nitro,description,water,Concentration of organic nitrogen. Provide value and unit any unit is valid
org_nitro,description,sediment,Concentration of organic nitrogen. Provide value and unit any unit is valid
org_nitro,type,other-undescribed,string
org_nitro,type,water,string
org_nitro,type,sediment,string
org_nitro_method,title,other-undescribed,organic nitrogen method
org_nitro_method,title,water,organic nitrogen method
org_nitro_method,title,sediment,organic nitrogen method
org_nitro_method,description,other-undescribed,Method used for obtaining organic nitrogen
org_nitro_method,description,water,Method used for obtaining organic nitrogen
org_nitro_method,description,sediment,Method used for obtaining organic nitrogen
org_nitro_method,type,other-undescribed,string
org_nitro_method,type,water,string
org_nitro_method,type,sediment,string
org_particles,title,other-undescribed,organic particles
org_particles,description,other-undescribed,concentration of particles such as faeces hairs food vomit paper fibers plant material humus etc.
org_particles,type,other-undescribed,string
organism_count,title,other-undescribed,organism count
organism_count,description,other-undescribed,Total cell count of any organism (or group of organisms) per gram volume or area of sample should include name of organism followed by count. The method that was used for the enumeration (e.g. qPCR atp mpn etc.) Should also be provided. (example: total prokaryotes; 3.5e7 cells per ml; qpcr)
organism_count,type,other-undescribed,string
organism_name,title,engineered-strain,organism name
organism_name,description,engineered-strain,Provide the scientific name (genus and species) of the host organism.
organism_name,type,engineered-strain,string
other,title,field-deployed-terraform,other
other,title,other-undescribed,other
other,title,soil,other
other,title,water,other
other,title,aerosol,other
other,title,aerosol-arm,other
other,title,pure-culture,other
other,title,culture-environmental,other
other,title,commercially-purchased,other
other,title,mixed-culture,other
other,title,sediment,other
other,title,terraform,other
other,title,synthesized-material,other
other,title,monet-soil,other
other,title,engineered-strain,other
other,title,plant,other
other,description,field-deployed-terraform,Other/additional details about your sample that you feel can't be accurately represented in ANY of the available columns.
other,description,other-undescribed,Other details about your sample that you feel can't be accurately represented in the available columns.
other,description,soil,Other/additional details about your sample that you feel can't be accurately represented in ANY of the available columns.
other,description,water,Other/additional details about your sample that you feel can't be accurately represented in ANY of the available columns.
other,description,aerosol,Other details about your sample that you feel can't be accurately represented in the available columns.
other,description,aerosol-arm,Other details about your sample that you feel can't be accurately represented in the available columns.
other,description,pure-culture,Other/additional details about your sample that you feel can't be accurately represented in ANY of the available columns.
other,description,culture-environmental,Other/additional details about your sample that you feel can't be accurately represented in ANY of the available columns.
other,description,commercially-purchased,Other/additional details about your sample that you feel can't be accurately represented in ANY of the available columns.
other,description,mixed-culture,Other/additional details about your sample that you feel can't be accurately represented in ANY of the available columns.
other,description,sediment,Other details about your sample that you feel can't be accurately represented in the available columns.
other,description,terraform,Other/additional details about your sample that you feel can't be accurately represented in ANY of the available columns.
other,description,synthesized-material,Other/additional details about your sample that you feel can't be accurately represented in ANY of the available columns.
other,description,monet-soil,Other details about your sample that you feel can't be accurately represented in the available columns.
other,description,engineered-strain,Other/additional details about your sample that you feel can't be accurately represented in ANY of the available columns.
other,description,plant,Other/additional details about your sample that you feel can't be accurately represented in ANY of the available columns.
other,type,field-deployed-terraform,string
other,type,other-undescribed,string
other,type,soil,string
other,type,water,string
other,type,aerosol,string
other,type,aerosol-arm,string
other,type,pure-culture,string
other,type,culture-environmental,string
other,type,commercially-purchased,string
other,type,mixed-culture,string
other,type,sediment,string
other,type,terraform,string
other,type,synthesized-material,string
other,type,monet-soil,string
other,type,engineered-strain,string
other,type,plant,string
other_growth_facil,title,field-deployed-terraform,growth facility other
other_growth_facil,title,soil,growth facility other
other_growth_facil,title,water,growth facility other
other_growth_facil,title,aerosol,growth facility other
other_growth_facil,title,aerosol-arm,growth facility other
other_growth_facil,title,pure-culture,growth facility other
other_growth_facil,title,culture-environmental,growth facility other
other_growth_facil,title,commercially-purchased,growth facility other
other_growth_facil,title,sediment,growth facility other
other_growth_facil,title,terraform,growth facility other
other_growth_facil,title,synthesized-material,growth facility other
other_growth_facil,title,monet-soil,growth facility other
other_growth_facil,title,plant,growth facility other
other_growth_facil,description,field-deployed-terraform,Please specify if other
other_growth_facil,description,soil,Please specify if other
other_growth_facil,description,water,Please specify if other
other_growth_facil,description,aerosol,Please specify if other
other_growth_facil,description,aerosol-arm,Please specify if other
other_growth_facil,description,pure-culture,Please specify if other
other_growth_facil,description,culture-environmental,Please specify if other
other_growth_facil,description,commercially-purchased,Please specify if other
other_growth_facil,description,sediment,Please specify if other
other_growth_facil,description,terraform,Please specify if other
other_growth_facil,description,synthesized-material,Please specify if other
other_growth_facil,description,monet-soil,Please specify if other
other_growth_facil,description,plant,Please specify if other
other_growth_facil,type,field-deployed-terraform,string
other_growth_facil,type,soil,string
other_growth_facil,type,water,string
other_growth_facil,type,aerosol,string
other_growth_facil,type,aerosol-arm,string
other_growth_facil,type,pure-culture,string
other_growth_facil,type,culture-environmental,string
other_growth_facil,type,commercially-purchased,string
other_growth_facil,type,sediment,string
other_growth_facil,type,terraform,string
other_growth_facil,type,synthesized-material,string
other_growth_facil,type,monet-soil,string
other_growth_facil,type,plant,string
other_samp_store_temp,title,field-deployed-terraform,sample storage temperature other
other_samp_store_temp,title,soil,sample storage temperature other
other_samp_store_temp,title,water,sample storage temperature other
other_samp_store_temp,title,aerosol,sample storage temperature other
other_samp_store_temp,title,aerosol-arm,sample storage temperature other
other_samp_store_temp,title,pure-culture,sample storage temperature other
other_samp_store_temp,title,culture-environmental,sample storage temperature other
other_samp_store_temp,title,commercially-purchased,other sample storage temperature
other_samp_store_temp,title,mixed-culture,sample storage temperature other
other_samp_store_temp,title,sediment,sample storage tempetature other
other_samp_store_temp,title,terraform,sample storage temperature other
other_samp_store_temp,title,synthesized-material,sample storage temperature other
other_samp_store_temp,title,monet-soil,sample storage temperature other
other_samp_store_temp,title,engineered-strain,sample storage temperature other
other_samp_store_temp,title,plant,sample storage temperature other
other_samp_store_temp,description,field-deployed-terraform,Please specify if 'other'
other_samp_store_temp,description,soil,Please specify if 'other'
other_samp_store_temp,description,water,Please specify if 'other'
other_samp_store_temp,description,aerosol,Please specify if 'other'
other_samp_store_temp,description,aerosol-arm,Please specify if 'other'
other_samp_store_temp,description,pure-culture,Please specify if 'other'
other_samp_store_temp,description,culture-environmental,Please specify if 'other'
other_samp_store_temp,description,commercially-purchased,Please specify if 'other'
other_samp_store_temp,description,mixed-culture,Please specify if 'other'
other_samp_store_temp,description,sediment,Please specify if 'other'
other_samp_store_temp,description,terraform,Please specify if 'other'
other_samp_store_temp,description,synthesized-material,Please specify if 'other'
other_samp_store_temp,description,monet-soil,Please specify if 'other'
other_samp_store_temp,description,engineered-strain,Please specify if 'other'
other_samp_store_temp,description,plant,Please specify if 'other'
other_samp_store_temp,type,field-deployed-terraform,string
other_samp_store_temp,type,soil,string
other_samp_store_temp,type,water,string
other_samp_store_temp,type,aerosol,string
other_samp_store_temp,type,aerosol-arm,string
other_samp_store_temp,type,pure-culture,string
other_samp_store_temp,type,culture-environmental,string
other_samp_store_temp,type,commercially-purchased,string
other_samp_store_temp,type,mixed-culture,string
other_samp_store_temp,type,sediment,string
other_samp_store_temp,type,terraform,string
other_samp_store_temp,type,synthesized-material,string
other_samp_store_temp,type,monet-soil,string
other_samp_store_temp,type,engineered-strain,string
other_samp_store_temp,type,plant,string
other_storage_condt,title,field-deployed-terraform,storage condition other
other_storage_condt,title,soil,storage condition other
other_storage_condt,title,water,storage condition other
other_storage_condt,title,aerosol,storage condition other
other_storage_condt,title,aerosol-arm,storage condition other
other_storage_condt,title,pure-culture,storage condition other
other_storage_condt,title,culture-environmental,storage condition other
other_storage_condt,title,commercially-purchased,other storage conditions
other_storage_condt,title,mixed-culture,storage condition other
other_storage_condt,title,sediment,storage condition other
other_storage_condt,title,terraform,storage condition other
other_storage_condt,title,synthesized-material,storage condition other
other_storage_condt,title,monet-soil,storage condition other
other_storage_condt,title,engineered-strain,storage condition other
other_storage_condt,title,plant,storage condition other
other_storage_condt,description,field-deployed-terraform,Please specify your storage conditions if 'other' and the available values are not appropriate
other_storage_condt,description,soil,Please specify your storage conditions if 'other' and the available values are not appropriate
other_storage_condt,description,water,Please specify your storage conditions if 'other' and the available values are not appropriate
other_storage_condt,description,aerosol,Please specify if 'other'
other_storage_condt,description,aerosol-arm,Please specify if 'other'
other_storage_condt,description,pure-culture,Please specify your storage conditions if 'other' and the available values are not appropriate
other_storage_condt,description,culture-environmental,Please specify your storage conditions if 'other' and the available values are not appropriate
other_storage_condt,description,commercially-purchased,Please specify your storage conditions if 'other' and the available values are not appropriate
other_storage_condt,description,mixed-culture,Please specify your storage conditions if 'other' and the available values are not appropriate
other_storage_condt,description,sediment,Please specify if 'other'
other_storage_condt,description,terraform,Please specify your storage conditions if 'other' and the available values are not appropriate
other_storage_condt,description,synthesized-material,Please specify your storage conditions if 'other' and the available values are not appropriate
other_storage_condt,description,monet-soil,Please specify if 'other'
other_storage_condt,description,engineered-strain,Please specify your storage conditions if 'other' and the available values are not appropriate
other_storage_condt,description,plant,Please specify your storage conditions if 'other' and the available values are not appropriate
other_storage_condt,type,field-deployed-terraform,string
other_storage_condt,type,soil,string
other_storage_condt,type,water,string
other_storage_condt,type,aerosol,string
other_storage_condt,type,aerosol-arm,string
other_storage_condt,type,pure-culture,string
other_storage_condt,type,culture-environmental,string
other_storage_condt,type,commercially-purchased,string
other_storage_condt,type,mixed-culture,string
other_storage_condt,type,sediment,string
other_storage_condt,type,terraform,string
other_storage_condt,type,synthesized-material,string
other_storage_condt,type,monet-soil,string
other_storage_condt,type,engineered-strain,string
other_storage_condt,type,plant,string
other_treatment,title,field-deployed-terraform,other treatment
other_treatment,title,other-undescribed,other treatment
other_treatment,title,soil,other treatment
other_treatment,title,water,other treatment
other_treatment,title,aerosol,other treatment
other_treatment,title,aerosol-arm,other treatment
other_treatment,title,pure-culture,other treatment
other_treatment,title,culture-environmental,other treatment
other_treatment,title,commercially-purchased,other treatment
other_treatment,title,mixed-culture,other treatment
other_treatment,title,sediment,other treatment
other_treatment,title,terraform,other treatment
other_treatment,title,monet-soil,other treatment
other_treatment,title,plant,other treatment
other_treatment,description,field-deployed-terraform,Many sample treatment descriptor columns are available. If a treatment is applied to your samples and the provided treatment terms do not satisfy please add it here. Multiple treatments can be entered here separated by ;
other_treatment,description,other-undescribed,If a treatment is applied to your samples and the provided "treatment" terms do not satisfy please add it here. Multiple treatments can be entered here separated by ;
other_treatment,description,soil,Many sample treatment descriptor columns are available. If a treatment is applied to your samples and the provided treatment terms do not satisfy please add it here. Multiple treatments can be entered here separated by ;
other_treatment,description,water,Many sample treatment descriptor columns are available. If a treatment is applied to your samples and the provided treatment terms do not satisfy please add it here. Multiple treatments can be entered here separated by ;
other_treatment,description,aerosol,Many sample treatment descriptor columns are available. If a treatment is applied to your samples and the provided treatment terms do not satisfy please add it here. Multiple treatments can be entered here separated by ;
other_treatment,description,aerosol-arm,Many sample treatment descriptor columns are available. If a treatment is applied to your samples and the provided treatment terms do not satisfy please add it here. Multiple treatments can be entered here separated by ;
other_treatment,description,pure-culture,Many sample treatment descriptor columns are available. If a treatment is applied to your samples and the provided treatment terms do not satisfy please add it here. Multiple treatments can be entered here separated by ;
other_treatment,description,culture-environmental,Many sample treatment descriptor columns are available. If a treatment is applied to your samples and the provided treatment terms do not satisfy please add it here. Multiple treatments can be entered here separated by ;
other_treatment,description,commercially-purchased,Many sample treatment descriptor columns are available. If a treatment is applied to your samples and the provided treatment terms do not satisfy please add it here. Multiple treatments can be entered here separated by ;
other_treatment,description,mixed-culture,If a treatment is applied to your samples and the provided "treatment" terms do not satisfy please add it here. Multiple treatments can be entered here separated by ;
other_treatment,description,sediment,Many sample treatment descriptor columns are available. If a treatment is applied to your samples and the provided treatment terms do not satisfy please add it here. Multiple treatments can be entered here separated by ;
other_treatment,description,terraform,Many sample treatment descriptor columns are available. If a treatment is applied to your samples and the provided treatment terms do not satisfy please add it here. Multiple treatments can be entered here separated by ;
other_treatment,description,monet-soil,Many sample treatment descriptor columns are available. If a treatment is applied to your samples and the provided treatment terms do not satisfy please add it here. Multiple treatments can be entered here separated by ;
other_treatment,description,plant,Many sample treatment descriptor columns are available. If a treatment is applied to your samples and the provided treatment terms do not satisfy please add it here. Multiple treatments can be entered here separated by ;
other_treatment,type,field-deployed-terraform,string
other_treatment,type,other-undescribed,string
other_treatment,type,soil,string
other_treatment,type,water,string
other_treatment,type,aerosol,string
other_treatment,type,aerosol-arm,string
other_treatment,type,pure-culture,string
other_treatment,type,culture-environmental,string
other_treatment,type,commercially-purchased,string
other_treatment,type,mixed-culture,string
other_treatment,type,sediment,string
other_treatment,type,terraform,string
other_treatment,type,monet-soil,string
other_treatment,type,plant,string
oxygen,title,other-undescribed,oxygen
oxygen,title,aerosol,oxygen
oxygen,description,other-undescribed,Amount of oxygen measured in the air the day of sampling. Provided by ARM
oxygen,description,aerosol,Amount of oxygen measured in the air the day of sampling. (Unit: mg/L or ppm)
oxygen,type,other-undescribed,string
oxygen,type,aerosol,string
oxygen_relationship,title,field-deployed-terraform,oxygen relationship
oxygen_relationship,title,other-undescribed,oxygen relationship
oxygen_relationship,title,soil,oxygen relationship
oxygen_relationship,title,water,oxygen relationship
oxygen_relationship,title,pure-culture,oxygen relationship
oxygen_relationship,title,culture-environmental,oxygen relationship
oxygen_relationship,title,commercially-purchased,oxygen relationship
oxygen_relationship,title,mixed-culture,oxygen relationship
oxygen_relationship,title,sediment,oxygen relationship
oxygen_relationship,title,terraform,oxygen relationship
oxygen_relationship,title,synthesized-material,oxygen relationship
oxygen_relationship,description,field-deployed-terraform,Oxygenation status of sample
oxygen_relationship,description,other-undescribed,Oxygenation status of sample
oxygen_relationship,description,soil,Oxygenation status of sample
oxygen_relationship,description,water,Oxygenation status of sample
oxygen_relationship,description,pure-culture,Oxygenation status of sample
oxygen_relationship,description,culture-environmental,Oxygenation status of sample
oxygen_relationship,description,commercially-purchased,Oxygenation status of sample
oxygen_relationship,description,mixed-culture,Oxygenation status of sample
oxygen_relationship,description,sediment,Oxygenation status of sample
oxygen_relationship,description,terraform,Oxygenation status of sample
oxygen_relationship,description,synthesized-material,Oxygenation status of sample
oxygen_relationship,type,field-deployed-terraform,string
oxygen_relationship,type,other-undescribed,string
oxygen_relationship,type,soil,string
oxygen_relationship,type,water,string
oxygen_relationship,type,pure-culture,string
oxygen_relationship,type,culture-environmental,string
oxygen_relationship,type,commercially-purchased,string
oxygen_relationship,type,mixed-culture,string
oxygen_relationship,type,sediment,string
oxygen_relationship,type,terraform,string
oxygen_relationship,type,synthesized-material,string
oxygen_relationship,enum,soil,aerobicanaerobicanoxicfacultativemicroaerophilicmicroanaerobeobligate aerobeobligate anaerobe
oxygen_relationship,enum,water,aerobicanaerobicanoxicfacultativemicroaerophilicmicroanaerobeobligate aerobeobligate anaerobe
oxygen_relationship,enum,sediment,aerobicanaerobicanoxicfacultativemicroaerophilicmicroanaerobeobligate aerobeobligate anaerobe
part_org_carb,title,other-undescribed,particulate organic carbon
part_org_carb,title,water,particulate organic carbon
part_org_carb,title,sediment,particulate organic carbon concentration
part_org_carb,description,other-undescribed,Concentration of particulate organic carbon
part_org_carb,description,water,Concentration of particulate organic carbon. Provide value and unit any unit is valid.
part_org_carb,description,sediment,Concentration of particulate organic carbon. Provide value and unit any unit is valid.
part_org_carb,type,other-undescribed,string
part_org_carb,type,water,string
part_org_carb,type,sediment,string
part_org_nitro,title,other-undescribed,particulate organic nitrogen
part_org_nitro,title,water,particulate organic nitrogen
part_org_nitro,description,other-undescribed,Concentration of particulate organic nitrogen
part_org_nitro,description,water,Concentration of particulate organic nitrogen. (Unit: ug/L or umol/L)
part_org_nitro,type,other-undescribed,string
part_org_nitro,type,water,string
particle_class,title,other-undescribed,particle class
particle_class,title,sediment,particle class
particle_class,description,other-undescribed,Particles are classified based on their size into six general categories:clay silt sand gravel cobbles and boulders; should include amount of particle preceded by the name of the particle type; can include multiple values
particle_class,description,sediment,Particles are classified based on their size into six general categories: clay silt sand gravel cobbles and boulders. Include amount of particle with units preceded by the name of the particle type; can include multiple values separated by ';'.
particle_class,type,other-undescribed,string
particle_class,type,sediment,string
pathogenicity,title,other-undescribed,pathogenicity
pathogenicity,title,pure-culture,pathogenicity
pathogenicity,title,culture-environmental,known pathogenicity
pathogenicity,title,mixed-culture,pathogenicity
pathogenicity,description,other-undescribed,To what is the entity pathogenic
pathogenicity,description,pure-culture,To what is the entity pathogenic
pathogenicity,description,culture-environmental,To what is the entity pathogenic
pathogenicity,description,mixed-culture,To what is the entity pathogenic
pathogenicity,type,other-undescribed,string
pathogenicity,type,pure-culture,string
pathogenicity,type,culture-environmental,string
pathogenicity,type,mixed-culture,string
perturbation,title,other-undescribed,perturbation
perturbation,title,soil,perturbation
perturbation,title,water,perturbation
perturbation,title,sediment,perturbation
perturbation,description,other-undescribed,Type of perturbation e.g. chemical administration physical disturbance etc. coupled with perturbation regimen including how many times the perturbation was repeated how long each perturbation lasted and the start and end time of the entire perturbation period; can include multiple perturbation types
perturbation,description,soil,Type of perturbation e.g. chemical administration physical disturbance etc. coupled with perturbation regimen including how many times the perturbation was repeated how long each perturbation lasted and the start and end time of the entire perturbation period; can include multiple perturbation types
perturbation,description,water,Type of perturbation e.g. chemical administration physical disturbance etc. coupled with perturbation regimen including how many times the perturbation was repeated how long each perturbation lasted and the start and end time of the entire perturbation period; can include multiple perturbation types
perturbation,description,sediment,Type of perturbation e.g. chemical administration physical disturbance etc. coupled with perturbation regimen including how many times the perturbation was repeated how long each perturbation lasted and the start and end time of the entire perturbation period; can include multiple perturbation types
perturbation,type,other-undescribed,string
perturbation,type,soil,string
perturbation,type,water,string
perturbation,type,sediment,string
pesticide_regm,title,other-undescribed,pesticide regimen
pesticide_regm,title,plant,pesticide regimen
pesticide_regm,description,other-undescribed,Information about treatment involving use of insecticides; should include the name of pesticide amount administered treatment regimen including how many times the treatment was repeated how long each treatment lasted and the start and end time of the entire treatment; can include multiple pesticide regimens
pesticide_regm,description,plant,Information about treatment involving use of insecticides; should include the name of pesticide amount administered treatment regimen including how many times the treatment was repeated how long each treatment lasted and the start and end time of the entire treatment; can include multiple pesticide regimens
pesticide_regm,type,other-undescribed,string
pesticide_regm,type,plant,string
petroleum_hydrocarb,title,other-undescribed,petroleum hydrocarbon
petroleum_hydrocarb,title,water,petroleum hydrocarbon
petroleum_hydrocarb,title,sediment,petroleum hydrocarbon concentration
petroleum_hydrocarb,description,other-undescribed,Concentration of petroleum hydrocarbon
petroleum_hydrocarb,description,water,Concentration of petroleum hydrocarbon (Unit: umol/L)
petroleum_hydrocarb,description,sediment,Concentration of petroleum hydrocarbon (Unit: umol/L)
petroleum_hydrocarb,type,other-undescribed,string
petroleum_hydrocarb,type,water,string
petroleum_hydrocarb,type,sediment,string
ph,title,other-undescribed,pH
ph,title,soil,ph
ph,title,water,pH
ph,title,sediment,ph
ph,description,other-undescribed,pH measurement of the sample or liquid portion of sample or aqueous phase of the fluid
ph,description,soil,pH measurement of the sample or liquid portion of sample or aqueous phase of the fluid.
ph,description,water,pH measurement of the sample or liquid portion of sample or aqueous phase of the fluid
ph,description,sediment,pH measurement of the sample or liquid portion of sample or aqueous phase of the fluid
ph,type,other-undescribed,number
ph,type,soil,number
ph,type,water,number
ph,type,sediment,number
ph_meth,title,other-undescribed,pH method
ph_meth,title,soil,ph method
ph_meth,title,water,pH method
ph_meth,title,sediment,ph method
ph_meth,description,other-undescribed,Reference or method used in determining ph
ph_meth,description,soil,Reference or method used in determining ph
ph_meth,description,water,Reference or method used in determining ph
ph_meth,description,sediment,Reference or method used in determining ph
ph_meth,type,other-undescribed,string
ph_meth,type,soil,string
ph_meth,type,water,string
ph_meth,type,sediment,string
ph_regm,title,other-undescribed,pH regimen
ph_regm,title,plant,pH regimen
ph_regm,description,other-undescribed,Information about treatment involving exposure of plants to varying levels of ph of the growth media treatment regimen including how many times the treatment was repeated how long each treatment lasted and the start and end time of the entire treatment; can include multiple regimen
ph_regm,description,plant,Information about treatment involving exposure of plants to varying levels of ph of the growth media treatment regimen including how many times the treatment was repeated how long each treatment lasted and the start and end time of the entire treatment; can include multiple regimen
ph_regm,type,other-undescribed,string
ph_regm,type,plant,string
phaeopigments,title,other-undescribed,phaeopigments
phaeopigments,title,water,phaeopigments
phaeopigments,title,sediment,phaeopigments concentration
phaeopigments,description,other-undescribed,Concentration of phaeopigments; can include multiple phaeopigments
phaeopigments,description,water,Concentration of phaeopigments; can include multiple phaeopigments separated by a `;` (Unit: mg/cm3)
phaeopigments,description,sediment,Concentration of phaeopigments; can include multiple phaeopigments separated by a `;` (Unit: mg/cm3)
phaeopigments,type,other-undescribed,string
phaeopigments,type,water,string
phaeopigments,type,sediment,string
phenotype,title,engineered-strain,phenotype
phenotype,description,engineered-strain,Provide the intended phenotype of the modified organism.
phenotype,type,engineered-strain,string
phosphate,title,other-undescribed,phosphate
phosphate,title,water,phosphate
phosphate,title,sediment,phosphate concentration
phosphate,description,other-undescribed,Concentration of phosphate
phosphate,description,water,Concentration of phosphate (Unit: umol/L)
phosphate,description,sediment,Concentration of phosphate (Unit: umol/L)
phosphate,type,other-undescribed,string
phosphate,type,water,string
phosphate,type,sediment,string
phosplipid_fatt_acid,title,other-undescribed,phospholipid fatty acid
phosplipid_fatt_acid,title,water,phospholipid fatty acid
phosplipid_fatt_acid,title,sediment,phospholipid fatty acid concentration
phosplipid_fatt_acid,description,other-undescribed,Concentration of phospholipid fatty acids; can include multiple values
phosplipid_fatt_acid,description,water,Concentration of phospholipid fatty acids; can include multiple values separated by `;`. Provide the phospholipid fatty acids followed by the measurement value ({phospholipid fatty acid name}{value} {unit})
phosplipid_fatt_acid,description,sediment,Concentration of phospholipid fatty acids; can include multiple values separated by `;`. Provide the phospholipid fatty acids followed by the measurement value ({phospholipid fatty acid name}{value} {unit})
phosplipid_fatt_acid,type,other-undescribed,string
phosplipid_fatt_acid,type,water,string
phosplipid_fatt_acid,type,sediment,string
photochemical_exposure,title,other-undescribed,photochemical exposure
photochemical_exposure,title,aerosol,photochemical exposure
photochemical_exposure,title,aerosol-arm,photochemical exposure
photochemical_exposure,description,other-undescribed,This term is used to describe a chemical reaction caused by absorption of ultraviolet (wavelength from 100 to 400 nm) uv visible light (400–750 nm) or infrared radiation (750–2500 nm)
photochemical_exposure,description,aerosol,This term is used to describe a chemical reaction caused by absorption of ultraviolet (wavelength from 100 to 400 nm) uv visible light (400–750 nm) or infrared radiation (750–2500 nm)
photochemical_exposure,description,aerosol-arm,This term is used to describe a chemical reaction caused by absorption of ultraviolet (wavelength from 100 to 400 nm) uv visible light (400–750 nm) or infrared radiation (750–2500 nm)
photochemical_exposure,type,other-undescribed,string
photochemical_exposure,type,aerosol,string
photochemical_exposure,type,aerosol-arm,string
photochemical_exposure,enum,aerosol,ultravioletuv visible lightinfrared
photochemical_exposure,enum,aerosol-arm,ultravioletuv visible lightinfrared
photon_flux,title,other-undescribed,photon flux
photon_flux,title,water,photon flux
photon_flux,description,other-undescribed,Measurement of photon flux
photon_flux,description,water,Measurement of photon flux. Provide value and unit any unit is valid.
photon_flux,type,other-undescribed,string
photon_flux,type,water,string
plant_age,title,plant,plant age
plant_age,description,plant,Age of plant at the time of sampling. Must provide unit
plant_age,type,plant,string
plant_common_name,title,plant,plant common name
plant_common_name,description,plant,Common name of the plant.
plant_common_name,type,plant,string
plant_disease_stat,title,plant,plant disease status
plant_disease_stat,description,plant,List of diseases with which the plant has been diagnosed; can include multiple diagnoses. The value of the field depends on host; for humans the terms should be chosen from the DO (Human Disease Ontology) at https://www.disease-ontology.org non-human host diseases are free text
plant_disease_stat,type,plant,string
plant_dry_mass,title,plant,plant dry mass
plant_dry_mass,description,plant,Measurement of dry mass. (Unit: kg or g)
plant_dry_mass,type,plant,string
plant_genotype,title,plant,plant genotype
plant_genotype,description,plant,Observed genotype of the plant
plant_genotype,type,plant,string
plant_growth_med,title,field-deployed-terraform,plant growth medium
plant_growth_med,title,terraform,plant growth medium
plant_growth_med,title,plant,plant growth medium
plant_growth_med,description,field-deployed-terraform,Specification of the media for growing the plants or tissue cultured samples e.g. soil aeroponic hydroponic in vitro solid culture medium in vitro liquid culture medium.
plant_growth_med,description,terraform,Specification of the media for growing the plants or tissue cultured samples e.g. soil aeroponic hydroponic in vitro solid culture medium in vitro liquid culture medium.
plant_growth_med,description,plant,Specification of the media for growing the plants or tissue cultured samples. Value is required to be a subclass from `plant growth medium exposure [PECO:0007147]`
plant_growth_med,type,field-deployed-terraform,string
plant_growth_med,type,terraform,string
plant_growth_med,type,plant,string
plant_product,title,field-deployed-terraform,plant product
plant_product,title,terraform,plant product
plant_product,description,field-deployed-terraform,Substance produced by the plant where the sample was obtained from
plant_product,description,terraform,Substance produced by the plant where the sample was obtained from
plant_product,type,field-deployed-terraform,string
plant_product,type,terraform,string
plant_sex,title,field-deployed-terraform,plant sex
plant_sex,title,terraform,plant sex
plant_sex,title,plant,plant sex
plant_sex,description,field-deployed-terraform,Sex of the reproductive parts on the whole plant.
plant_sex,description,terraform,Sex of the reproductive parts on the whole plant.
plant_sex,description,plant,Sex of the reproductive parts on the whole plant
plant_sex,type,field-deployed-terraform,string
plant_sex,type,terraform,string
plant_sex,type,plant,string
plant_sex,enum,field-deployed-terraform,AndrodioeciousAndroeciousAndrogynomonoeciousAndromonoeciousBisexualDichogamousDiclinousDioeciousGynodioeciousGynoeciousGynomonoeciousHermaphroditicImperfectMonoclinousMonoeciousPerfectPolygamodioeciousPolygamomonoeciousPolygamousProtandrousProtogynousSubandroeciousSubdioeciousSubgynoeciousSynoeciousTrimonoeciousTrioeciousUnisexual
plant_sex,enum,terraform,AndrodioeciousAndroeciousAndrogynomonoeciousAndromonoeciousBisexualDichogamousDiclinousDioeciousGynodioeciousGynoeciousGynomonoeciousHermaphroditicImperfectMonoclinousMonoeciousPerfectPolygamodioeciousPolygamomonoeciousPolygamousProtandrousProtogynousSubandroeciousSubdioeciousSubgynoeciousSynoeciousTrimonoeciousTrioeciousUnisexual
plant_sex,enum,plant,AndrodioeciousAndroeciousAndrogynomonoeciousAndrogynousAndromonoeciousBisexualDichogamousDiclinousDioeciousGynodioeciousGynoeciousGynomonoeciousHermaphroditicImperfectMonoclinousMonoeciousPerfectPolygamodioeciousPolygamomonoeciousPolygamousProtandrousProtogynousSubandroeciousSubdioeciousSubgynoeciousSynoeciousTrimonoeciousTrioeciousUnisexual
plant_struc,title,field-deployed-terraform,plant structure
plant_struc,title,terraform,plant structure
plant_struc,title,plant,plant structure
plant_struc,description,field-deployed-terraform,Name of plant structure the sample was obtained from; for Plant Ontology (PO) (v releases/2017-12-14) terms see http://purl.bioontology.org/ontology/PO e.g. petiole epidermis (PO_0000051). If an individual flower is sampled the sex of it can be recorded here.
plant_struc,description,terraform,Name of plant structure the sample was obtained from; for Plant Ontology (PO) (v releases/2017-12-14) terms see http://purl.bioontology.org/ontology/PO e.g. petiole epidermis (PO_0000051). If an individual flower is sampled the sex of it can be recorded here.
plant_struc,description,plant,The plant strucutre that was sampled.
plant_struc,type,field-deployed-terraform,string
plant_struc,type,terraform,string
plant_struc,type,plant,string
plant_struc,enum,field-deployed-terraform,stem [PO:0009047]leaf [PO:0025034]root [PO:0009005]fine root [BTO:0005194]whole plant [BTO:0001461]stamen [PO:0009029]carpel [PO:0009030]seed [PO:0009010]
plant_struc,enum,terraform,stem [PO:0009047]leaf [PO:0025034]root [PO:0009005]fine root [BTO:0005194]whole plant [BTO:0001461]stamen [PO:0009029]carpel [PO:0009030]seed [PO:0009010]
plant_struc,enum,plant,seedstemleafrootfine rootswhole plantrhizodeposits
plant_taxid,title,plant,plant taxonomy identifier
plant_taxid,description,plant,NCBI taxa ID of the plant from https://www.ncbi.nlm.nih.gov/taxonomy
plant_taxid,type,plant,string
plant_wet_mass,title,plant,plant wet mass
plant_wet_mass,description,plant,Measurement of wet mass. (Unit: kg or g)
plant_wet_mass,type,plant,string
porosity,title,other-undescribed,porosity
porosity,title,sediment,porosity
porosity,description,other-undescribed,Porosity of deposited sediment is volume of voids divided by the total volume of sample
porosity,description,sediment,Porosity of deposited sediment is volume of voids divided by the total volume of sample (Unit: percent)
porosity,type,other-undescribed,string
porosity,type,sediment,string
potassium,title,other-undescribed,potassium
potassium,title,water,potassium
potassium,title,sediment,potassium concentration
potassium,description,other-undescribed,Concentration of potassium in the sample
potassium,description,water,Concentration of potassium in the sample (Unit: mg/L)
potassium,description,sediment,Concentration of potassium in the sample (Unit: mg/L)
potassium,type,other-undescribed,string
potassium,type,water,string
potassium,type,sediment,string
pre_treatment,title,other-undescribed,pre-treatment
pre_treatment,description,other-undescribed,the process of pre-treatment removes materials that can be easily collected from the raw wastewater
pre_treatment,type,other-undescribed,string
pressure,title,field-deployed-terraform,pressure
pressure,title,other-undescribed,pressure
pressure,title,water,pressure
pressure,title,sediment,pressure
pressure,title,terraform,pressure
pressure,description,field-deployed-terraform,Pressure to which the sample is subject to in atmospheres (Unit: atm)
pressure,description,other-undescribed,Pressure to which the sample is subject to in atmospheres
pressure,description,water,Pressure to which the sample is subject to in atmospheres (Unit: atm)
pressure,description,sediment,Pressure to which the sample is subject to in atmospheres (Unit: atm)
pressure,description,terraform,Pressure to which the sample is subject to in atmospheres (Unit: atm)
pressure,type,field-deployed-terraform,string
pressure,type,other-undescribed,string
pressure,type,water,string
pressure,type,sediment,string
pressure,type,terraform,string
pressure_control,title,other-undescribed,pressure control
pressure_control,title,aerosol,pressure control
pressure_control,title,aerosol-arm,pressure control
pressure_control,description,other-undescribed,Measurment of pressure applied to the sample during experimentation
pressure_control,description,aerosol,Measurment of pressure applied to the sample during experimentation (Unit: Pa)
pressure_control,description,aerosol-arm,Measurment of pressure applied to the sample during experimentation (Unit: Pa)
pressure_control,type,other-undescribed,string
pressure_control,type,aerosol,string
pressure_control,type,aerosol-arm,string
previous_land_use,title,other-undescribed,previous land use
previous_land_use,title,soil,previous land use
previous_land_use,title,monet-soil,previous land use
previous_land_use,description,other-undescribed,Previous land use and dates
previous_land_use,description,soil,Previous land use and dates
previous_land_use,description,monet-soil,Previous land use and dates
previous_land_use,type,other-undescribed,string
previous_land_use,type,soil,string
previous_land_use,type,monet-soil,string
previous_land_use_meth,title,other-undescribed,previous land use method
previous_land_use_meth,title,soil,previous land use method
previous_land_use_meth,title,monet-soil,previous land use method
previous_land_use_meth,description,other-undescribed,Reference or method used in determining previous land use and dates
previous_land_use_meth,description,soil,Reference or method used in determining previous land use and dates
previous_land_use_meth,description,monet-soil,Reference or method used in determining previous land use and dates
previous_land_use_meth,type,other-undescribed,string
previous_land_use_meth,type,soil,string
previous_land_use_meth,type,monet-soil,string
primary_prod,title,other-undescribed,primary production
primary_prod,title,water,primary production
primary_prod,description,other-undescribed,Measurement of primary production generally measured as isotope uptake
primary_prod,description,water,Measurement of primary production generally measured as isotope uptake. Provide value and unit any unit is valid.
primary_prod,type,other-undescribed,string
primary_prod,type,water,string
primary_treatment,title,other-undescribed,primary treatment
primary_treatment,description,other-undescribed,the process to produce both a generally homogeneous liquid capable of being treated biologically and a sludge that can be separately treated or processed
primary_treatment,type,other-undescribed,string
priority_order,title,other-undescribed,priority order
priority_order,title,aerosol,priority order
priority_order,title,aerosol-arm,priority order
priority_order,description,other-undescribed,Indicate the run order priority of your samples
priority_order,description,aerosol,Indicate the run order priority of your samples
priority_order,description,aerosol-arm,Indicate the run order priority of your samples
priority_order,type,other-undescribed,string
priority_order,type,aerosol,string
priority_order,type,aerosol-arm,number
product_name,title,synthesized-material,product name
product_name,description,synthesized-material,Provide the name of the product used to create the synthetic material.
product_name,type,synthesized-material,string
production_method,title,other-undescribed,production method
production_method,title,commercially-purchased,production method
production_method,title,synthesized-material,production method
production_method,description,other-undescribed,A DOI or description of how the compound was produced if the commercially purchased material was altered
production_method,description,commercially-purchased,A DOI or description of how the compound was produced if the commercially purchased material was altered
production_method,description,synthesized-material,A DOI or description of how the compound was produced if the commercially purchased material was altered
production_method,type,other-undescribed,string
production_method,type,commercially-purchased,string
production_method,type,synthesized-material,string
profile_position,title,other-undescribed,profile position
profile_position,title,soil,profile position
profile_position,description,other-undescribed,Cross-sectional position in the hillslope where sample was collected. Sample area position in relation to surrounding areas
profile_position,description,soil,Cross-sectional position in the hillslope where sample was collected. Sample area position in relation to surrounding areas
profile_position,type,other-undescribed,string
profile_position,type,soil,string
profile_position,enum,soil,BackslopeFootslopeShoulderSummitToeslope
propagation,title,field-deployed-terraform,propogation
propagation,title,other-undescribed,propagation
propagation,title,pure-culture,propagation
propagation,title,culture-environmental,propagation
propagation,title,mixed-culture,propagation
propagation,title,terraform,propogation
propagation,description,field-deployed-terraform,This field is specific to different taxa. For phages: lytic/lysogenic for plasmids: incompatibility group for eukaryotes: sexual/asexual.
propagation,description,other-undescribed,This field is specific to different taxa. For phages: lytic/lysogenic for plasmids: incompatibility group for eukaryotes: sexual/asexual (Note: there is the strong opinion to name phage propagation obligately lytic or temperate therefore we also give this choice
propagation,description,pure-culture,This field is specific to different taxa. For phages: lytic/lysogenic for plasmids: incompatibility group for eukaryotes: sexual/asexual.
propagation,description,culture-environmental,This field is specific to different taxa. For phages: lytic/lysogenic for plasmids: incompatibility group for eukaryotes: sexual/asexual.
propagation,description,mixed-culture,This field is specific to different taxa. For phages: lytic/lysogenic for plasmids: incompatibility group for eukaryotes: sexual/asexual.
propagation,description,terraform,This field is specific to different taxa. For phages: lytic/lysogenic for plasmids: incompatibility group for eukaryotes: sexual/asexual.
propagation,type,field-deployed-terraform,string
propagation,type,other-undescribed,string
propagation,type,pure-culture,string
propagation,type,culture-environmental,string
propagation,type,mixed-culture,string
propagation,type,terraform,string
radiation_regm,title,other-undescribed,radiation regimen
radiation_regm,description,other-undescribed,Information about treatment involving exposure of plant or a plant part to a particular radiation regimen; should include the radiation type amount or intensity administered treatment regimen including how many times the treatment was repeated how long each treatment lasted and the start and end time of the entire treatment; can include multiple radiation regimens
radiation_regm,type,other-undescribed,string
rainfall_regm,title,other-undescribed,rainfall regimen
rainfall_regm,title,plant,rainfall regimen
rainfall_regm,description,other-undescribed,Information about treatment involving an exposure to a given amount of rainfall treatment regimen including how many times the treatment was repeated how long each treatment lasted and the start and end time of the entire treatment; can include multiple regimens
rainfall_regm,description,plant,Information about treatment involving an exposure to a given amount of rainfall treatment regimen including how many times the treatment was repeated how long each treatment lasted and the start and end time of the entire treatment; can include multiple regimens
rainfall_regm,type,other-undescribed,string
rainfall_regm,type,plant,string
reactor_type,title,other-undescribed,reactor type
reactor_type,description,other-undescribed,anaerobic digesters can be designed and engineered to operate using a number of different process configurations as batch or continuous mesophilic high solid or low solid and single stage or multistage
reactor_type,type,other-undescribed,string
redox_potential,title,field-deployed-terraform,redox potential
redox_potential,title,other-undescribed,redox potential
redox_potential,title,water,redox potential
redox_potential,title,sediment,redox potential
redox_potential,title,terraform,redox potential
redox_potential,description,field-deployed-terraform,Redox potential measured relative to a hydrogen cell indicating oxidation or reduction potential (Unit: mV)
redox_potential,description,other-undescribed,Redox potential measured relative to a hydrogen cell indicating oxidation or reduction potential
redox_potential,description,water,Redox potential measured relative to a hydrogen cell indicating oxidation or reduction potential (Unit: mV)
redox_potential,description,sediment,Redox potential measured relative to a hydrogen cell indicating oxidation or reduction potential (Unit: mV)
redox_potential,description,terraform,Redox potential measured relative to a hydrogen cell indicating oxidation or reduction potential (Unit: mV)
redox_potential,type,field-deployed-terraform,string
redox_potential,type,other-undescribed,string
redox_potential,type,water,string
redox_potential,type,sediment,string
redox_potential,type,terraform,string
ref_biomaterial,title,field-deployed-terraform,reference for biomaterial
ref_biomaterial,title,other-undescribed,reference for biomaterial
ref_biomaterial,title,pure-culture,reference for biomaterial
ref_biomaterial,title,culture-environmental,reference for biomaterial
ref_biomaterial,title,mixed-culture,reference for biomaterial
ref_biomaterial,title,terraform,reference for biomaterial
ref_biomaterial,description,field-deployed-terraform,Primary publication if isolated before genome publication; otherwise primary genome report.
ref_biomaterial,description,other-undescribed,Primary publication if isolated before genome publication; otherwise primary genome report.
ref_biomaterial,description,pure-culture,Primary publication if isolated before genome publication; otherwise primary genome report.
ref_biomaterial,description,culture-environmental,Primary publication if isolated before genome publication; otherwise primary genome report.
ref_biomaterial,description,mixed-culture,Primary publication for the biomaterial/sample
ref_biomaterial,description,terraform,Primary publication if isolated before genome publication; otherwise primary genome report.
ref_biomaterial,type,field-deployed-terraform,string
ref_biomaterial,type,other-undescribed,string
ref_biomaterial,type,pure-culture,string
ref_biomaterial,type,culture-environmental,string
ref_biomaterial,type,mixed-culture,string
ref_biomaterial,type,terraform,string
replicate_number,title,field-deployed-terraform,replicate number
replicate_number,title,other-undescribed,replicate number
replicate_number,title,soil,replicate number
replicate_number,title,water,replicate number
replicate_number,title,aerosol,replicate number
replicate_number,title,aerosol-arm,replicate number
replicate_number,title,pure-culture,replicate number
replicate_number,title,culture-environmental,replicate number
replicate_number,title,commercially-purchased,replicate number
replicate_number,title,mixed-culture,replicate number
replicate_number,title,sediment,replicate number
replicate_number,title,terraform,replicate number
replicate_number,title,synthesized-material,replicate number
replicate_number,title,plant,replicate number
replicate_number,description,field-deployed-terraform,If samples are biological replicates indicate the replicate number here.
replicate_number,description,other-undescribed,If samples are biological replicates indicate the replicate number here.
replicate_number,description,soil,If samples are biological replicates indicate the replicate number here.
replicate_number,description,water,If samples are biological replicates indicate the replicate number here.
replicate_number,description,aerosol,If samples are biological replicates indicate the replicate number here.
replicate_number,description,aerosol-arm,If samples are biological replicates indicate the replicate number here.
replicate_number,description,pure-culture,If samples are biological replicates indicate the replicate number here.
replicate_number,description,culture-environmental,If samples are biological replicates indicate the replicate number here.
replicate_number,description,commercially-purchased,If samples are biological replicates indicate the replicate number here.
replicate_number,description,mixed-culture,If samples are biological replicates indicate the replicate number here.
replicate_number,description,sediment,If samples are biological replicates indicate the replicate number here.
replicate_number,description,terraform,If samples are biological replicates indicate the replicate number here.
replicate_number,description,synthesized-material,If samples are biological replicates indicate the replicate number here.
replicate_number,description,plant,If samples are biological replicates indicate the replicate number here.
replicate_number,type,field-deployed-terraform,integer
replicate_number,type,other-undescribed,integer
replicate_number,type,soil,integer
replicate_number,type,water,integer
replicate_number,type,aerosol,integer
replicate_number,type,aerosol-arm,integer
replicate_number,type,pure-culture,integer
replicate_number,type,culture-environmental,integer
replicate_number,type,commercially-purchased,integer
replicate_number,type,mixed-culture,integer
replicate_number,type,sediment,integer
replicate_number,type,terraform,integer
replicate_number,type,synthesized-material,integer
replicate_number,type,plant,integer
root_cond,title,field-deployed-terraform,rooting conditions
root_cond,title,terraform,rooting conditions
root_cond,title,plant,rooting conditions
root_cond,description,field-deployed-terraform,Relevant rooting conditions such as field plot size sowing density container dimensions number of plants per container.
root_cond,description,terraform,Relevant rooting conditions such as field plot size sowing density container dimensions number of plants per container.
root_cond,description,plant,Relevant rooting conditions such as field plot size sowing density container dimensions number of plants per container.
root_cond,type,field-deployed-terraform,string
root_cond,type,terraform,string
root_cond,type,plant,string
root_med_carbon,title,field-deployed-terraform,rooting medium carbon
root_med_carbon,title,terraform,rooting medium carbon
root_med_carbon,title,plant,rooting medium carbon
root_med_carbon,description,field-deployed-terraform,Source of organic carbon in the culture rooting medium. Provide the carbon source amount and unit. Formatted as source amount unit. Separated by ; for multiple carbon sources.
root_med_carbon,description,terraform,Source of organic carbon in the culture rooting medium. Provide the carbon source amount and unit. Formatted as source amount unit. Separated by ; for multiple carbon sources.
root_med_carbon,description,plant,Source of organic carbon in the culture rooting medium. Provide as {carbon source} {value}{unit}. Can be multivalued separated by ;. Preferred unitl mg/L.
root_med_carbon,type,field-deployed-terraform,string
root_med_carbon,type,terraform,string
root_med_carbon,type,plant,string
root_med_macronutr,title,field-deployed-terraform,rooting medium macronutrients
root_med_macronutr,title,terraform,rooting medium macronutrients
root_med_macronutr,title,plant,rooting medium macronutrients
root_med_macronutr,description,field-deployed-terraform,Measurement of the culture rooting medium macronutrients (N P K Ca Mg S); e.g. KH2PO4170 mg/L).
root_med_macronutr,description,terraform,Measurement of the culture rooting medium macronutrients (N P K Ca Mg S); e.g. KH2PO4170 mg/L).
root_med_macronutr,description,plant,Measurement of the culture rooting medium macronutrients (NP K Ca Mg S). Can be multivalued separated by ;. e.g. KH2PO4 170 mg/L
root_med_macronutr,type,field-deployed-terraform,string
root_med_macronutr,type,terraform,string
root_med_macronutr,type,plant,string
root_med_micronutr,title,field-deployed-terraform,rooting medium micronutrients
root_med_micronutr,title,terraform,rooting medium micronutrients
root_med_micronutr,title,plant,rooting medium micronutrients
root_med_micronutr,description,field-deployed-terraform,Measurement of the culture rooting medium micronutrients (Fe Mn Zn B Cu Mo); e.g. H3BO3 (6.2 mg/L).
root_med_micronutr,description,terraform,Measurement of the culture rooting medium micronutrients (Fe Mn Zn B Cu Mo); e.g. H3BO3 (6.2 mg/L).
root_med_micronutr,description,plant,Measurement of the culture rooting medium micronutrients (Fe Mn Zn B Cu Mo). Can be multivalued separated by ;. e.g. H3BO3 6.2 mg/L
root_med_micronutr,type,field-deployed-terraform,string
root_med_micronutr,type,terraform,string
root_med_micronutr,type,plant,string
root_med_ph,title,plant,rooting medium pH
root_med_ph,description,plant,pH measurement of the culture rooting medium.
root_med_ph,type,plant,number
root_med_regl,title,plant,rooting medium regulators
root_med_regl,description,plant,Growth regulators in the culture rooting medium such as cytokinins auxins gybberellins abscisic acid. Can be multivalued separated by ;. e.g. Naphthaleneacetic Acid 0.5 mg/L
root_med_regl,type,plant,string
root_med_solid,title,plant,rooting medium solidifier
root_med_solid,description,plant,Specification of the solidifying agent in the culture rooting medium.
root_med_solid,type,plant,string
root_med_suppl,title,plant,rooting medium organic supplement
root_med_suppl,description,plant,Organic supplements of the culture rooting medium such as vitamins amino acids organic acids antibiotics activated charcoal. Can be multivalued separated by ;. e.g. nicotinic acid 0.5 mg/L
root_med_suppl,type,plant,string
salinity,title,other-undescribed,salinity
salinity,title,soil,salinity
salinity,title,water,salinity
salinity,title,sediment,salinity concentration
salinity,title,plant,salinity
salinity,description,other-undescribed,Salinity is the total concentration of all dissolved salts in a water sample. While salinity can be measured by a complete chemical analysis this method is difficult and time consuming. More often it is instead derived from the conductivity measurement. This is known as practical salinity. These derivations compare the specific conductance of the sample to a salinity standard such as seawater
salinity,description,soil,Salinity is the total concentration of all dissolved salts in a sample. While salinity can be measured by a complete chemical analysis this method is difficult and time consuming. More often it is instead derived from the conductivity measurement. This is known as practical salinity. These derivations compare the specific conductance of the sample to a salinity standard such as seawater (Unit: practical salinity unit or percent)
salinity,description,water,Salinity is the total concentration of all dissolved salts in sample. While salinity can be measured by a complete chemical analysis this method is difficult and time consuming. More often it is instead derived from the conductivity measurement. This is known as practical salinity. These derivations compare the specific conductance of the sample to a salinity standard such as seawater (Unit: practical salinity unit or percent)
salinity,description,sediment,Salinity is the total concentration of all dissolved salts in sample. While salinity can be measured by a complete chemical analysis this method is difficult and time consuming. More often it is instead derived from the conductivity measurement. This is known as practical salinity. These derivations compare the specific conductance of the sample to a salinity standard such as seawater (Unit: practical salinity unit or percent)
salinity,description,plant,Salinity is the total concentration of all dissolved salts in a sample. While salinity can be measured by a complete chemical analysis this method is difficult and time consuming. More often it is instead derived from the conductivity measurement. This is known as practical salinity. These derivations compare the specific conductance of the sample to a salinity standard such as seawater (Unit: practical salinity unit or percent)
salinity,type,other-undescribed,string
salinity,type,soil,string
salinity,type,water,string
salinity,type,sediment,string
salinity,type,plant,string
salinity_method,title,other-undescribed,salinity method
salinity_method,title,soil,salinity method
salinity_method,title,water,salinity method
salinity_method,title,sediment,salinity method
salinity_method,title,plant,salinity method
salinity_method,description,other-undescribed,Method used to determine sample salinity
salinity_method,description,soil,Method used to determine sample salinity
salinity_method,description,water,Method used to determine sample salinity
salinity_method,description,sediment,Method used to determine sample salinity
salinity_method,description,plant,Method used to determine sample salinity
salinity_method,type,other-undescribed,string
salinity_method,type,soil,string
salinity_method,type,water,string
salinity_method,type,sediment,string
salinity_method,type,plant,string
salt_regm,title,field-deployed-terraform,salt regimen
salt_regm,title,other-undescribed,salt regimen
salt_regm,title,terraform,salt regimen
salt_regm,title,plant,salt regimen
salt_regm,description,field-deployed-terraform,Information about treatment involving use of salts as supplement to liquid and soil growth media; should include the name of salt amount administered treatment regimen including how many times the treatment was repeated how long each treatment lasted and the start and end time of the entire treatment; can include multiple salt regimens
salt_regm,description,other-undescribed,Information about treatment involving use of salts as supplement to liquid and soil growth media; should include the name of salt amount administered treatment regimen including how many times the treatment was repeated how long each treatment lasted and the start and end time of the entire treatment; can include multiple salt regimens
salt_regm,description,terraform,Information about treatment involving use of salts as supplement to liquid and soil growth media; should include the name of salt amount administered treatment regimen including how many times the treatment was repeated how long each treatment lasted and the start and end time of the entire treatment; can include multiple salt regimens
salt_regm,description,plant,Information about treatment involving use of salts as supplement to liquid and soil growth media; should include the name of salt amount administered treatment regimen including how many times the treatment was repeated how long each treatment lasted and the start and end time of the entire treatment; can include multiple salt regimens
salt_regm,type,field-deployed-terraform,string
salt_regm,type,other-undescribed,string
salt_regm,type,terraform,string
salt_regm,type,plant,string
samp_biotic_relationship,title,field-deployed-terraform,sample biotic relationship
samp_biotic_relationship,title,other-undescribed,sample biotic relationship
samp_biotic_relationship,title,soil,sample biotic relationship
samp_biotic_relationship,title,pure-culture,sample biotic relationship
samp_biotic_relationship,title,culture-environmental,sample biotic relationship
samp_biotic_relationship,title,mixed-culture,sample biotic relationship
samp_biotic_relationship,title,sediment,sample biotic relationship
samp_biotic_relationship,title,terraform,sample biotic relationship
samp_biotic_relationship,description,field-deployed-terraform,Description of relationship(s) between the subject organism and other organism(s) it is associated with. E.g. parasite on species X; mutualist with species Y. The target organism is the subject of the relationship and the other organism(s) is the object
samp_biotic_relationship,description,other-undescribed,Description of relationship(s) between the subject organism and other organism(s) it is associated with. E.g. parasite on species X; mutualist with species Y. The target organism is the subject of the relationship and the other organism(s) is the object
samp_biotic_relationship,description,soil,Description of relationship(s) between the subject organism and other organism(s) it is associated with. E.g. parasite on species X; mutualist with species Y. The target organism is the subject of the relationship and the other organism(s) is the object
samp_biotic_relationship,description,pure-culture,Description of relationship(s) between the subject organism and other organism(s) it is associated with. E.g. parasite on species X; mutualist with species Y. The target organism is the subject of the relationship and the other organism(s) is the object
samp_biotic_relationship,description,culture-environmental,Description of relationship(s) between the subject organism and other organism(s) it is associated with. E.g. parasite on species X; mutualist with species Y. The target organism is the subject of the relationship and the other organism(s) is the object
samp_biotic_relationship,description,mixed-culture,Description of relationship(s) between the subject organism and other organism(s) it is associated with. E.g. parasite on species X; mutualist with species Y. The target organism is the subject of the relationship and the other organism(s) is the object
samp_biotic_relationship,description,sediment,Description of relationship(s) between the subject organism and other organism(s) it is associated with. The target organism is the subject of the relationship and the other organism(s) is the object
samp_biotic_relationship,description,terraform,Description of relationship(s) between the subject organism and other organism(s) it is associated with. E.g. parasite on species X; mutualist with species Y. The target organism is the subject of the relationship and the other organism(s) is the object
samp_biotic_relationship,type,field-deployed-terraform,string
samp_biotic_relationship,type,other-undescribed,string
samp_biotic_relationship,type,soil,string
samp_biotic_relationship,type,pure-culture,string
samp_biotic_relationship,type,culture-environmental,string
samp_biotic_relationship,type,mixed-culture,string
samp_biotic_relationship,type,sediment,string
samp_biotic_relationship,type,terraform,string
samp_biotic_relationship,enum,field-deployed-terraform,free_livingparasitecommensalsymbiont
samp_biotic_relationship,enum,soil,free_livingparasitecommensalsymbiont
samp_biotic_relationship,enum,pure-culture,free_livingparasitecommensalsymbiont
samp_biotic_relationship,enum,culture-environmental,free_livingparasitecommensalsymbiont
samp_biotic_relationship,enum,mixed-culture,free_livingparasitecommensalsymbiont
samp_biotic_relationship,enum,sediment,free_livingparasitecommensalsymbiont
samp_biotic_relationship,enum,terraform,free_livingparasitecommensalsymbiont
samp_capt_status,title,other-undescribed,sample capture status
samp_capt_status,description,other-undescribed,Reason for the sample
samp_capt_status,type,other-undescribed,string
samp_dis_stage,title,other-undescribed,sample disease stage
samp_dis_stage,description,other-undescribed,Stage of the disease at the time of sample collection e.g. inoculation penetration infection growth and reproduction dissemination of pathogen.
samp_dis_stage,type,other-undescribed,string
samp_store_temp,title,field-deployed-terraform,sample storage temperature
samp_store_temp,title,other-undescribed,sample storage temperature
samp_store_temp,title,soil,sample storage temperature
samp_store_temp,title,water,sample storage temperature
samp_store_temp,title,aerosol,sample storage temperature
samp_store_temp,title,aerosol-arm,sample storage temperature
samp_store_temp,title,pure-culture,sample storage temperature
samp_store_temp,title,culture-environmental,sample storage temperature
samp_store_temp,title,commercially-purchased,sample storage temperature
samp_store_temp,title,mixed-culture,sample storage temperature
samp_store_temp,title,sediment,sample storage temperature
samp_store_temp,title,terraform,sample storage temperature
samp_store_temp,title,synthesized-material,sample storage temperature
samp_store_temp,title,monet-soil,sample storage temperature
samp_store_temp,title,engineered-strain,sample storage temperature
samp_store_temp,title,plant,sample storage temperature
samp_store_temp,description,field-deployed-terraform,The temperature at which your samples should be stored upon arrival. This field is NOT multivalued. If selecting other add the `other_samp_store_temp` attribute to provide additional detail.
samp_store_temp,description,other-undescribed,The temperature at which your samples should be stored upon arrival. This field is NOT multivalued. If selecting other add the `other_samp_store_temp` attribute to provide additional detail.
samp_store_temp,description,soil,The temperature at which your samples should be stored upon arrival. This field is NOT multivalued. If selecting other add the `other_samp_store_temp` attribute to provide additional detail.
samp_store_temp,description,water,The temperature at which your samples should be stored upon arrival. This field is NOT multivalued. If selecting other add the `other_samp_store_temp` attribute to provide additional detail.
samp_store_temp,description,aerosol,The temperature at which your samples should be stored upon arrival. This field is NOT multivalued. If selecting other add the `other_samp_store_temp` attribute to provide additional detail.
samp_store_temp,description,aerosol-arm,The temperature at which your samples should be stored upon arrival. This field is NOT multivalued. If selecting other add the `other_samp_store_temp` attribute to provide additional detail.
samp_store_temp,description,pure-culture,The temperature at which your samples should be stored upon arrival. This field is NOT multivalued. If selecting other add the `other_samp_store_temp` attribute to provide additional detail.
samp_store_temp,description,culture-environmental,The temperature at which your samples should be stored upon arrival. This field is NOT multivalued. If selecting other add the `other_samp_store_temp` attribute to provide additional detail.
samp_store_temp,description,commercially-purchased,The temperature at which your samples should be stored upon arrival. This field is NOT multivalued. If selecting other add the `other_samp_store_temp` attribute to provide additional detail.
samp_store_temp,description,mixed-culture,Details what temperature samples should be stored at
samp_store_temp,description,sediment,The temperature at which your samples should be stored upon arrival. This field is NOT multivalued. If selecting other add the `other_samp_store_temp` attribute to provide additional detail.
samp_store_temp,description,terraform,The temperature at which your samples should be stored upon arrival. This field is NOT multivalued. If selecting other add the `other_samp_store_temp` attribute to provide additional detail.
samp_store_temp,description,synthesized-material,The temperature at which your samples should be stored upon arrival. This field is NOT multivalued. If selecting other add the `other_samp_store_temp` attribute to provide additional detail.
samp_store_temp,description,monet-soil,The temperature at which your samples should be stored upon arrival. This field is NOT multivalued. If selecting other add the `other_samp_store_temp` attribute to provide additional detail.
samp_store_temp,description,engineered-strain,The temperature at which your samples should be stored upon arrival. This field is NOT multivalued. If selecting other add the `other_samp_store_temp` attribute to provide additional detail.
samp_store_temp,description,plant,The temperature at which your samples should be stored upon arrival. This field is NOT multivalued. If selecting other add the `other_samp_store_temp` attribute to provide additional detail.
samp_store_temp,type,field-deployed-terraform,string
samp_store_temp,type,other-undescribed,string
samp_store_temp,type,soil,string
samp_store_temp,type,water,string
samp_store_temp,type,aerosol,string
samp_store_temp,type,aerosol-arm,string
samp_store_temp,type,pure-culture,string
samp_store_temp,type,culture-environmental,string
samp_store_temp,type,commercially-purchased,string
samp_store_temp,type,mixed-culture,string
samp_store_temp,type,sediment,string
samp_store_temp,type,terraform,string
samp_store_temp,type,synthesized-material,string
samp_store_temp,type,monet-soil,string
samp_store_temp,type,engineered-strain,string
samp_store_temp,type,plant,string
samp_store_temp,enum,field-deployed-terraform,4 Croom temperature-20 C-80 Cother
samp_store_temp,enum,other-undescribed,4 Croom temperature-20 C-80 Cother
samp_store_temp,enum,soil,4 Croom temperature-20 C-80 Cother
samp_store_temp,enum,water,4 Croom temperature-20 C-80 Cother
samp_store_temp,enum,aerosol,4 Croom temperature-20 C-80 Cother
samp_store_temp,enum,aerosol-arm,4 Croom temperature-20 C-80 Cother
samp_store_temp,enum,pure-culture,4 Croom temperature-20 C-80 Cother
samp_store_temp,enum,culture-environmental,4 Croom temperature-20 C-80 Cother
samp_store_temp,enum,commercially-purchased,4 Croom temperature-20 C-80 Cother
samp_store_temp,enum,mixed-culture,4 Croom temperature-20 C-80 Cother
samp_store_temp,enum,sediment,4 Croom temperature-20 C-80 Cother
samp_store_temp,enum,terraform,4 Croom temperature-20 C-80 Cother
samp_store_temp,enum,synthesized-material,4 Croom temperature-20 C-80 Cother
samp_store_temp,enum,monet-soil,4 Croom temperature-20 C-80 Cother
samp_store_temp,enum,engineered-strain,4 Croom temperature-20 C-80 Cother
samp_store_temp,enum,plant,4 Croom temperature-20 C-80 Cother
sample_collected,title,field-deployed-terraform,sample collected
sample_collected,title,other-undescribed,sample collected
sample_collected,title,soil,sample collected
sample_collected,title,water,sample collected
sample_collected,title,aerosol,sample collected
sample_collected,title,aerosol-arm,sample collected
sample_collected,title,pure-culture,sample collected
sample_collected,title,culture-environmental,sample collected
sample_collected,title,commercially-purchased,sample collected
sample_collected,title,mixed-culture,sample collected
sample_collected,title,sediment,sample collected
sample_collected,title,terraform,sample collected
sample_collected,title,synthesized-material,sample collected
sample_collected,title,monet-soil,sample collected
sample_collected,title,plant,sample collected
sample_collected,description,field-deployed-terraform,This referes to the TOTAL amount of sample collected from the experiment. NOT the amount sent to EMSL or collected for a specific analysis. Provide value and unit any unit is valid
sample_collected,description,other-undescribed,This referes to the TOTAL amount of sample collected from the experiment. NOT the amount sent to EMSL or collected for a specific analysis. Provide value and unit any unit is valid
sample_collected,description,soil,This referes to the TOTAL amount of sample collected from the experiment. NOT the amount sent to EMSL or collected for a specific analysis. Provide value and unit any unit is valid
sample_collected,description,water,This referes to the TOTAL amount of sample collected from the experiment. NOT the amount sent to EMSL or collected for a specific analysis. Provide value and unit any unit is valid
sample_collected,description,aerosol,This referes to the TOTAL amount of sample collected from the experiment. NOT the amount sent to EMSL or collected for a specific analysis. Provide value and unit any unit is valid
sample_collected,description,aerosol-arm,This referes to the TOTAL amount of sample collected from the experiment. NOT the amount sent to EMSL or collected for a specific analysis. Provide value and unit any unit is valid
sample_collected,description,pure-culture,This referes to the TOTAL amount of sample collected from the experiment. NOT the amount sent to EMSL or collected for a specific analysis. Provide value and unit any unit is valid
sample_collected,description,culture-environmental,This referes to the TOTAL amount of sample collected from the experiment. NOT the amount sent to EMSL or collected for a specific analysis. Provide value and unit any unit is valid
sample_collected,description,commercially-purchased,This referes to the TOTAL amount of sample collected from the experiment. NOT the amount sent to EMSL or collected for a specific analysis. Provide value and unit any unit is valid
sample_collected,description,mixed-culture,This refers to the TOTAL amount of sample collected from the experiment. NOT the amount sent to EMSL or collected for a specific analysis.
sample_collected,description,sediment,This referes to the TOTAL amount of sample collected from the experiment. NOT the amount sent to EMSL or collected for a specific analysis. Provide value and unit any unit is valid
sample_collected,description,terraform,This referes to the TOTAL amount of sample collected from the experiment. NOT the amount sent to EMSL or collected for a specific analysis. Provide value and unit any unit is valid
sample_collected,description,synthesized-material,This referes to the TOTAL amount of sample collected from the experiment. NOT the amount sent to EMSL or collected for a specific analysis. Provide value and unit any unit is valid
sample_collected,description,monet-soil,This referes to the TOTAL amount of sample collected from the experiment. NOT the amount sent to EMSL or collected for a specific analysis. (Unit: cores)
sample_collected,description,plant,This referes to the TOTAL amount of sample collected from the experiment. NOT the amount sent to EMSL or collected for a specific analysis. Provide value and unit any unit is valid
sample_collected,type,field-deployed-terraform,string
sample_collected,type,other-undescribed,string
sample_collected,type,soil,string
sample_collected,type,water,string
sample_collected,type,aerosol,string
sample_collected,type,aerosol-arm,string
sample_collected,type,pure-culture,string
sample_collected,type,culture-environmental,string
sample_collected,type,commercially-purchased,string
sample_collected,type,mixed-culture,string
sample_collected,type,sediment,string
sample_collected,type,terraform,string
sample_collected,type,synthesized-material,string
sample_collected,type,monet-soil,string
sample_collected,type,plant,string
sample_collection_dev,title,other-undescribed,sample collection devive
sample_collection_dev,title,soil,sample collection device
sample_collection_dev,title,water,sample collection device
sample_collection_dev,title,aerosol,sample collection device
sample_collection_dev,title,aerosol-arm,sample collection device
sample_collection_dev,title,pure-culture,sample collection device
sample_collection_dev,title,culture-environmental,sample collection device
sample_collection_dev,title,commercially-purchased,sample collection device
sample_collection_dev,title,mixed-culture,sample collection device
sample_collection_dev,title,sediment,sample collection device
sample_collection_dev,title,synthesized-material,sample collection device
sample_collection_dev,title,monet-soil,sample collection device
sample_collection_dev,title,plant,sample collection device
sample_collection_dev,description,other-undescribed,The device used to collect an environmental sample. Include dimensions of device if applicable
sample_collection_dev,description,soil,The device used to collect an environmental sample. Include dimensions of device if applicable
sample_collection_dev,description,water,The device used to collect an environmental sample. Include dimensions of device if applicable
sample_collection_dev,description,aerosol,The device used to collect an environmental sample. Include dimensions of device if applicable
sample_collection_dev,description,aerosol-arm,The device used to collect an environmental sample. Include dimensions of device if applicable
sample_collection_dev,description,pure-culture,The device used to collect an environmental sample. Include dimensions of device if applicable
sample_collection_dev,description,culture-environmental,The device used to collect an environmental sample. Include dimensions of device if applicable
sample_collection_dev,description,commercially-purchased,The device used to collect an environmental sample. Include dimensions of device if applicable
sample_collection_dev,description,mixed-culture,The device used to collect an environmental sample. Include dimensions of device if applicable
sample_collection_dev,description,sediment,The device used to collect an environmental sample. Include dimensions of device if applicable
sample_collection_dev,description,synthesized-material,The device used to collect an environmental sample. Include dimensions of device if applicable
sample_collection_dev,description,monet-soil,The device used to collect an environmental sample. Include dimensions of device if applicable
sample_collection_dev,description,plant,The device used to collect an environmental sample. Include dimensions of device if applicable
sample_collection_dev,type,other-undescribed,string
sample_collection_dev,type,soil,string
sample_collection_dev,type,water,string
sample_collection_dev,type,aerosol,string
sample_collection_dev,type,aerosol-arm,string
sample_collection_dev,type,pure-culture,string
sample_collection_dev,type,culture-environmental,string
sample_collection_dev,type,commercially-purchased,string
sample_collection_dev,type,mixed-culture,string
sample_collection_dev,type,sediment,string
sample_collection_dev,type,synthesized-material,string
sample_collection_dev,type,monet-soil,string
sample_collection_dev,type,plant,string
sample_collection_method,title,field-deployed-terraform,sample collection method
sample_collection_method,title,other-undescribed,sample collection method
sample_collection_method,title,soil,sample collection method
sample_collection_method,title,water,sample collection method
sample_collection_method,title,pure-culture,sample collection method
sample_collection_method,title,culture-environmental,sample collection method
sample_collection_method,title,mixed-culture,sample collection method
sample_collection_method,title,sediment,sample collection method
sample_collection_method,title,terraform,sample collection method
sample_collection_method,title,plant,sample collection method
sample_collection_method,description,field-deployed-terraform,The method used to collect an environmental sample
sample_collection_method,description,other-undescribed,The method employed for collecting the sample. This can be a citation or description
sample_collection_method,description,soil,The method used to collect an environmental sample
sample_collection_method,description,water,The method used to collect an environmental sample
sample_collection_method,description,pure-culture,The method used to collect an environmental sample
sample_collection_method,description,culture-environmental,The method used to collect an environmental sample
sample_collection_method,description,mixed-culture,The method employed for collecting the sample. This can be a citation or description
sample_collection_method,description,sediment,The method employed for collecting the sample. This can be a citation or description
sample_collection_method,description,terraform,The method used to collect an environmental sample
sample_collection_method,description,plant,The method used to collect an environmental sample
sample_collection_method,type,field-deployed-terraform,string
sample_collection_method,type,other-undescribed,string
sample_collection_method,type,soil,string
sample_collection_method,type,water,string
sample_collection_method,type,pure-culture,string
sample_collection_method,type,culture-environmental,string
sample_collection_method,type,mixed-culture,string
sample_collection_method,type,sediment,string
sample_collection_method,type,terraform,string
sample_collection_method,type,plant,string
sample_end_time,title,aerosol-arm,sample end time
sample_end_time,description,aerosol-arm,Time of when the sample collection ends. Required format: HH:MM:SS in 24-hour time format. Don't forget the seconds! (Unit: hh:mm:ss or HH:MM:SS)
sample_end_time,type,aerosol-arm,string
sample_link,title,field-deployed-terraform,sample link
sample_link,title,other-undescribed,sample link
sample_link,title,soil,sample link
sample_link,title,water,sample link
sample_link,title,aerosol,sample link
sample_link,title,aerosol-arm,sample link
sample_link,title,pure-culture,sample link
sample_link,title,culture-environmental,sample link
sample_link,title,commercially-purchased,sample link
sample_link,title,mixed-culture,sample link
sample_link,title,sediment,sample link
sample_link,title,terraform,sample link
sample_link,title,synthesized-material,sample link
sample_link,title,plant,sample link
sample_link,description,field-deployed-terraform,A unique identifier to assign parent-child subsample or sibling samples. This is relevant when a sample or other material was used to generate the new sample. This field allows multiple entries separated by ; (Examples: Soil collected from the field will link with the soil used in an incubation. The soil a plant was grown in links to the plant sample. An original culture sample was transferred to a new vial and generated a new sample)
sample_link,description,other-undescribed,A unique identifier to assign parent-child subsample or sibling samples. This is relevant when a sample or other material was used to generate the new sample. This field allows multiple entries separated by ; (Examples: Soil collected from the field will link with the soil used in an incubation. The soil a plant was grown in links to the plant sample. An original culture sample was transferred to a new vial and generated a new sample)
sample_link,description,soil,A unique identifier to assign parent-child subsample or sibling samples. This is relevant when a sample or other material was used to generate the new sample. This field allows multiple entries separated by ; (Examples: Soil collected from the field will link with the soil used in an incubation. The soil a plant was grown in links to the plant sample. An original culture sample was transferred to a new vial and generated a new sample)
sample_link,description,water,A unique identifier to assign parent-child subsample or sibling samples. This is relevant when a sample or other material was used to generate the new sample. This field allows multiple entries separated by ; (Examples: Soil collected from the field will link with the soil used in an incubation. The soil a plant was grown in links to the plant sample. An original culture sample was transferred to a new vial and generated a new sample)
sample_link,description,aerosol,A unique identifier to assign parent-child subsample or sibling samples. This is relevant when a sample or other material was used to generate the new sample. This field allows multiple entries separated by ; (Examples: Soil collected from the field will link with the soil used in an incubation. The soil a plant was grown in links to the plant sample. An original culture sample was transferred to a new vial and generated a new sample)
sample_link,description,aerosol-arm,A unique identifier to assign parent-child subsample or sibling samples. This is relevant when a sample or other material was used to generate the new sample. This field allows multiple entries separated by ; (Examples: Soil collected from the field will link with the soil used in an incubation. The soil a plant was grown in links to the plant sample. An original culture sample was transferred to a new vial and generated a new sample)
sample_link,description,pure-culture,A unique identifier to assign parent-child subsample or sibling samples. This is relevant when a sample or other material was used to generate the new sample. This field allows multiple entries separated by ; (Examples: Soil collected from the field will link with the soil used in an incubation. The soil a plant was grown in links to the plant sample. An original culture sample was transferred to a new vial and generated a new sample)
sample_link,description,culture-environmental,A unique identifier to assign parent-child subsample or sibling samples. This is relevant when a sample or other material was used to generate the new sample. This field allows multiple entries separated by ; (Examples: Soil collected from the field will link with the soil used in an incubation. The soil a plant was grown in links to the plant sample. An original culture sample was transferred to a new vial and generated a new sample)
sample_link,description,commercially-purchased,A unique identifier to assign parent-child subsample or sibling samples. This is relevant when a sample or other material was used to generate the new sample. This field allows multiple entries separated by ; (Examples: Soil collected from the field will link with the soil used in an incubation. The soil a plant was grown in links to the plant sample. An original culture sample was transferred to a new vial and generated a new sample)
sample_link,description,mixed-culture,A unique identifier to assign parent-child subsample or sibling samples. This is relevant when a sample or other material was used to generate the new sample. This field allows multiple entries separated by ; (Examples: Soil collected from the field will link with the soil used in an incubation. The soil a plant was grown in links to the plant sample. An original culture sample was transferred to a new vial and generated a new sample)
sample_link,description,sediment,A unique identifier to assign parent-child subsample or sibling samples. This is relevant when a sample or other material was used to generate the new sample. This field allows multiple entries separated by ; (Examples: Soil collected from the field will link with the soil used in an incubation. The soil a plant was grown in links to the plant sample. An original culture sample was transferred to a new vial and generated a new sample)
sample_link,description,terraform,A unique identifier to assign parent-child subsample or sibling samples. This is relevant when a sample or other material was used to generate the new sample. This field allows multiple entries separated by ; (Examples: Soil collected from the field will link with the soil used in an incubation. The soil a plant was grown in links to the plant sample. An original culture sample was transferred to a new vial and generated a new sample)
sample_link,description,synthesized-material,A unique identifier to assign parent-child subsample or sibling samples. This is relevant when a sample or other material was used to generate the new sample. This field allows multiple entries separated by ; (Examples: Soil collected from the field will link with the soil used in an incubation. The soil a plant was grown in links to the plant sample. An original culture sample was transferred to a new vial and generated a new sample)
sample_link,description,plant,A unique identifier to assign parent-child subsample or sibling samples. This is relevant when a sample or other material was used to generate the new sample. This field allows multiple entries separated by ; (Examples: Soil collected from the field will link with the soil used in an incubation. The soil a plant was grown in links to the plant sample. An original culture sample was transferred to a new vial and generated a new sample)
sample_link,type,field-deployed-terraform,string
sample_link,type,other-undescribed,string
sample_link,type,soil,string
sample_link,type,water,string
sample_link,type,aerosol,string
sample_link,type,aerosol-arm,string
sample_link,type,pure-culture,string
sample_link,type,culture-environmental,string
sample_link,type,commercially-purchased,string
sample_link,type,mixed-culture,string
sample_link,type,sediment,string
sample_link,type,terraform,string
sample_link,type,synthesized-material,string
sample_link,type,plant,string
sample_name,title,field-deployed-terraform,sample name
sample_name,title,other-undescribed,sample name
sample_name,title,soil,sample name
sample_name,title,water,sample name
sample_name,title,aerosol,sample name
sample_name,title,aerosol-arm,sample name
sample_name,title,pure-culture,sample name
sample_name,title,culture-environmental,sample name
sample_name,title,commercially-purchased,sample name
sample_name,title,mixed-culture,sample name
sample_name,title,sediment,sample name
sample_name,title,terraform,sample name
sample_name,title,synthesized-material,sample name
sample_name,title,monet-soil,sample name
sample_name,title,engineered-strain,sample name
sample_name,title,plant,sample name
sample_name,description,field-deployed-terraform,The name or label that is present on the shipped sample. This should be a human readable name.
sample_name,description,other-undescribed,ID that is present on the shipped sample. Human readable.
sample_name,description,soil,The name or label that is present on the shipped sample. This should be a human readable name.
sample_name,description,water,The name or label that is present on the shipped sample. This should be a human readable name.
sample_name,description,aerosol,ID that is present on the shipped sample. Human readable.
sample_name,description,aerosol-arm,ID that is present on the shipped sample. Human readable.
sample_name,description,pure-culture,The name or label that is present on the shipped sample. This should be a human readable name.
sample_name,description,culture-environmental,The name or label that is present on the shipped sample. This should be a human readable name.
sample_name,description,commercially-purchased,The name or label that is present on the shipped sample. This should be a human readable name.
sample_name,description,mixed-culture,ID that is present on the shipped sample. Human readable.
sample_name,description,sediment,ID that is present on the shipped sample. Human readable.
sample_name,description,terraform,The name or label that is present on the shipped sample. This should be a human readable name.
sample_name,description,synthesized-material,The name or label that is present on the shipped sample. This should be a human readable name.
sample_name,description,monet-soil,ID that is present on the shipped sample. Human readable.
sample_name,description,engineered-strain,The name or label that is present on the shipped sample. This should be a human readable name.
sample_name,description,plant,The name or label that is present on the shipped sample. This should be a human readable name.
sample_name,type,field-deployed-terraform,string
sample_name,type,other-undescribed,string
sample_name,type,soil,string
sample_name,type,water,string
sample_name,type,aerosol,string
sample_name,type,aerosol-arm,string
sample_name,type,pure-culture,string
sample_name,type,culture-environmental,string
sample_name,type,commercially-purchased,string
sample_name,type,mixed-culture,string
sample_name,type,sediment,string
sample_name,type,terraform,string
sample_name,type,synthesized-material,string
sample_name,type,monet-soil,string
sample_name,type,engineered-strain,string
sample_name,type,plant,string
sample_processing,title,field-deployed-terraform,sample processing
sample_processing,title,other-undescribed,sample processing
sample_processing,title,soil,sample processing
sample_processing,title,aerosol,sample processing
sample_processing,title,aerosol-arm,sample processing
sample_processing,title,pure-culture,sample processing
sample_processing,title,culture-environmental,sample processing
sample_processing,title,commercially-purchased,sample processing
sample_processing,title,mixed-culture,sample processing
sample_processing,title,sediment,sample processing
sample_processing,title,terraform,sample processing
sample_processing,title,synthesized-material,sample processing
sample_processing,title,plant,sample processing
sample_processing,description,field-deployed-terraform,A brief description of any processing applied to the sample during or after retrieving the sample from environment or a link to the relevant protocol(s) performed.
sample_processing,description,other-undescribed,A brief description of any processing applied to the sample during or after retrieving the sample from environment or a link to the relevant protocol(s) performed.
sample_processing,description,soil,A brief description of any processing applied to the sample during or after retrieving the sample from environment or a link to the relevant protocol(s) performed.
sample_processing,description,aerosol,A brief description of any processing applied to the sample during or after retrieving the sample from environment or a link to the relevant protocol(s) performed.
sample_processing,description,aerosol-arm,A brief description of any processing applied to the sample during or after retrieving the sample from environment or a link to the relevant protocol(s) performed.
sample_processing,description,pure-culture,A brief description of any processing applied to the sample during or after retrieving the sample from environment or a link to the relevant protocol(s) performed.
sample_processing,description,culture-environmental,A brief description of any processing applied to the sample during or after retrieving the sample from environment or a link to the relevant protocol(s) performed.
sample_processing,description,commercially-purchased,A brief description of any processing applied to the sample during or after retrieving the sample from environment or a link to the relevant protocol(s) performed.
sample_processing,description,mixed-culture,A brief description of any processing applied to the sample during or after retrieving the sample from environment or a link to the relevant protocol(s) performed.
sample_processing,description,sediment,A brief description of any processing applied to the sample during or after retrieving the sample from environment or a link to the relevant protocol(s) performed.
sample_processing,description,terraform,A brief description of any processing applied to the sample during or after retrieving the sample from environment or a link to the relevant protocol(s) performed.
sample_processing,description,synthesized-material,A brief description of any processing applied to the sample during or after retrieving the sample from environment or a link to the relevant protocol(s) performed.
sample_processing,description,plant,A brief description of any processing applied to the sample during or after retrieving the sample from environment or a link to the relevant protocol(s) performed.
sample_processing,type,field-deployed-terraform,string
sample_processing,type,other-undescribed,string
sample_processing,type,soil,string
sample_processing,type,aerosol,string
sample_processing,type,aerosol-arm,string
sample_processing,type,pure-culture,string
sample_processing,type,culture-environmental,string
sample_processing,type,commercially-purchased,string
sample_processing,type,mixed-culture,string
sample_processing,type,sediment,string
sample_processing,type,terraform,string
sample_processing,type,synthesized-material,string
sample_processing,type,plant,string
sample_start_time,title,aerosol-arm,sample start time
sample_start_time,description,aerosol-arm,Time of when the sample collection starts. Required format: HH:MM:SS in 24-hour time format. Don't forget the seconds! (Unit: hh:mm:ss or HH:MM:SS)
sample_start_time,type,aerosol-arm,string
sample_type,title,other-undescribed,sample type
sample_type,description,other-undescribed,Requires a standardized ontology term to describe what your sample is. Please search for your sample type via Ontology Lookup Sevice at https://www.ebi.ac.uk/ols4/ 
sample_type,type,other-undescribed,string
sampling_duration,title,other-undescribed,sampling duration
sampling_duration,title,aerosol,sampling duration
sampling_duration,title,aerosol-arm,sampling duration
sampling_duration,description,other-undescribed,The difference between sample start and sample end time
sampling_duration,description,aerosol,The difference between sample start and sample end time in seconds. (Unit: s)
sampling_duration,description,aerosol-arm,The difference between sample start and sample end time in seconds. (Unit: s)
sampling_duration,type,other-undescribed,string
sampling_duration,type,aerosol,string
sampling_duration,type,aerosol-arm,string
sampling_set,title,monet-soil,sampling set
sampling_set,description,monet-soil,A sequential number to indicate soil cores collect together and to be processed together
sampling_set,type,monet-soil,integer
season_environment,title,other-undescribed,season environment
season_environment,description,other-undescribed,Treatment involving an exposure to a particular season (e.g. Winter summer rabi rainy etc.) treatment regimen including how many times the treatment was repeated how long each treatment lasted and the start and end time of the entire treatment
season_environment,type,other-undescribed,string
season_precpt,title,other-undescribed,average seasonal precipitation
season_precpt,title,soil,average seasonal precipitation
season_precpt,title,sediment,average seasonal precipitation
season_precpt,title,monet-soil,average seasonal precipitation
season_precpt,title,plant,mean seasonal precipitation
season_precpt,description,other-undescribed,The average of all seasonal precipitation values known or an estimated equivalent value derived by such methods as regional indexes or Isohyetal maps. (Unit: mm)
season_precpt,description,soil,The average of all seasonal precipitation values known or an estimated equivalent value derived by such methods as regional indexes or Isohyetal maps. (Unit: mm)
season_precpt,description,sediment,The average of all seasonal precipitation values known or an estimated equivalent value derived by such methods as regional indexes or Isohyetal maps. (Unit: mm)
season_precpt,description,monet-soil,The average of all seasonal precipitation values known or an estimated equivalent value derived by such methods as regional indexes or Isohyetal maps. (Unit: mm)
season_precpt,description,plant,The average of all seasonal precipitation values known or an estimated equivalent value derived by such methods as regional indexes or Isohyetal maps. (Unit: mm)
season_precpt,type,other-undescribed,string
season_precpt,type,soil,string
season_precpt,type,sediment,string
season_precpt,type,monet-soil,string
season_precpt,type,plant,string
season_temp,title,other-undescribed,average seasonal temperate
season_temp,title,soil,average seasonal temperature
season_temp,title,sediment,average seasonal temperature
season_temp,title,monet-soil,average seasonal temperature
season_temp,title,plant,mean seasonal temperature
season_temp,description,other-undescribed,Mean seasonal temperature (Unit: C)
season_temp,description,soil,Mean seasonal temperature (Unit: C)
season_temp,description,sediment,Mean seasonal temperature (Unit: C)
season_temp,description,monet-soil,Mean seasonal temperature (Unit: C)
season_temp,description,plant,Mean seasonal temperature (Unit: C)
season_temp,type,other-undescribed,string
season_temp,type,soil,string
season_temp,type,sediment,string
season_temp,type,monet-soil,string
season_temp,type,plant,string
second_blh,title,aerosol-arm,second boundary layer height
second_blh,description,aerosol-arm,Second boundary layer height candidate (meters) (Unit: m)
second_blh,type,aerosol-arm,number
second_blh_quality,title,aerosol-arm,second boundary layer height quality
second_blh_quality,description,aerosol-arm,Quality index for second boundary layer height candidate (-999 if no candidate)
second_blh_quality,type,aerosol-arm,string
second_cbh,title,aerosol-arm,second cloud base height
second_cbh,description,aerosol-arm,Second cloud base (meters) or highest received signal in vertical visibility (meters) (-999 if no cloud base or vertical visibility) (Unit: m)
second_cbh,type,aerosol-arm,number
secondary_treatment,title,other-undescribed,secondary treatment
secondary_treatment,description,other-undescribed,the process for substantially degrading the biological content of the sewage
secondary_treatment,type,other-undescribed,string
sediment_type,title,sediment,sediment type
sediment_type,description,sediment,Information about the sediment type based on major constituents
sediment_type,type,sediment,string
sediment_type,enum,sediment,biogenouscosmogenoushydrogenouslithogenous
sewage_type,title,other-undescribed,sewage type
sewage_type,description,other-undescribed,type of wastewater treatment plant as municipial or industrial
sewage_type,type,other-undescribed,string
shipped_sample_size,title,field-deployed-terraform,shipped sample size
shipped_sample_size,title,other-undescribed,shipped sample size
shipped_sample_size,title,soil,shipped sample size
shipped_sample_size,title,water,shipped sample size
shipped_sample_size,title,aerosol,shipped sample size
shipped_sample_size,title,aerosol-arm,shipped sample size
shipped_sample_size,title,pure-culture,shipped sample size
shipped_sample_size,title,culture-environmental,shipped sample size
shipped_sample_size,title,commercially-purchased,shipped sample size
shipped_sample_size,title,mixed-culture,shipped sample size
shipped_sample_size,title,sediment,shipped sample size
shipped_sample_size,title,terraform,shipped sample size
shipped_sample_size,title,synthesized-material,shipped sample size
shipped_sample_size,title,monet-soil,shipped sample size
shipped_sample_size,title,engineered-strain,shipped sample size
shipped_sample_size,title,plant,shipped sample size
shipped_sample_size,description,field-deployed-terraform,Total amount of sample sent to EMSL. Must include units.
shipped_sample_size,description,other-undescribed,Total amount of sample sent to EMSL include units
shipped_sample_size,description,soil,Total amount of sample sent to EMSL. Must include units.
shipped_sample_size,description,water,Total amount of sample sent to EMSL. Must include units.
shipped_sample_size,description,aerosol,Total amount of sample sent to EMSL. Must include units.
shipped_sample_size,description,aerosol-arm,Total amount of sample sent to EMSL. Must include units.
shipped_sample_size,description,pure-culture,Total amount of sample sent to EMSL. Must include units.
shipped_sample_size,description,culture-environmental,Total amount of sample sent to EMSL. Must include units.
shipped_sample_size,description,commercially-purchased,Total amount of sample sent to EMSL. Must include units.
shipped_sample_size,description,mixed-culture,Total amount of sample sent to EMSL include units
shipped_sample_size,description,sediment,Total amount of sample sent to EMSL. Must include units.
shipped_sample_size,description,terraform,Total amount of sample sent to EMSL. Must include units.
shipped_sample_size,description,synthesized-material,Total amount of sample sent to EMSL. Must include units.
shipped_sample_size,description,monet-soil,Total amount of sample sent to EMSL. Must include unit of 'core'.
shipped_sample_size,description,engineered-strain,Total amount of sample sent to EMSL. Must include units.
shipped_sample_size,description,plant,Total amount of sample sent to EMSL. Must include units.
shipped_sample_size,type,field-deployed-terraform,string
shipped_sample_size,type,other-undescribed,string
shipped_sample_size,type,soil,string
shipped_sample_size,type,water,string
shipped_sample_size,type,aerosol,string
shipped_sample_size,type,aerosol-arm,string
shipped_sample_size,type,pure-culture,string
shipped_sample_size,type,culture-environmental,string
shipped_sample_size,type,commercially-purchased,string
shipped_sample_size,type,mixed-culture,string
shipped_sample_size,type,sediment,string
shipped_sample_size,type,terraform,string
shipped_sample_size,type,synthesized-material,string
shipped_sample_size,type,monet-soil,string
shipped_sample_size,type,engineered-strain,string
shipped_sample_size,type,plant,string
sieving,title,other-undescribed,sieving
sieving,title,soil,sieving
sieving,title,sediment,sieving
sieving,description,other-undescribed,Collection design of pooled samples and/or sieve size and amount of sample sieved
sieving,description,soil,Collection design of pooled samples and/or sieve size and amount of sample sieved
sieving,description,sediment,Collection design of pooled samples and/or sieve size and amount of sample sieved
sieving,type,other-undescribed,string
sieving,type,soil,string
sieving,type,sediment,string
silicate,title,other-undescribed,silicate
silicate,title,water,silicate
silicate,title,sediment,silicate concentration
silicate,description,other-undescribed,Concentration of silicate
silicate,description,water,Concentration of silicate (Unit: umol/L)
silicate,description,sediment,Concentration of silicate (Unit: umol/L)
silicate,type,other-undescribed,string
silicate,type,water,string
silicate,type,sediment,string
size_frac_low,title,other-undescribed,size fraction lower threshold
size_frac_low,title,soil,size fraction lower threshold
size_frac_low,title,water,size fraction lower threshold
size_frac_low,title,aerosol,size fraction low
size_frac_low,title,aerosol-arm,size fraction low
size_frac_low,description,other-undescribed,Refers to the mesh/pore size used to pre-filter/pre-sort the sample. Materials larger than the size threshold are excluded from the sample
size_frac_low,description,soil,Refers to the mesh/pore size used to retain the sample. Materials smaller than the size threshold are excluded from the sample (Unit: um)
size_frac_low,description,water,Refers to the mesh/pore size used to retain the sample. Materials smaller than the size threshold are excluded from the sample (Unit: um)
size_frac_low,description,aerosol,Refers to the mesh/pore size used to pre-filter/pre-sort the sample. Materials larger than the size threshold are excluded from the sample (Unit: um)
size_frac_low,description,aerosol-arm,Refers to the mesh/pore size used to pre-filter/pre-sort the sample. Materials larger than the size threshold are excluded from the sample (Unit: um)
size_frac_low,type,other-undescribed,string
size_frac_low,type,soil,string
size_frac_low,type,water,string
size_frac_low,type,aerosol,string
size_frac_low,type,aerosol-arm,string
size_frac_up,title,other-undescribed,size fraction upper threshold
size_frac_up,title,soil,size fraction upper threshold
size_frac_up,title,water,size fraction upper threshold
size_frac_up,title,aerosol,size fraction up
size_frac_up,title,aerosol-arm,size fraction up
size_frac_up,description,other-undescribed,Refers to the mesh/pore size used to retain the sample. Materials smaller than the size threshold are excluded from the sample
size_frac_up,description,soil,Refers to the mesh/pore size used to pre-filter/pre-sort the sample. Materials larger than the size threshold are excluded from the sample (Unit: um)
size_frac_up,description,water,Refers to the mesh/pore size used to pre-filter/pre-sort the sample. Materials larger than the size threshold are excluded from the sample (Unit: um)
size_frac_up,description,aerosol,Refers to the mesh/pore size used to retain the sample. Materials smaller than the size threshold are excluded from the sample (Unit: um)
size_frac_up,description,aerosol-arm,Refers to the mesh/pore size used to retain the sample. Materials smaller than the size threshold are excluded from the sample (Unit: um)
size_frac_up,type,other-undescribed,string
size_frac_up,type,soil,string
size_frac_up,type,water,string
size_frac_up,type,aerosol,string
size_frac_up,type,aerosol-arm,string
slope_aspect,title,field-deployed-terraform,slope aspect
slope_aspect,title,other-undescribed,slope aspect
slope_aspect,title,soil,slope aspect
slope_aspect,title,monet-soil,slope aspect
slope_aspect,description,field-deployed-terraform,The direction a slope faces. While looking down a slope use a compass to record the direction you are facing (degrees); e.g. 315 degrees. This measure provides an indication of sun and wind exposure that will influence soil temperature and evapotranspiration. (Unit: degrees)
slope_aspect,description,other-undescribed,The direction a slope faces. While looking down a slope use a compass to record the direction you are facing (degrees); e.g. 315 degrees. This measure provides an indication of sun and wind exposure that will influence soil temperature and evapotranspiration. (Unit: degrees)
slope_aspect,description,soil,The direction a slope faces. While looking down a slope use a compass to record the direction you are facing (degrees); e.g. 315 degrees. This measure provides an indication of sun and wind exposure that will influence soil temperature and evapotranspiration. (Unit: degrees)
slope_aspect,description,monet-soil,The direction a slope faces. While looking down a slope use a compass to record the direction you are facing (degrees); e.g. 315 degrees. This measure provides an indication of sun and wind exposure that will influence soil temperature and evapotranspiration. (Unit: degrees)
slope_aspect,type,field-deployed-terraform,string
slope_aspect,type,other-undescribed,string
slope_aspect,type,soil,string
slope_aspect,type,monet-soil,string
slope_gradient,title,field-deployed-terraform,slope gradient
slope_gradient,title,other-undescribed,slope gradient
slope_gradient,title,soil,slope gradient
slope_gradient,title,monet-soil,slope gradient
slope_gradient,description,field-deployed-terraform,Commonly called 'slope'. The angle between ground surface and a horizontal line (in percent). This is the direction that overland water would flow. This measure is usually taken with a hand level meter or clinometer. (Unit: percent)
slope_gradient,description,other-undescribed,Commonly called 'slope'. The angle between ground surface and a horizontal line (in percent). This is the direction that overland water would flow. This measure is usually taken with a hand level meter or clinometer. (Unit: percent)
slope_gradient,description,soil,Commonly called 'slope'. The angle between ground surface and a horizontal line (in percent). This is the direction that overland water would flow. This measure is usually taken with a hand level meter or clinometer. (Unit: percent)
slope_gradient,description,monet-soil,Commonly called 'slope'. The angle between ground surface and a horizontal line (in percent). This is the direction that overland water would flow. This measure is usually taken with a hand level meter or clinometer. (Unit: percent)
slope_gradient,type,field-deployed-terraform,string
slope_gradient,type,other-undescribed,string
slope_gradient,type,soil,string
slope_gradient,type,monet-soil,string
sludge_retent_time,title,other-undescribed,slidge retention time
sludge_retent_time,description,other-undescribed,the time activated sludge remains in reactor
sludge_retent_time,type,other-undescribed,string
sodium,title,other-undescribed,sodium
sodium,title,water,sodium
sodium,title,sediment,sodium concentration
sodium,description,other-undescribed,Sodium concentration in the sample
sodium,description,water,Sodium concentration in the sample (Unit: ug/mL)
sodium,description,sediment,Sodium concentration in the sample (Unit: ug/mL)
sodium,type,other-undescribed,string
sodium,type,water,string
sodium,type,sediment,string
soil_horizon,title,soil,soil horizon
soil_horizon,description,soil,Specific layer in the land area which measures parallel to the soil surface and possesses physical characteristics which differ from the layers above and beneath
soil_horizon,type,soil,string
soil_horizon,enum,soil,A_HorizonB_HorizonC_HorizonE_HorizonO_HorizonPermafrostR_Layer
soil_texture,title,soil,soil texture
soil_texture,description,soil,The relative proportion of different grain sizes of mineral particles in a soil as described using a standard system; express as decimal percent sand (50 um to 2 mm) silt (2 um to 50 um) and clay (<2 um) with optional textural name (e.g. sand:0.20 silt:0.25 clay:0.55 description:silty clay loam).
soil_texture,type,soil,string
soil_type,title,soil,soil type
soil_type,title,monet-soil,soil type
soil_type,description,soil,Soil series name or other lower-level classification
soil_type,description,monet-soil,Soil series name or other lower-level classification
soil_type,type,soil,string
soil_type,type,monet-soil,string
soil_type,enum,monet-soil,AlfisolAndisolAridisolEntisolGelisolHistosolInceptisolMollisolOxisolSpodosolUltisolVertisol
soil_type_meth,title,soil,soil type method
soil_type_meth,title,monet-soil,soil type method
soil_type_meth,description,soil,Reference or method used in determining soil series name or other lower-level classification
soil_type_meth,description,monet-soil,Reference or method used in determining soil series name or other lower-level classification
soil_type_meth,type,soil,string
soil_type_meth,type,monet-soil,string
solar_irradiance,title,other-undescribed,solar irradiance
solar_irradiance,title,aerosol,solar irradiance
solar_irradiance,title,aerosol-arm,solar irradiance
solar_irradiance,description,other-undescribed,Solar irradiance is the power per unit area (surface power density) received from the Sun in the form of electromagnetic radiation in the wavelength range of the measuring instrument.
solar_irradiance,description,aerosol,Solar irradiance is the power per unit area (surface power density) received from the Sun in the form of electromagnetic radiation in the wavelength range of the measuring instrument. (Unit: kW/m2/d or erg/cm2/s
solar_irradiance,description,aerosol-arm,Solar irradiance is the power per unit area (surface power density) received from the Sun in the form of electromagnetic radiation in the wavelength range of the measuring instrument. (Unit: kW/m2/d or erg/cm2/s
solar_irradiance,type,other-undescribed,string
solar_irradiance,type,aerosol,string
solar_irradiance,type,aerosol-arm,string
soluble_inorg_mat,title,other-undescribed,soluble inorganic material
soluble_inorg_mat,description,other-undescribed,concentration of substances such as ammonia road-salt sea-salt cyanide hydrogen sulfide thiocyanates thiosulfates etc.
soluble_inorg_mat,type,other-undescribed,string
soluble_org_mat,title,other-undescribed,soluble organic material
soluble_org_mat,description,other-undescribed,concentration of substances such as urea fruit sugars soluble proteins drugs pharmaceuticals etc.
soluble_org_mat,type,other-undescribed,string
soluble_react_phosp,title,other-undescribed,soluble reactive phosphorus
soluble_react_phosp,title,water,soluble reactive phosphorus
soluble_react_phosp,description,other-undescribed,Concentration of soluble reactive phosphorus
soluble_react_phosp,description,water,Concentration of soluble reactive phosphorus. (Unit: umol/L or mg/L or ppm)
soluble_react_phosp,type,other-undescribed,string
soluble_react_phosp,type,water,string
source_mat_ID,title,field-deployed-terraform,source material identifier
source_mat_ID,title,other-undescribed,source material identifier
source_mat_ID,title,soil,source material identifier
source_mat_ID,title,water,source material identifier
source_mat_ID,title,aerosol,source material identifier
source_mat_ID,title,aerosol-arm,source material identifier
source_mat_ID,title,pure-culture,source material identifier
source_mat_ID,title,culture-environmental,source material identifier
source_mat_ID,title,commercially-purchased,source material ID
source_mat_ID,title,mixed-culture,source material identifier
source_mat_ID,title,sediment,source material identifier
source_mat_ID,title,terraform,source material identifier
source_mat_ID,title,synthesized-material,source material identifier
source_mat_ID,title,plant,source material identifier
source_mat_ID,description,field-deployed-terraform,A unique identifier assigned to an original material sample collected or to any derived sub-samples. The source material should be listed as a sample to inform details about parent material relationship.
source_mat_ID,description,other-undescribed,A unique identifier assigned to an original material sample collected or to any derived sub-samples. The source material should be listed as a sample to inform details about parent material relationship.
source_mat_ID,description,soil,A unique identifier assigned to an original material sample collected or to any derived sub-samples. The source material should be listed as a sample to inform details about parent material relationship.
source_mat_ID,description,water,A unique identifier assigned to an original material sample collected or to any derived sub-samples. The source material should be listed as a sample to inform details about parent material relationship.
source_mat_ID,description,aerosol,A unique identifier assigned to an original material sample collected or to any derived sub-samples. The source material should be listed as a sample to inform details about parent material relationship.
source_mat_ID,description,aerosol-arm,A unique identifier assigned to an original material sample collected or to any derived sub-samples. The source material should be listed as a sample to inform details about parent material relationship.
source_mat_ID,description,pure-culture,A unique identifier assigned to an original material sample collected or to any derived sub-samples. The source material should be listed as a sample to inform details about parent material relationship.
source_mat_ID,description,culture-environmental,A unique identifier assigned to an original material sample collected or to any derived sub-samples. The source material should be listed as a sample to inform details about parent material relationship.
source_mat_ID,description,commercially-purchased,A unique identifier assigned to an original material sample collected or to any derived sub-samples. The source material should be listed as a sample to inform details about parent material relationship.
source_mat_ID,description,mixed-culture,A unique identifier assigned to an original material sample collected or to any derived sub-samples. The source material should be listed as a sample to inform details about parent material relationship.
source_mat_ID,description,sediment,A unique identifier assigned to an original material sample collected or to any derived sub-samples. The source material should be listed as a sample to inform details about parent material relationship.
source_mat_ID,description,terraform,A unique identifier assigned to an original material sample collected or to any derived sub-samples. The source material should be listed as a sample to inform details about parent material relationship.
source_mat_ID,description,synthesized-material,A unique identifier assigned to an original material sample collected or to any derived sub-samples. The source material should be listed as a sample to inform details about parent material relationship.
source_mat_ID,description,plant,A unique identifier assigned to an original material sample collected or to any derived sub-samples. The source material should be listed as a sample to inform details about parent material relationship.
source_mat_ID,type,field-deployed-terraform,string
source_mat_ID,type,other-undescribed,string
source_mat_ID,type,soil,string
source_mat_ID,type,water,string
source_mat_ID,type,aerosol,string
source_mat_ID,type,aerosol-arm,string
source_mat_ID,type,pure-culture,string
source_mat_ID,type,culture-environmental,string
source_mat_ID,type,commercially-purchased,string
source_mat_ID,type,mixed-culture,string
source_mat_ID,type,sediment,string
source_mat_ID,type,terraform,string
source_mat_ID,type,synthesized-material,string
source_mat_ID,type,plant,string
specific_host,title,mixed-culture,host specific name
specific_host,description,mixed-culture,If there is a host involved please provide its taxid (or environmental if not actually isolated from the dead or alive host - i.e. a pathogen could be isolated from a swipe of a bench etc) and report whether it is a laboratory or natural host)
specific_host,type,mixed-culture,string
standing_water_regm,title,other-undescribed,standing water regimen
standing_water_regm,title,plant,standing water regimen
standing_water_regm,description,other-undescribed,Treatment involving an exposure to standing water during a plant's life span types can be flood water or standing water treatment regimen including how many times the treatment was repeated how long each treatment lasted and the start and end time of the entire treatment; can include multiple regimens
standing_water_regm,description,plant,Treatment involving an exposure to standing water during a plant's life span types can be flood water or standing water treatment regimen including how many times the treatment was repeated how long each treatment lasted and the start and end time of the entire treatment; can include multiple regimens
standing_water_regm,type,other-undescribed,string
standing_water_regm,type,plant,string
start_date_inc,title,field-deployed-terraform,incubation start date
start_date_inc,title,other-undescribed,incubation start dte
start_date_inc,title,soil,incubation start date
start_date_inc,title,water,incubation start date
start_date_inc,title,pure-culture,incubation start date
start_date_inc,title,culture-environmental,incubation start date
start_date_inc,title,mixed-culture,incubation start date
start_date_inc,title,sediment,incubation start date
start_date_inc,title,plant,incubation start date
start_date_inc,description,field-deployed-terraform,Date the incubation was started. Only relevant for incubation samples. Format: YYYY-MM-DD
start_date_inc,description,other-undescribed,Date the incubation was started. Only relevant for incubation samples.
start_date_inc,description,soil,Date the incubation was started. Only relevant for incubation samples. Format: YYYY-MM-DD
start_date_inc,description,water,Date the incubation was started. Only relevant for incubation samples. Format: YYYY-MM-DD
start_date_inc,description,pure-culture,Date the incubation was started. Only relevant for incubation samples. Format: YYYY-MM-DD
start_date_inc,description,culture-environmental,Date the incubation was started. Only relevant for incubation samples. Format: YYYY-MM-DD
start_date_inc,description,mixed-culture,Date the incubation was started. Only relevant for incubation samples.
start_date_inc,description,sediment,Date the incubation was started. Only relevant for incubation samples. Format: YYYY-MM-DD
start_date_inc,description,plant,Date the incubation was started. Only relevant for incubation samples. Format: YYYY-MM-DD
start_date_inc,type,field-deployed-terraform,string
start_date_inc,type,other-undescribed,string
start_date_inc,type,soil,string
start_date_inc,type,water,string
start_date_inc,type,pure-culture,string
start_date_inc,type,culture-environmental,string
start_date_inc,type,mixed-culture,string
start_date_inc,type,sediment,string
start_date_inc,type,plant,string
storage_condt,title,field-deployed-terraform,storage condition
storage_condt,title,other-undescribed,storage condition
storage_condt,title,soil,storage condition
storage_condt,title,water,storage condition
storage_condt,title,aerosol,storage condition
storage_condt,title,aerosol-arm,storage condition
storage_condt,title,pure-culture,storage condition
storage_condt,title,culture-environmental,storage condition
storage_condt,title,commercially-purchased,storage conditions
storage_condt,title,mixed-culture,storage condition
storage_condt,title,sediment,storage condition
storage_condt,title,terraform,storage condition
storage_condt,title,synthesized-material,storage condition
storage_condt,title,monet-soil,storage condition
storage_condt,title,engineered-strain,storage condition
storage_condt,title,plant,storage condition
storage_condt,description,field-deployed-terraform,The storage condition of the sample. This field is NOT multivalued. If selecting other add the `other_storage_condt` attribute to provide additional detail.
storage_condt,description,other-undescribed,The storage condition of the sample. This field is NOT multivalued. If selecting other add the `other_storage_condt` attribute to provide additional detail.
storage_condt,description,soil,The storage condition of the sample. This field is NOT multivalued. If selecting other add the `other_storage_condt` attribute to provide additional detail.
storage_condt,description,water,The storage condition of the sample. This field is NOT multivalued. If selecting other add the `other_storage_condt` attribute to provide additional detail.
storage_condt,description,aerosol,The storage condition of the sample. This field is NOT multivalued. If selecting other add the `other_storage_condt` attribute to provide additional detail.
storage_condt,description,aerosol-arm,The storage condition of the sample. This field is NOT multivalued. If selecting other add the `other_storage_condt` attribute to provide additional detail.
storage_condt,description,pure-culture,The storage condition of the sample. This field is NOT multivalued. If selecting other add the `other_storage_condt` attribute to provide additional detail.
storage_condt,description,culture-environmental,The storage condition of the sample. This field is NOT multivalued. If selecting other add the `other_storage_condt` attribute to provide additional detail.
storage_condt,description,commercially-purchased,The storage condition of the sample. This field is NOT multivalued. If selecting other add the `other_storage_condt` attribute to provide additional detail.
storage_condt,description,mixed-culture,The storage condition of the sample. This field is NOT multivalued. If selecting other add the `other_storage_condt` attribute to provide additional detail.
storage_condt,description,sediment,The storage condition of the sample. This field is NOT multivalued. If selecting other add the `other_storage_condt` attribute to provide additional detail.
storage_condt,description,terraform,The storage condition of the sample. This field is NOT multivalued. If selecting other add the `other_storage_condt` attribute to provide additional detail.
storage_condt,description,synthesized-material,The storage condition of the sample. This field is NOT multivalued. If selecting other add the `other_storage_condt` attribute to provide additional detail.
storage_condt,description,monet-soil,The storage condition of the sample. This field is NOT multivalued. If selecting other add the `other_storage_condt` attribute to provide additional detail.
storage_condt,description,engineered-strain,The storage condition of the sample. This field is NOT multivalued. If selecting other add the `other_storage_condt` attribute to provide additional detail.
storage_condt,description,plant,The storage condition of the sample. This field is NOT multivalued. If selecting other add the `other_storage_condt` attribute to provide additional detail.
storage_condt,type,field-deployed-terraform,string
storage_condt,type,other-undescribed,string
storage_condt,type,soil,string
storage_condt,type,water,string
storage_condt,type,aerosol,string
storage_condt,type,aerosol-arm,string
storage_condt,type,pure-culture,string
storage_condt,type,culture-environmental,string
storage_condt,type,commercially-purchased,string
storage_condt,type,mixed-culture,string
storage_condt,type,sediment,string
storage_condt,type,terraform,string
storage_condt,type,synthesized-material,string
storage_condt,type,monet-soil,string
storage_condt,type,engineered-strain,string
storage_condt,type,plant,string
storage_condt,enum,field-deployed-terraform,freshfrozenlyophilizedother
storage_condt,enum,other-undescribed,freshfrozenlyophilizedother
storage_condt,enum,soil,freshfrozenlyophilizedother
storage_condt,enum,water,freshfrozenlyophilizedother
storage_condt,enum,aerosol,freshfrozenlyophilizedother
storage_condt,enum,aerosol-arm,freshfrozenlyophilizedother
storage_condt,enum,pure-culture,freshfrozenlyophilizedother
storage_condt,enum,culture-environmental,freshfrozenlyophilizedother
storage_condt,enum,commercially-purchased,freshfrozenlyophilizedother
storage_condt,enum,mixed-culture,freshfrozenlyophilizedother
storage_condt,enum,sediment,freshfrozenlyophilizedother
storage_condt,enum,terraform,freshfrozenlyophilizedother
storage_condt,enum,synthesized-material,freshfrozenlyophilizedother
storage_condt,enum,monet-soil,freshfrozenlyophilizedother
storage_condt,enum,engineered-strain,freshfrozenlyophilizedother
storage_condt,enum,plant,freshfrozenlyophilizedother
strain_description,title,engineered-strain,strain description
strain_description,description,engineered-strain,A brief description of the modifications that comprise this strain
strain_description,type,engineered-strain,string
strain_name,title,engineered-strain,strain name
strain_name,description,engineered-strain,Provide a unique name to identify transformed strain lines.
strain_name,type,engineered-strain,string
strain_source,title,engineered-strain,strain source
strain_source,description,engineered-strain,Indicate the source of the strain provided. If purchased provide the vendor and lot number if from another registered or known strain provide a reference.
strain_source,type,engineered-strain,string
subspecf_gen_lin,title,other-undescribed,subspecific genetic lineage
subspecf_gen_lin,title,pure-culture,subspecific genetuc lineage
subspecf_gen_lin,title,culture-environmental,subspecific genetic lineage
subspecf_gen_lin,title,mixed-culture,subspecific genetic lineage
subspecf_gen_lin,description,other-undescribed,Information about the genetic distinctness of the sequenced organism below the subspecies level e.g. serovar serotype biotype ecotype or any relevant genetic typing schemes like Group I plasmid. Subspecies should not be recorded in this term but in the NCBI taxonomy. Supply both the lineage name and the lineage rank separated by a colon e.g. biovar:abc123.
subspecf_gen_lin,description,pure-culture,Information about the genetic distinctness of the sequenced organism below the subspecies level e.g. serovar serotype biotype ecotype or any relevant genetic typing schemes like Group I plasmid. Supply both the lineage name and the lineage rank separated by a colon e.g. biovar:abc123
subspecf_gen_lin,description,culture-environmental,Information about the genetic distinctness of the sequenced organism below the subspecies level e.g. serovar serotype biotype ecotype or any relevant genetic typing schemes like Group I plasmid. Supply both the lineage name and the lineage rank separated by a colon e.g. biovar:abc123
subspecf_gen_lin,description,mixed-culture,Information about the genetic distinctness of the sequenced organism below the subspecies level e.g. serovar serotype biotype ecotype or any relevant genetic typing schemes like Group I plasmid. Subspecies should not be recorded in this term but in the NCBI taxonomy. Supply both the lineage name and the lineage rank separated by a colon e.g. biovar:abc123.
subspecf_gen_lin,type,other-undescribed,string
subspecf_gen_lin,type,pure-culture,string
subspecf_gen_lin,type,culture-environmental,string
subspecf_gen_lin,type,mixed-culture,string
sulfate,title,other-undescribed,sulfate
sulfate,title,water,sulfate
sulfate,title,sediment,sulfate concentration
sulfate,description,other-undescribed,Concentration of sulfate in the sample
sulfate,description,water,Concentration of sulfate in the sample. (Unit: umol/L or mg/L or ppm)
sulfate,description,sediment,Concentration of sulfate in the sample. (Unit: umol/L or mg/L or ppm)
sulfate,type,other-undescribed,string
sulfate,type,water,string
sulfate,type,sediment,string
sulfide,title,other-undescribed,sulfide
sulfide,title,water,sulfide
sulfide,title,sediment,sulfide concentration
sulfide,description,other-undescribed,Concentration of sulfide in the sample
sulfide,description,water,Concentration of sulfide in the sample. (Unit: umol/L or mg/L or ppm)
sulfide,description,sediment,Concentration of sulfide in the sample. (Unit: umol/L or mg/L or ppm)
sulfide,type,other-undescribed,string
sulfide,type,water,string
sulfide,type,sediment,string
suspend_part_matter,title,other-undescribed,suspended particulate metter
suspend_part_matter,title,water,suspended particulate matter
suspend_part_matter,description,other-undescribed,Concentration of suspended particulate matter
suspend_part_matter,description,water,Concentration of suspended particulate matter. (Unit: mg/L)
suspend_part_matter,type,other-undescribed,string
suspend_part_matter,type,water,string
suspend_solids,title,other-undescribed,suspended solids
suspend_solids,description,other-undescribed,concentration of substances including a wide variety of material such as silt decaying plant and animal matter etc; can include multiple substances
suspend_solids,type,other-undescribed,string
synth_env_assembly,title,field-deployed-terraform,synthetic environment assembly
synth_env_assembly,title,terraform,synthetic environment assembly
synth_env_assembly,description,field-deployed-terraform,Describes how the synthetic environments parts are contained and assembled
synth_env_assembly,description,terraform,Describes how the synthetic environments parts are contained and assembled
synth_env_assembly,type,field-deployed-terraform,string
synth_env_assembly,type,terraform,string
synth_env_design,title,field-deployed-terraform,synthetic environment design
synth_env_design,title,terraform,synthetic environment design
synth_env_design,description,field-deployed-terraform,The design of the synthetic environment that was created for experimentation
synth_env_design,description,terraform,The design of the synthetic environment that was created for experimentation
synth_env_design,type,field-deployed-terraform,string
synth_env_design,type,terraform,string
synth_env_design,enum,field-deployed-terraform,Pore-scale micromodelsRhizoChipSubTap microbial and rhizosphere platforms3-D Bioprinted Synthetic Soil AggregatesPore2Chip
synth_env_design,enum,terraform,Pore-scale micromodelsRhizoChipSubTap microbial and rhizosphere platforms3-D Bioprinted Synthetic Soil AggregatesPore2Chip
synth_env_design_method,title,field-deployed-terraform,synthetic environment design method
synth_env_design_method,title,terraform,synthetic environment design method
synth_env_design_method,description,field-deployed-terraform,A citation for how the synthetic environment was designed
synth_env_design_method,description,terraform,A citation for how the synthetic environment was designed
synth_env_design_method,type,field-deployed-terraform,string
synth_env_design_method,type,terraform,string
synth_env_material,title,field-deployed-terraform,synthetic environment material
synth_env_material,title,terraform,synthetic environment material
synth_env_material,description,field-deployed-terraform,Describes the fabrication material used to create the synthetic environment and what the structure is made of
synth_env_material,description,terraform,Describes the fabrication material used to create the synthetic environment and what the structure is made of
synth_env_material,type,field-deployed-terraform,string
synth_env_material,type,terraform,string
synth_env_treatment,title,field-deployed-terraform,synthetic environment treatment
synth_env_treatment,title,terraform,synthetic environment treatment
synth_env_treatment,description,field-deployed-terraform,Describes any treatments that are built into the synthetic environment
synth_env_treatment,description,terraform,Describes any treatments that are built into the synthetic environment
synth_env_treatment,type,field-deployed-terraform,string
synth_env_treatment,type,terraform,string
synth_instrument,title,other-undescribed,synthesizing instrument
synth_instrument,title,synthesized-material,synthesizing instrument
synth_instrument,description,other-undescribed,The instrumentation used to synthesize the material sample.
synth_instrument,description,synthesized-material,The instrumentation used to synthesize the material sample.
synth_instrument,type,other-undescribed,string
synth_instrument,type,synthesized-material,string
synth_process,title,other-undescribed,synthesis process
synth_process,title,synthesized-material,synthesis process
synth_process,description,other-undescribed,Provide the citation or describe the method of synthesis.
synth_process,description,synthesized-material,Provide the citation or describe the method of synthesis.
synth_process,type,other-undescribed,string
synth_process,type,synthesized-material,string
synth_reagents,title,other-undescribed,synthesis reagents
synth_reagents,title,synthesized-material,synthesis reagents
synth_reagents,description,other-undescribed,The reagents used in the material synthesis
synth_reagents,description,synthesized-material,The reagents used in the material synthesis
synth_reagents,type,other-undescribed,string
synth_reagents,type,synthesized-material,string
synth_start_date,title,field-deployed-terraform,synthetic environment start date
synth_start_date,title,terraform,synthetic environment start date
synth_start_date,description,field-deployed-terraform,Provide the date the sample was transferred to the synthetic environment. Formatted as YYYY-MM-DD
synth_start_date,description,terraform,Provide the date the sample was transferred to the synthetic environment. Formatted as YYYY-MM-DD
synth_start_date,type,field-deployed-terraform,string
synth_start_date,type,terraform,string
technical_reps,title,field-deployed-terraform,technical replicates
technical_reps,title,other-undescribed,technical replicates
technical_reps,title,soil,technical replicates
technical_reps,title,water,technical replicates
technical_reps,title,aerosol,technical replicates
technical_reps,title,aerosol-arm,technical replicates
technical_reps,title,pure-culture,technical replicates
technical_reps,title,culture-environmental,technical replicates
technical_reps,title,commercially-purchased,technical replicates
technical_reps,title,mixed-culture,technical replicates
technical_reps,title,sediment,technical replicates
technical_reps,title,terraform,technical replicates
technical_reps,title,synthesized-material,technical replicates
technical_reps,title,plant,technical replicates
technical_reps,description,field-deployed-terraform,If sending technical replicates of the same sample indicate the replicate number here.
technical_reps,description,other-undescribed,If sending technical replicates of the same sample indicate the replicate number here.
technical_reps,description,soil,If sending technical replicates of the same sample indicate the replicate number here.
technical_reps,description,water,If sending technical replicates of the same sample indicate the replicate number here.
technical_reps,description,aerosol,If sending technical replicates of the same sample indicate the replicate number here.
technical_reps,description,aerosol-arm,If sending technical replicates of the same sample indicate the replicate number here.
technical_reps,description,pure-culture,If sending technical replicates of the same sample indicate the replicate number here.
technical_reps,description,culture-environmental,If sending technical replicates of the same sample indicate the replicate number here.
technical_reps,description,commercially-purchased,If sending technical replicates of the same sample indicate the replicate number here.
technical_reps,description,mixed-culture,If sending technical replicates of the same sample indicate the replicate number here.
technical_reps,description,sediment,If sending technical replicates of the same sample indicate the replicate number here.
technical_reps,description,terraform,If sending technical replicates of the same sample indicate the replicate number here.
technical_reps,description,synthesized-material,If sending technical replicates of the same sample indicate the replicate number here.
technical_reps,description,plant,If sending technical replicates of the same sample indicate the replicate number here.
technical_reps,type,field-deployed-terraform,integer
technical_reps,type,other-undescribed,integer
technical_reps,type,soil,integer
technical_reps,type,water,integer
technical_reps,type,aerosol,integer
technical_reps,type,aerosol-arm,integer
technical_reps,type,pure-culture,integer
technical_reps,type,culture-environmental,integer
technical_reps,type,commercially-purchased,integer
technical_reps,type,mixed-culture,integer
technical_reps,type,sediment,integer
technical_reps,type,terraform,integer
technical_reps,type,synthesized-material,integer
technical_reps,type,plant,integer
temp,title,field-deployed-terraform,temperature
temp,title,other-undescribed,temperate
temp,title,soil,temperature
temp,title,water,temperature
temp,title,commercially-purchased,temperature
temp,title,sediment,temperature
temp,title,terraform,temperature
temp,title,synthesized-material,temperature
temp,title,monet-soil,temperature
temp,title,plant,temperature
temp,description,field-deployed-terraform,Temperature of the sample at the time of sampling. (Units: C)
temp,description,other-undescribed,Temperature of the sample at the time of sampling (Units: C)
temp,description,soil,Temperature of the sample at the time of sampling. (Units: C)
temp,description,water,Temperature of the sample at the time of sampling. (Units: C)
temp,description,commercially-purchased,Temperature of the sample at the time of sampling. (Units: C)
temp,description,sediment,Temperature of the sample at the time of sampling. (Units: C)
temp,description,terraform,Temperature of the sample at the time of sampling. (Units: C)
temp,description,synthesized-material,Temperature of the sample at the time of sampling. (Units: C)
temp,description,monet-soil,Temperature of the sample at the time of sampling. If measurement was started and unsuccessful enter 'failed' if measurement was not attempted enter 'did not collect'. (Units: C)
temp,description,plant,Temperature of the sample at the time of sampling. (Units: C)
temp,type,field-deployed-terraform,string
temp,type,other-undescribed,string
temp,type,soil,string
temp,type,water,string
temp,type,commercially-purchased,string
temp,type,sediment,string
temp,type,terraform,string
temp,type,synthesized-material,string
temp,type,monet-soil,string
temp,type,plant,string
temperature_exposure,title,other-undescribed,temperature exposure
temperature_exposure,title,aerosol,temperature exposure
temperature_exposure,description,other-undescribed,The range of temperatures at which it is safe to store a label that has been applied to a substrate. Provided by iMet
temperature_exposure,description,aerosol,The range of temperatures at which it is safe to store a label that has been applied to a substrate. Provided by iMet
temperature_exposure,type,other-undescribed,string
temperature_exposure,type,aerosol,string
tertiary_treatment,title,other-undescribed,tertiary treatment
tertiary_treatment,description,other-undescribed,the process providing a final treatment stage to raise the effluent quality before it is discharged to the receiving environment
tertiary_treatment,type,other-undescribed,string
texture_meth,title,soil,texture method
texture_meth,description,soil,Reference or method used in determining soil texture
texture_meth,type,soil,string
third_blh,title,aerosol-arm,third boundary layer height
third_blh,description,aerosol-arm,Third boundary layer height candidate (meters) (Unit: m)
third_blh,type,aerosol-arm,number
third_blh_quality,title,aerosol-arm,third boundary layer height quality
third_blh_quality,description,aerosol-arm,Quality index for third boundary layer height candidate (-999 if no candidate)
third_blh_quality,type,aerosol-arm,string
tidal_stage,title,other-undescribed,tidal stage
tidal_stage,title,water,tidal stage
tidal_stage,title,sediment,tidal stage
tidal_stage,description,other-undescribed,Stage of tide
tidal_stage,description,water,Stage of tide
tidal_stage,description,sediment,Stage of tide
tidal_stage,type,other-undescribed,string
tidal_stage,type,water,string
tidal_stage,type,sediment,string
tidal_stage,enum,water,low_tidehigh_tideebb_tideflood_tide
tidal_stage,enum,sediment,low_tidehigh_tideebb_tideflood_tide
tillage,title,other-undescribed,tillage
tillage,title,soil,tillage
tillage,title,monet-soil,tillage
tillage,description,other-undescribed,Note method(s) used for tilling
tillage,description,soil,Note method used for tilling
tillage,description,monet-soil,Note method(s) used for tilling
tillage,type,other-undescribed,string
tillage,type,soil,string
tillage,type,monet-soil,string
tillage,enum,soil,chiselcutting discdisc ploughdrillmouldboardridge tillstrip tillagetinedzonal tillage
tillage,enum,monet-soil,chiselcutting discdisc ploughdrillmouldboardridge tillstrip tillagetinedzonal tillage
tiss_cult_growth_med,title,field-deployed-terraform,tissue culture growth media
tiss_cult_growth_med,title,other-undescribed,tissue culture growth medium
tiss_cult_growth_med,title,terraform,tissue culture growth media
tiss_cult_growth_med,description,field-deployed-terraform,Description of plant tissue culture growth media used
tiss_cult_growth_med,description,other-undescribed,Description of plant tissue culture growth media used
tiss_cult_growth_med,description,terraform,Description of plant tissue culture growth media used
tiss_cult_growth_med,type,field-deployed-terraform,string
tiss_cult_growth_med,type,other-undescribed,string
tiss_cult_growth_med,type,terraform,string
tot_carb,title,other-undescribed,total carbon
tot_carb,title,sediment,total carbon content
tot_carb,description,other-undescribed,Total carbon content
tot_carb,description,sediment,Total carbon content. Provide value and unit any unit is valid
tot_carb,type,other-undescribed,string
tot_carb,type,sediment,string
tot_depth_water_col,title,other-undescribed,total depth of water column
tot_depth_water_col,title,water,total depth of water column
tot_depth_water_col,title,sediment,total water column depth
tot_depth_water_col,description,other-undescribed,Measurement of total depth of water column
tot_depth_water_col,description,water,Measurement of total depth of water column (Unit: m)
tot_depth_water_col,description,sediment,Measurement of total depth of water column (Unit: m)
tot_depth_water_col,type,other-undescribed,string
tot_depth_water_col,type,water,string
tot_depth_water_col,type,sediment,string
tot_diss_nitro,title,other-undescribed,total dissolved nitrogen
tot_diss_nitro,title,water,total dissolved nitrogen
tot_diss_nitro,description,other-undescribed,Total dissolved nitrogen concentration reported as nitrogen measured by: total dissolved nitrogen = NH4 + NO3NO2 + dissolved organic nitrogen
tot_diss_nitro,description,water,Total dissolved nitrogen concentration reported as nitrogen measured by: total dissolved nitrogen = NH4 + NO3NO2 + dissolved organic nitrogen. (Unit: ug/L)
tot_diss_nitro,type,other-undescribed,string
tot_diss_nitro,type,water,string
tot_inorg_nitro,title,other-undescribed,total inorganic nitrogen
tot_inorg_nitro,title,water,total inorganic nitrogen
tot_inorg_nitro,description,other-undescribed,Total inorganic nitrogen content
tot_inorg_nitro,description,water,Total inorganic nitrogen content. (Unit: ug/L)
tot_inorg_nitro,type,other-undescribed,string
tot_inorg_nitro,type,water,string
tot_nitro,title,other-undescribed,total nitrogen
tot_nitro,title,water,total nitrogen
tot_nitro,description,other-undescribed,Total nitrogen concentration of water samples calculated by: total nitrogen = total dissolved nitrogen + particulate nitrogen. Can also be measured without filtering reported as nitrogen
tot_nitro,description,water,Total nitrogen concentration of water samples calculated by: total nitrogen = total dissolved nitrogen + particulate nitrogen. Can also be measured without filtering reported as nitrogen. (Unit: ug/L or umol/L or mg/L)
tot_nitro,type,other-undescribed,string
tot_nitro,type,water,string
tot_nitro_cont_meth,title,other-undescribed,total nitrogen content method
tot_nitro_cont_meth,title,soil,total nitrogen content method
tot_nitro_cont_meth,title,sediment,total nitrogen content method
tot_nitro_cont_meth,description,other-undescribed,Reference or method used in determining the total nitrogen
tot_nitro_cont_meth,description,soil,Reference or method used in determining the total nitrogen
tot_nitro_cont_meth,description,sediment,Reference or method used in determining the total nitrogen
tot_nitro_cont_meth,type,other-undescribed,string
tot_nitro_cont_meth,type,soil,string
tot_nitro_cont_meth,type,sediment,string
tot_nitro_content,title,other-undescribed,total nitrogen content
tot_nitro_content,title,soil,total nitrogen content
tot_nitro_content,title,sediment,total nitrogen content
tot_nitro_content,description,other-undescribed,Total nitrogen content of the sample
tot_nitro_content,description,soil,Total nitrogen content of the sample. Provide value and unit any unit is valid
tot_nitro_content,description,sediment,Total nitrogen content of the sample. Provide value and unit any unit is valid
tot_nitro_content,type,other-undescribed,string
tot_nitro_content,type,soil,string
tot_nitro_content,type,sediment,string
tot_org_c_meth,title,other-undescribed,total organic carbon method
tot_org_c_meth,title,soil,total organic carbon method
tot_org_c_meth,title,sediment,total organic carbon method
tot_org_c_meth,description,other-undescribed,Reference or method used in determining total organic carbon
tot_org_c_meth,description,soil,Reference or method used in determining total organic carbon
tot_org_c_meth,description,sediment,Reference or method used in determining total organic carbon
tot_org_c_meth,type,other-undescribed,string
tot_org_c_meth,type,soil,string
tot_org_c_meth,type,sediment,string
tot_org_carb,title,other-undescribed,total organic carbon
tot_org_carb,title,soil,total organic carbon
tot_org_carb,title,sediment,total organic carbon
tot_org_carb,description,other-undescribed,Definition for soil: total organic carbon content of the soil definition otherwise: total organic carbon content
tot_org_carb,description,soil,Total organic carbon content. Provided as gram of Carbon per kg of your sample material. (Unit: g C/kg)
tot_org_carb,description,sediment,Total organic carbon content. Provided as gram of Carbon per kg of your sample material. (Unit: g C/kg)
tot_org_carb,type,other-undescribed,string
tot_org_carb,type,soil,string
tot_org_carb,type,sediment,string
tot_part_carb,title,other-undescribed,total particulate carbon
tot_part_carb,title,water,total particulate carbon
tot_part_carb,description,other-undescribed,Total particulate carbon content
tot_part_carb,description,water,Total particulate carbon content. (Unit: ug/L or umol/L)
tot_part_carb,type,other-undescribed,string
tot_part_carb,type,water,string
tot_phosp,title,other-undescribed,total phosphate
tot_phosp,title,water,total phosphorus
tot_phosp,description,other-undescribed,Total phosphorus concentration in the sample calculated by: total phosphorus = total dissolved phosphorus + particulate phosphorus
tot_phosp,description,water,Total phosphorus concentration in the sample calculated by: total phosphorus = total dissolved phosphorus + particulate phosphorus. (Unit: ug/L or umol/L)
tot_phosp,type,other-undescribed,string
tot_phosp,type,water,string
tot_phosphate,title,other-undescribed,total phosphate
tot_phosphate,description,other-undescribed,total amount or concentration of phosphate
tot_phosphate,type,other-undescribed,string
trait,title,engineered-strain,trait
trait,description,engineered-strain,Select the general type of intended trait
trait,type,engineered-strain,string
trait,enum,engineered-strain,OtherProduct QualityAgronomic PropertiesBacterial ResistanceHerbicide ResistanceInsect ResistanceMarker GeneNematode ResistanceVirus Resistance
trophic_level,title,other-undescribed,trophic level
trophic_level,title,pure-culture,trophic level
trophic_level,title,culture-environmental,trophic level
trophic_level,title,mixed-culture,trophic level
trophic_level,description,other-undescribed,Trophic levels are the feeding position in a food chain. Microbes can be a range of producers (e.g. chemolithotroph)
trophic_level,description,pure-culture,Trophic levels are the feeding position in a food chain. Microbes can be a range of producers.
trophic_level,description,culture-environmental,Trophic levels are the feeding position in a food chain. Microbes can be a range of producers.
trophic_level,description,mixed-culture,Trophic levels are the feeding position in a food chain. Microbes can be a range of producers (e.g. chemolithotroph)
trophic_level,type,other-undescribed,string
trophic_level,type,pure-culture,string
trophic_level,type,culture-environmental,string
trophic_level,type,mixed-culture,string
trophic_level,enum,pure-culture,autotrophcarboxydotrophchemoautolithotrophchemoautotrophchemoheterotrophchemolithoautotrophchemolithotrophchemoorganoheterotrophchemoorganotrophchemosyntheticchemotrophcopiotrophdiazotrophfacultativeheterotrophlithoautotrophlithoheterotrophlithotrophmethanotrophmethylotrophmixotrophobligateoligotrophorganoheterotrophorganotrophphotoautotrophphotoheterotrophphotolithoautotrophphotolithotrophphotosyntheticphototroph
turbidity,title,other-undescribed,turbitidy
turbidity,title,water,turbidity
turbidity,title,sediment,turbidity
turbidity,description,other-undescribed,Measure of the amount of cloudiness or haziness in water caused by individual particles
turbidity,description,water,Measure of the amount of cloudiness or haziness in water caused by individual particles. Provide value and unit any unit is valid.
turbidity,description,sediment,Measure of the amount of cloudiness or haziness in water caused by individual particles. Provide value and unit any unit is valid.
turbidity,type,other-undescribed,string
turbidity,type,water,string
turbidity,type,sediment,string
volatile_org_comp,title,other-undescribed,volatile organic compounds
volatile_org_comp,title,aerosol,volatile organic compounds
volatile_org_comp,title,aerosol-arm,volatile organic compounds
volatile_org_comp,description,other-undescribed,Volatile organic compounds are organic chemicals that have a high vapour pressure at room temperature.
volatile_org_comp,description,aerosol,Volatile organic compounds are organic chemicals that have a high vapour pressure at room temperature.
volatile_org_comp,description,aerosol-arm,Volatile organic compounds are organic chemicals that have a high vapour pressure at room temperature.
volatile_org_comp,type,other-undescribed,string
volatile_org_comp,type,aerosol,string
volatile_org_comp,type,aerosol-arm,string
wastewater_type,title,other-undescribed,wasterwater type
wastewater_type,description,other-undescribed,the origin of wastewater such as human waste rainfall storm drains etc.
wastewater_type,type,other-undescribed,string
water_content,title,field-deployed-terraform,water content
water_content,title,other-undescribed,water content
water_content,title,soil,water content
water_content,title,sediment,water content
water_content,title,terraform,water content
water_content,title,monet-soil,water content
water_content,description,field-deployed-terraform,Water content measurement. Provide value and unit any unit is valid
water_content,description,other-undescribed,Water content measurement
water_content,description,soil,Water content measurement. Provide value and unit any unit is valid
water_content,description,sediment,Water content measurement. Provide value and unit any unit is valid.
water_content,description,terraform,Water content measurement. Provide value and unit any unit is valid
water_content,description,monet-soil,Water content measurement. This will be a readout from the Teros ZSC bluetooth sensor and requires a unit of 'm3/m3'. If measurement was started and unsuccessful enter 'failed' if measurement was not attempted enter 'did not collect'.
water_content,type,field-deployed-terraform,string
water_content,type,other-undescribed,string
water_content,type,soil,string
water_content,type,sediment,string
water_content,type,terraform,string
water_content,type,monet-soil,string
water_content_meth,title,field-deployed-terraform,water content method
water_content_meth,title,soil,water content method
water_content_meth,title,sediment,water content method
water_content_meth,title,terraform,water content method
water_content_meth,title,monet-soil,water content method
water_content_meth,description,field-deployed-terraform,Reference or method used in determining the water content of soil
water_content_meth,description,soil,Reference or method used in determining the water content of soil
water_content_meth,description,sediment,Reference or method used in determining the water content of soil
water_content_meth,description,terraform,Reference or method used in determining the water content of soil
water_content_meth,description,monet-soil,Reference or method used in determining the water content of soil
water_content_meth,type,field-deployed-terraform,string
water_content_meth,type,soil,string
water_content_meth,type,sediment,string
water_content_meth,type,terraform,string
water_content_meth,type,monet-soil,string
water_current,title,other-undescribed,water current
water_current,title,water,water current
water_current,description,other-undescribed,Measurement of magnitude and direction of flow within a fluid
water_current,description,water,Measurement of magnitude and direction of flow within a fluid. Provide value and unit any unit is valid.
water_current,type,other-undescribed,string
water_current,type,water,string
water_temp_regm,title,other-undescribed,water temperature regimen
water_temp_regm,title,plant,water temperature regimen
water_temp_regm,description,other-undescribed,Information about treatment involving an exposure to water with varying degree of temperature treatment regimen including how many times the treatment was repeated how long each treatment lasted and the start and end time of the entire treatment; can include multiple regimens
water_temp_regm,description,plant,Information about treatment involving an exposure to water with varying degree of temperature treatment regimen including how many times the treatment was repeated how long each treatment lasted and the start and end time of the entire treatment; can include multiple regimens
water_temp_regm,type,other-undescribed,string
water_temp_regm,type,plant,string
watering_regm,title,field-deployed-terraform,watering regimen
watering_regm,title,other-undescribed,watering regimen
watering_regm,title,soil,watering regimen
watering_regm,title,pure-culture,watering regimen
watering_regm,title,culture-environmental,watering regimen
watering_regm,title,sediment,watering regimen
watering_regm,title,terraform,watering regimen
watering_regm,title,monet-soil,watering regimen
watering_regm,title,plant,watering regimen
watering_regm,description,field-deployed-terraform,Information about treatment involving an exposure to watering frequencies treatment regimen including how many times the treatment was repeated how long each treatment lasted and the start and end time of the entire treatment; can include multiple regimens
watering_regm,description,other-undescribed,Information about treatment involving an exposure to watering frequencies treatment regimen including how many times the treatment was repeated how long each treatment lasted and the start and end time of the entire treatment; can include multiple regimens
watering_regm,description,soil,Information about treatment involving an exposure to watering frequencies treatment regimen including how many times the treatment was repeated how long each treatment lasted and the start and end time of the entire treatment; can include multiple regimens
watering_regm,description,pure-culture,Information about treatment involving an exposure to watering frequencies treatment regimen including how many times the treatment was repeated how long each treatment lasted and the start and end time of the entire treatment; can include multiple regimens
watering_regm,description,culture-environmental,Information about treatment involving an exposure to watering frequencies treatment regimen including how many times the treatment was repeated how long each treatment lasted and the start and end time of the entire treatment; can include multiple regimens
watering_regm,description,sediment,Information about treatment involving an exposure to watering frequencies treatment regimen including how many times the treatment was repeated how long each treatment lasted and the start and end time of the entire treatment; can include multiple regimens
watering_regm,description,terraform,Information about treatment involving an exposure to watering frequencies treatment regimen including how many times the treatment was repeated how long each treatment lasted and the start and end time of the entire treatment; can include multiple regimens
watering_regm,description,monet-soil,Information about treatment involving an exposure to watering frequencies treatment regimen including how many times the treatment was repeated how long each treatment lasted and the start and end time of the entire treatment; can include multiple regimens
watering_regm,description,plant,Information about treatment involving an exposure to watering frequencies treatment regimen including how many times the treatment was repeated how long each treatment lasted and the start and end time of the entire treatment; can include multiple regimens
watering_regm,type,field-deployed-terraform,string
watering_regm,type,other-undescribed,string
watering_regm,type,soil,string
watering_regm,type,pure-culture,string
watering_regm,type,culture-environmental,string
watering_regm,type,sediment,string
watering_regm,type,terraform,string
watering_regm,type,monet-soil,string
watering_regm,type,plant,string
weather,title,soil,weather
weather,title,sediment,weather
weather,title,monet-soil,weather
weather,title,plant,weather
weather,description,soil,The state of the atmosphere at a given time and place with respect to variables such as temperature moisture wind velocity and barometric pressure.
weather,description,sediment,The state of the atmosphere at a given time and place with respect to variables such as temperature moisture wind velocity and barometric pressure.
weather,description,monet-soil,The state of the atmosphere at a given time and place with respect to variables such as temperature moisture wind velocity and barometric pressure.
weather,description,plant,The state of the atmosphere at a given time and place with respect to variables such as temperature moisture wind velocity and barometric pressure.
weather,type,soil,string
weather,type,sediment,string
weather,type,monet-soil,string
weather,type,plant,string
wind_direction,title,other-undescribed,wind direction
wind_direction,title,aerosol,wind direction
wind_direction,title,aerosol-arm,wind direction
wind_direction,description,other-undescribed,Direction of the wind on the day of sampling. Collected via anemometer.
wind_direction,description,aerosol,Direction of the wind on the day of sampling. Collected via anemometer. Provide cardinal direction.
wind_direction,description,aerosol-arm,Direction of the wind on the day of sampling. Collected via anemometer. Provide cardinal direction.
wind_direction,type,other-undescribed,string
wind_direction,type,aerosol,string
wind_direction,type,aerosol-arm,string
wind_direction,enum,aerosol,northnorth easteastsouth eastsouthsouth westwestnorth west
wind_direction,enum,aerosol-arm,northnorth easteastsouth eastsouthsouth westwestnorth west
wind_speed,title,other-undescribed,wind speed
wind_speed,title,aerosol,wind speed
wind_speed,title,aerosol-arm,wind speed
wind_speed,description,other-undescribed,Wind speed describes how fast the air is moving past a certain point during sampling time. Collected via anemometer
wind_speed,description,aerosol,Wind speed describes how fast the air is moving past a certain point during sampling time. Provide value and unit any unit is valid
wind_speed,description,aerosol-arm,Wind speed describes how fast the air is moving past a certain point during sampling time. Provide value and unit any unit is valid
wind_speed,type,other-undescribed,string
wind_speed,type,aerosol,string
wind_speed,type,aerosol-arm,string
within_17_oz,title,aerosol-arm,Within 17 Oz
within_17_oz,description,aerosol-arm,Indicate if samples were collected during the local afternoon time
within_17_oz,type,aerosol-arm,string
